year,muni_code,municipality,county,no_ufb,population,public_works_budget,solid_waste_budget
2016,0101,Absecon city,Atlantic,FALSE,8178,475000,617000
2016,0102,Atlantic City,Atlantic,TRUE,38204,NA,NA
2016,0103,Brigantine city,Atlantic,FALSE,8916,3410175,0
2016,0104,Buena borough,Atlantic,FALSE,4399,591150,0
2016,0105,Buena Vista township,Atlantic,FALSE,7341,1068000,205000
2016,0106,Corbin City city,Atlantic,FALSE,498,40888,45000
2016,0107,Egg Harbor City city,Atlantic,FALSE,4128,344690,401000
2016,0108,Egg Harbor township,Atlantic,FALSE,42922,3486426,1418533
2016,0109,Estell Manor city,Atlantic,FALSE,1711,95350,156000
2016,0110,Folsom borough,Atlantic,FALSE,1803,286001,62000
2016,0111,Galloway township,Atlantic,FALSE,36273,1697278,0
2016,0112,Hamilton township,Atlantic,FALSE,26140,3874000,0
2016,0113,Hammonton town,Atlantic,FALSE,14219,1397288.66,0
2016,0114,Linwood city,Atlantic,FALSE,6800,744312,432500
2016,0115,Longport borough,Atlantic,FALSE,864,340600,0
2016,0116,Margate City city,Atlantic,FALSE,6058,2897000,0
2016,0117,Mullica township,Atlantic,FALSE,5956,439200,140000
2016,0118,Northfield city,Atlantic,FALSE,8201,785001,715000
2016,0119,Pleasantville city,Atlantic,FALSE,20228,4065560,1411325
2016,0120,Port Republic city,Atlantic,FALSE,1073,211850,0
2016,0121,Somers Point city,Atlantic,FALSE,10399,1750200,270000
2016,0122,Ventnor City city,Atlantic,FALSE,10175,2549613,0
2016,0123,Weymouth township,Atlantic,FALSE,2731,239000,145000
2016,0201,Allendale borough,Bergen,FALSE,6773,1791006,0
2016,0202,Alpine borough,Bergen,FALSE,1848,459488,44235
2016,0203,Bergenfield borough,Bergen,FALSE,27322,3901900,1001047
2016,0204,Bogota borough,Bergen,FALSE,8399,887500,200000
2016,0205,Carlstadt borough,Bergen,FALSE,6175,2346500,210000
2016,0206,Cliffside Park borough,Bergen,FALSE,24544,2916800,825000
2016,0207,Closter borough,Bergen,FALSE,8602,1827350,239500
2016,0208,Cresskill borough,Bergen,FALSE,8656,3329600,262000
2016,0209,Demarest borough,Bergen,FALSE,4955,1534893,3000
2016,0210,Dumont borough,Bergen,FALSE,17650,3661354,0
2016,0211,Elmwood Park borough,Bergen,FALSE,20078,1769000,2701598
2016,0212,East Rutherford borough,Bergen,FALSE,9739,2352300,300000
2016,0213,Edgewater borough,Bergen,FALSE,11903,2194986,646765
2016,0214,Emerson borough,Bergen,FALSE,7582,1788088,258400
2016,0215,Englewood city,Bergen,FALSE,28116,6048100,900000
2016,0216,Englewood Cliffs borough,Bergen,FALSE,5346,1631450,0
2016,0217,Fair Lawn borough,Bergen,FALSE,33043,3992400,2066500
2016,0218,Fairview borough,Bergen,FALSE,14248,1778613,0
2016,0219,Fort Lee borough,Bergen,FALSE,37186,7305502,0
2016,0220,Franklin Lakes borough,Bergen,FALSE,10720,2325146,0
2016,0221,Garfield city,Bergen,FALSE,31503,3823813,1912350
2016,0222,Glen Rock borough,Bergen,FALSE,11792,3439662,250000
2016,0223,Hackensack city,Bergen,FALSE,44257,6448000,1500000
2016,0224,Harrington Park borough,Bergen,FALSE,4751,1009380,157175
2016,0225,Hasbrouck Heights borough,Bergen,FALSE,12087,NA,NA
2016,0226,Haworth borough,Bergen,FALSE,3414,1267458,464815
2016,0227,Hillsdale borough,Bergen,FALSE,10365,1765200,956450
2016,0228,Ho-Ho-Kus borough,Bergen,TRUE,4099,NA,NA
2016,0229,Leonia borough,Bergen,FALSE,9086,2099800,0
2016,0230,Little Ferry borough,Bergen,FALSE,10802,1649096,367000
2016,0231,Lodi borough,Bergen,FALSE,24432,2742500,600000
2016,0232,Lyndhurst township,Bergen,FALSE,21973,2136784.08,1250000
2016,0233,Mahwah township,Bergen,FALSE,26259,3078850,1572000
2016,0234,Maywood borough,Bergen,FALSE,9664,1437200,826400
2016,0235,Midland Park borough,Bergen,FALSE,7251,1177750,225000
2016,0236,Montvale borough,Bergen,FALSE,8408,148400,582000
2016,0237,Moonachie borough,Bergen,FALSE,2717,669860,87652
2016,0238,New Milford borough,Bergen,FALSE,16568,3457480,0
2016,0239,North Arlington borough,Bergen,FALSE,15680,2565693,465000
2016,0240,Northvale borough,Bergen,TRUE,4866,NA,NA
2016,0241,Norwood borough,Bergen,FALSE,5803,1086715,580000
2016,0242,Oakland borough,Bergen,FALSE,12975,1467350,1060000
2016,0243,Old Tappan borough,Bergen,FALSE,5925,635633,5400
2016,0244,Oradell borough,Bergen,FALSE,8122,2206292.69,215000
2016,0245,Palisades Park borough,Bergen,FALSE,20485,989959.03,1152150
2016,0246,Paramus borough,Bergen,FALSE,26585,6809930,975000
2016,0247,Park Ridge borough,Bergen,FALSE,8798,1728073,231000
2016,0248,Ramsey borough,Bergen,FALSE,14940,3814675.9,625000
2016,0249,Ridgefield borough,Bergen,FALSE,11236,2412786,15000
2016,0250,Ridgefield Park village,Bergen,FALSE,12904,3327928,0
2016,0251,Ridgewood village,Bergen,FALSE,25232,3384015,2245264
2016,0252,River Edge borough,Bergen,FALSE,11509,2187927,262000
2016,0253,River Vale township,Bergen,FALSE,10027,1837723,0
2016,0254,Rochelle Park township,Bergen,FALSE,5599,590000,150000
2016,0255,Rockleigh borough,Bergen,FALSE,530,93756,1000
2016,0256,Rutherford borough,Bergen,FALSE,18417,3318400,615000
2016,0257,Saddle Brook township,Bergen,FALSE,13902,1283250,830000
2016,0258,Saddle River borough,Bergen,FALSE,3202,1337062,150000
2016,0259,South Hackensack township,Bergen,FALSE,2429,854000,100000
2016,0260,Teaneck township,Bergen,FALSE,40525,7017021.32,0
2016,0261,Tenafly borough,Bergen,FALSE,14684,4490421,428000
2016,0262,Teterboro borough,Bergen,FALSE,68,536000,0
2016,0263,Upper Saddle River borough,Bergen,FALSE,8226,1107512,480000
2016,0264,Waldwick borough,Bergen,FALSE,9882,1665078,347500
2016,0265,Wallington borough,Bergen,FALSE,11550,865181,11800
2016,0266,Washington township,Bergen,FALSE,9253,1339016,85000
2016,0267,Westwood borough,Bergen,TRUE,11102,NA,NA
2016,0268,Woodcliff Lake borough,Bergen,FALSE,5820,1374750,189000
2016,0269,Wood-Ridge borough,Bergen,FALSE,8498,2072800,0
2016,0270,Wyckoff township,Bergen,FALSE,17033,2605236,460000
2016,0301,Bass River township,Burlington,FALSE,1432,237244,4524
2016,0302,Beverly city,Burlington,FALSE,2495,206725,92500
2016,0303,Bordentown city,Burlington,FALSE,3830,589420,190000
2016,0304,Bordentown township,Burlington,FALSE,12163,1043635,482700
2016,0305,Burlington city,Burlington,FALSE,9818,1231060.7,379000
2016,0306,Burlington township,Burlington,FALSE,22620,3439304,0
2016,0307,Chesterfield township,Burlington,FALSE,7440,376450,0
2016,0308,Cinnaminson township,Burlington,FALSE,16445,2539031,25000
2016,0309,Delanco township,Burlington,FALSE,4466,604102,187401.96
2016,0310,Delran township,Burlington,FALSE,16565,1383228,1295000
2016,0311,Eastampton township,Burlington,FALSE,5933,241211,139147.85
2016,0312,Edgewater Park township,Burlington,FALSE,8708,870806.6,211500
2016,0313,Evesham township,Burlington,FALSE,45095,4222111,2365302
2016,0314,Fieldsboro borough,Burlington,FALSE,530,47744.51,46500
2016,0315,Florence township,Burlington,FALSE,12594,1623992,61400
2016,0316,Hainesport township,Burlington,FALSE,6040,634950,229700
2016,0317,Lumberton township,Burlington,FALSE,12253,1002090,0
2016,0318,Mansfield township,Burlington,FALSE,8553,568540.65,240000
2016,0319,Maple Shade township,Burlington,FALSE,18741,1510050,1070000
2016,0320,Medford township,Burlington,FALSE,23299,2185919,31000
2016,0321,Medford Lakes borough,Burlington,FALSE,4040,540400,145000
2016,0322,Moorestown township,Burlington,FALSE,20449,2839083,703000
2016,0323,Mount Holly township,Burlington,FALSE,9579,832178,330000
2016,0324,Mount Laurel township,Burlington,FALSE,41518,4403928,1600000
2016,0325,New Hanover township,Burlington,FALSE,7194,138750,60000
2016,0326,North Hanover township,Burlington,TRUE,7540,NA,NA
2016,0327,Palmyra borough,Burlington,FALSE,7199,901027,250000
2016,0328,Pemberton borough,Burlington,FALSE,1358,80500,45000
2016,0329,Pemberton township,Burlington,FALSE,27239,2832075,860000
2016,0330,Riverside township,Burlington,FALSE,7879,582717,285000
2016,0331,Riverton borough,Burlington,FALSE,2705,487814,91000
2016,0332,Shamong township,Burlington,FALSE,6412,958913.68,0
2016,0333,Southampton township,Burlington,FALSE,10178,1160647,363143
2016,0334,Springfield township,Burlington,FALSE,3300,305700,108000
2016,0335,Tabernacle township,Burlington,FALSE,6852,1243342,15000
2016,0336,Washington township,Burlington,FALSE,692,98350,79500
2016,0337,Westampton township,Burlington,FALSE,8724,980952,282500
2016,0338,Willingboro township,Burlington,FALSE,31540,3879611.97,1088000
2016,0339,Woodland township,Burlington,FALSE,1771,128885,0
2016,0340,Wrightstown borough,Burlington,FALSE,783,131330,40000
2016,0401,Audubon borough,Camden,FALSE,8675,1248303,0
2016,0402,Audubon Park borough,Camden,FALSE,1005,64000,0
2016,0403,Barrington borough,Camden,FALSE,6750,685425,451215
2016,0404,Bellmawr borough,Camden,FALSE,11427,2377000,0
2016,0405,Berlin borough,Camden,FALSE,7559,763155,262200
2016,0406,Berlin township,Camden,FALSE,5491,967100,207500
2016,0407,Brooklawn borough,Camden,FALSE,1905,307100,61000
2016,0408,Camden city,Camden,FALSE,73818,3559998,7454258
2016,0409,Cherry Hill township,Camden,TRUE,70976,NA,NA
2016,0410,Chesilhurst borough,Camden,FALSE,1621,338301,48000
2016,0411,Clementon borough,Camden,FALSE,4902,340800,130000
2016,0412,Collingswood borough,Camden,FALSE,13927,971500,337500
2016,0413,Gibbsboro borough,Camden,FALSE,2234,483000,0
2016,0414,Gloucester City city,Camden,FALSE,11259,1223734,836500
2016,0415,Gloucester township,Camden,FALSE,63596,8676601,1585000
2016,0416,Haddon township,Camden,FALSE,14563,1758575,410000
2016,0417,Haddonfield borough,Camden,FALSE,11377,2031875,330000
2016,0418,Haddon Heights borough,Camden,FALSE,7502,743275,547800
2016,0419,Hi-Nella borough,Camden,TRUE,861,NA,NA
2016,0420,Laurel Springs borough,Camden,FALSE,1870,154600,65600
2016,0421,Lawnside borough,Camden,TRUE,2902,NA,NA
2016,0422,Lindenwold borough,Camden,FALSE,17360,1490569,566700
2016,0423,Magnolia borough,Camden,FALSE,4285,331900,148106.86
2016,0424,Merchantville borough,Camden,FALSE,3716,427470,122595
2016,0425,Mount Ephraim borough,Camden,FALSE,4603,NA,NA
2016,0426,Oaklyn borough,Camden,FALSE,3969,606552.51,133747.52
2016,0427,Pennsauken township,Camden,FALSE,35694,1254530,0
2016,0428,Pine Hill borough,Camden,FALSE,10451,1177167,430000
2016,0429,Pine Valley borough,Camden,FALSE,11,9726,0
2016,0430,Runnemede borough,Camden,FALSE,8330,809436,240000
2016,0431,Somerdale borough,Camden,FALSE,5459,492890,150000
2016,0432,Stratford borough,Camden,TRUE,6977,NA,NA
2016,0433,Tavistock borough,Camden,TRUE,5,NA,NA
2016,0434,Voorhees township,Camden,FALSE,29227,3077500,675000
2016,0435,Waterford township,Camden,FALSE,10708,1544385,256000
2016,0436,Winslow township,Camden,FALSE,39062,1884070,2951000
2016,0437,Woodlynne borough,Camden,FALSE,2925,334636.01,81000
2016,0501,Avalon borough,Cape May,FALSE,1268,2923122.56,238000
2016,0502,Cape May city,Cape May,FALSE,3491,2043820,0
2016,0503,Cape May Point borough,Cape May,FALSE,279,172900,0
2016,0504,Dennis township,Cape May,FALSE,6228,739808,200000
2016,0505,Lower township,Cape May,FALSE,21827,3072245,730000
2016,0506,Middle township,Cape May,FALSE,18456,2035150,0
2016,0507,North Wildwood city,Cape May,FALSE,3846,2922399.68,340000
2016,0508,Ocean City city,Cape May,FALSE,11245,4878200,2651827
2016,0509,Sea Isle City city,Cape May,FALSE,2069,2678690,321300
2016,0510,Stone Harbor borough,Cape May,FALSE,827,2020293.8,0
2016,0511,Upper township,Cape May,FALSE,11877,3340780,0
2016,0512,West Cape May borough,Cape May,FALSE,1001,261500,49500
2016,0513,West Wildwood borough,Cape May,FALSE,565,246400.87,41000
2016,0514,Wildwood city,Cape May,FALSE,5079,2496340,901400
2016,0515,Wildwood Crest borough,Cape May,FALSE,3124,4395050,761000
2016,0516,Woodbine borough,Cape May,FALSE,2473,56000,143100
2016,0601,Bridgeton city,Cumberland,FALSE,24838,1275188,0
2016,0602,Commercial township,Cumberland,FALSE,5015,683660,168000
2016,0603,Deerfield township,Cumberland,FALSE,3066,131800,8150
2016,0604,Downe township,Cumberland,FALSE,1514,305200,0
2016,0605,Fairfield township,Cumberland,FALSE,6175,238500,110400
2016,0606,Greenwich township,Cumberland,FALSE,771,45645,45000
2016,0607,Hopewell township,Cumberland,TRUE,4427,NA,NA
2016,0608,Lawrence township,Cumberland,FALSE,3181,237236,132033.52
2016,0609,Maurice River township,Cumberland,FALSE,6688,717885,130000
2016,0610,Millville city,Cumberland,FALSE,27902,2521639,668800
2016,0611,Shiloh borough,Cumberland,FALSE,497,40750,29000
2016,0612,Stow Creek township,Cumberland,TRUE,1408,NA,NA
2016,0613,Upper Deerfield township,Cumberland,FALSE,7439,695000,165000
2016,0614,Vineland city,Cumberland,FALSE,60312,3359448,0
2016,0701,Belleville township,Essex,FALSE,35980,3400059,2709000
2016,0702,Bloomfield township,Essex,FALSE,48220,3658450,3205000
2016,0703,Caldwell borough,Essex,FALSE,7976,1188734,0
2016,0704,Cedar Grove township,Essex,FALSE,12536,859029,0
2016,0705,East Orange city,Essex,FALSE,64426,14208346,0
2016,0706,Essex Fells borough,Essex,FALSE,2109,541638,309380
2016,0707,Fairfield township,Essex,FALSE,7502,1097000,850000
2016,0708,Glen Ridge borough,Essex,FALSE,7584,778040,910000
2016,0709,Irvington township,Essex,FALSE,54011,3900087.82,7710536.35
2016,0710,Livingston township,Essex,FALSE,29626,2905513,2542000
2016,0711,Maplewood township,Essex,FALSE,24455,3153348,32500
2016,0712,Millburn township,Essex,FALSE,20188,6077290,0
2016,0713,Montclair township,Essex,FALSE,38480,4959824,2132688
2016,0714,Newark city,Essex,TRUE,280681,NA,NA
2016,0715,North Caldwell borough,Essex,FALSE,6628,691109,650765.62
2016,0716,Nutley township,Essex,FALSE,28511,5090093,71000
2016,0717,City of Orange township,Essex,FALSE,30447,2966500,2237115
2016,0718,Roseland borough,Essex,FALSE,5850,1594021.75,0
2016,0719,South Orange Village township,Essex,FALSE,16216,2634065.03,0
2016,0720,Verona township,Essex,FALSE,13439,2517890,1296841.5
2016,0721,West Caldwell township,Essex,FALSE,10872,1360900,511000
2016,0722,West Orange township,Essex,FALSE,46952,8057259.07,0
2016,0801,Clayton borough,Gloucester,FALSE,8568,996300,311500
2016,0802,Deptford township,Gloucester,FALSE,30459,3594750.02,1005000
2016,0803,East Greenwich township,Gloucester,FALSE,10347,767900,10000
2016,0804,Elk township,Gloucester,FALSE,4098,445900,155000
2016,0805,Franklin township,Gloucester,TRUE,16472,NA,NA
2016,0806,Glassboro borough,Gloucester,FALSE,19739,3581065,505096
2016,0807,Greenwich township,Gloucester,FALSE,4827,1628250,195000
2016,0808,Harrison township,Gloucester,FALSE,12911,1107698,0
2016,0809,Logan township,Gloucester,FALSE,5934,749000,200000
2016,0810,Mantua township,Gloucester,FALSE,14990,1556787,520000
2016,0811,Monroe township,Gloucester,FALSE,36650,3945400,1295000
2016,0812,National Park borough,Gloucester,FALSE,2972,417250,138000
2016,0813,Newfield borough,Gloucester,FALSE,1558,171651.01,0
2016,0814,Paulsboro borough,Gloucester,FALSE,5927,1014000,302600
2016,0815,Pitman borough,Gloucester,TRUE,8818,NA,NA
2016,0816,South Harrison township,Gloucester,FALSE,3154,334875,121000
2016,0817,Swedesboro borough,Gloucester,FALSE,2589,376350,0
2016,0818,Washington township,Gloucester,FALSE,47922,6603750,2080000
2016,0819,Wenonah borough,Gloucester,FALSE,2235,190271.19,74000
2016,0820,West Deptford township,Gloucester,FALSE,21224,2678607.4,1104000
2016,0821,Westville borough,Gloucester,TRUE,4187,NA,NA
2016,0822,Woodbury city,Gloucester,FALSE,9897,1877500,0
2016,0823,Woodbury Heights borough,Gloucester,FALSE,2991,459000,131000
2016,0824,Woolwich township,Gloucester,FALSE,12292,970814,373851
2016,0901,Bayonne city,Hudson,FALSE,65315,8006247,6200000
2016,0902,East Newark borough,Hudson,FALSE,2667,129700,215500
2016,0903,Guttenberg town,Hudson,FALSE,11437,905000,875000
2016,0904,Harrison town,Hudson,FALSE,16039,3446050,0
2016,0905,Hoboken city,Hudson,FALSE,53649,2897553,5268938
2016,0906,Jersey City city,Hudson,FALSE,260427,18925142,15479400
2016,0907,Kearny town,Hudson,FALSE,41588,3838000,7784706
2016,0908,North Bergen township,Hudson,FALSE,62026,4769420,0
2016,0909,Secaucus town,Hudson,FALSE,19558,11946318,0
2016,0910,Union City city,Hudson,FALSE,68365,12215000,0
2016,0911,Weehawken township,Hudson,FALSE,14921,1580478,0
2016,0912,West New York town,Hudson,FALSE,52596,6698757,453750
2016,1001,Alexandria township,Hunterdon,FALSE,4792,612500,0
2016,1002,Bethlehem township,Hunterdon,FALSE,3892,256100,12000
2016,1003,Bloomsbury borough,Hunterdon,FALSE,845,165605,0
2016,1004,Califon borough,Hunterdon,FALSE,1053,105839,0
2016,1005,Clinton town,Hunterdon,TRUE,2699,NA,NA
2016,1006,Clinton township,Hunterdon,FALSE,12863,1047308.13,0
2016,1007,Delaware township,Hunterdon,FALSE,4463,670800,0
2016,1008,East Amwell township,Hunterdon,FALSE,3900,425550,4250
2016,1009,Flemington borough,Hunterdon,FALSE,4618,224372.88,200000
2016,1010,Franklin township,Hunterdon,FALSE,3231,548673.97,0
2016,1011,Frenchtown borough,Hunterdon,FALSE,1359,179680.3,107000
2016,1012,Glen Gardner borough,Hunterdon,FALSE,1924,201636,60500
2016,1013,Hampton borough,Hunterdon,FALSE,1328,162650,30000
2016,1014,High Bridge borough,Hunterdon,FALSE,3544,321648,0
2016,1015,Holland township,Hunterdon,FALSE,5144,1009300,0
2016,1016,Kingwood township,Hunterdon,FALSE,3746,724142.5,0
2016,1017,Lambertville city,Hunterdon,FALSE,3823,225581,263000
2016,1018,Lebanon borough,Hunterdon,FALSE,1664,172000,60000
2016,1019,Lebanon township,Hunterdon,FALSE,6127,850171,0
2016,1020,Milford borough,Hunterdon,FALSE,1194,109000,101000
2016,1021,Raritan township,Hunterdon,FALSE,21976,2596786.44,0
2016,1022,Readington township,Hunterdon,FALSE,15886,3063650,0
2016,1023,Stockton borough,Hunterdon,FALSE,519,144250,0
2016,1024,Tewksbury township,Hunterdon,FALSE,5838,1170450,10000
2016,1025,Union township,Hunterdon,FALSE,5576,602001,0
2016,1026,West Amwell township,Hunterdon,FALSE,2771,451400,34000
2016,1101,East Windsor township,Mercer,FALSE,27143,1225191,0
2016,1102,Ewing township,Mercer,FALSE,35652,3543666.55,1825000
2016,1103,Hamilton township,Mercer,FALSE,87541,13071071.84,4825000
2016,1104,Hightstown borough,Mercer,FALSE,5464,745562,206000
2016,1105,Hopewell borough,Mercer,FALSE,1904,405050,62442
2016,1106,Hopewell township,Mercer,FALSE,18362,2615764.97,0
2016,1107,Lawrence township,Mercer,FALSE,32612,3427237,1826000
2016,1108,Pennington borough,Mercer,FALSE,2526,626953.01,0
2016,1111,Trenton city,Mercer,FALSE,83313,9389058.84,5089883
2016,1112,Robbinsville township,Mercer,FALSE,14241,1413938.75,596000
2016,1113,West Windsor township,Mercer,FALSE,27939,4291230,25350
2016,1114,Princeton borough,Mercer,FALSE,31002,5632169,0
2016,1201,Carteret borough,Middlesex,FALSE,23629,1953000,1250000
2016,1202,Cranbury township,Middlesex,FALSE,3886,590447,0
2016,1203,Dunellen borough,Middlesex,FALSE,7264,618548,20000
2016,1204,East Brunswick township,Middlesex,FALSE,47937,4347245,2910000
2016,1205,Edison township,Middlesex,FALSE,100631,8549519.61,0
2016,1206,Helmetta borough,Middlesex,FALSE,2176,310985,0
2016,1207,Highland Park borough,Middlesex,TRUE,13991,NA,NA
2016,1208,Jamesburg borough,Middlesex,FALSE,5943,475000,5000
2016,1209,Old Bridge township,Middlesex,FALSE,65775,3371439,0
2016,1210,Metuchen borough,Middlesex,FALSE,13695,1918894.15,300000
2016,1211,Middlesex borough,Middlesex,FALSE,13615,1674658,350000
2016,1212,Milltown borough,Middlesex,FALSE,7033,733200,516500
2016,1213,Monroe township,Middlesex,FALSE,43996,3752271,1000556
2016,1214,New Brunswick city,Middlesex,FALSE,56183,4082050.59,0
2016,1215,North Brunswick township,Middlesex,TRUE,41845,NA,NA
2016,1216,Perth Amboy city,Middlesex,FALSE,51765,6803367.67,55972.23
2016,1217,Piscataway township,Middlesex,FALSE,56864,4727186.779999999,0
2016,1218,Plainsboro township,Middlesex,FALSE,23069,1564680,0
2016,1219,Sayreville borough,Middlesex,FALSE,44320,6278900,1000000
2016,1220,South Amboy city,Middlesex,FALSE,8603,2853092,0
2016,1221,South Brunswick township,Middlesex,FALSE,45065,5871743,925000
2016,1222,South Plainfield borough,Middlesex,FALSE,23867,1947298,82000
2016,1223,South River borough,Middlesex,FALSE,16057,2040949,480000
2016,1224,Spotswood borough,Middlesex,FALSE,8301,954643,278637.89
2016,1225,Woodbridge township,Middlesex,FALSE,99947,13949406,3720000
2016,1301,Allenhurst borough,Monmouth,FALSE,486,103250,347581.7
2016,1302,Allentown borough,Monmouth,FALSE,1804,254310,0
2016,1303,Asbury Park city,Monmouth,FALSE,15676,3467000,0
2016,1304,Atlantic Highlands borough,Monmouth,TRUE,4281,NA,NA
2016,1305,Avon-by-the-Sea borough,Monmouth,FALSE,1786,483500,107000
2016,1306,Belmar borough,Monmouth,FALSE,5665,1229500,430000
2016,1307,Bradley Beach borough,Monmouth,FALSE,4231,729900.48,311180
2016,1308,Brielle borough,Monmouth,TRUE,4697,NA,NA
2016,1309,Colts Neck township,Monmouth,FALSE,9920,1522350.22,128370.41
2016,1310,Deal borough,Monmouth,FALSE,731,898350,145000
2016,1311,Eatontown borough,Monmouth,FALSE,12236,2829570,361600
2016,1312,Englishtown borough,Monmouth,FALSE,1930,95700,144000
2016,1313,Fair Haven borough,Monmouth,FALSE,5953,1125410,205000
2016,1314,Farmingdale borough,Monmouth,FALSE,1288,93150,0
2016,1315,Freehold borough,Monmouth,FALSE,11843,1461580,582020
2016,1316,Freehold township,Monmouth,FALSE,35207,3737300,0
2016,1317,Highlands borough,Monmouth,FALSE,4787,505000,468000
2016,1318,Holmdel township,Monmouth,FALSE,16550,2546481,0
2016,1319,Howell township,Monmouth,FALSE,52015,4379200,480000
2016,1320,Interlaken borough,Monmouth,FALSE,798,292355,10725
2016,1321,Keansburg borough,Monmouth,FALSE,9785,1351000,779000
2016,1322,Keyport borough,Monmouth,FALSE,7055,790500,210000
2016,1323,Little Silver borough,Monmouth,FALSE,5868,1451700,218000
2016,1324,Loch Arbour village,Monmouth,FALSE,182,30200,47500
2016,1325,Long Branch city,Monmouth,FALSE,30650,5275571,1405700
2016,1326,Manalapan township,Monmouth,FALSE,39884,6510750,65000
2016,1327,Manasquan borough,Monmouth,FALSE,5817,938366,303000
2016,1328,Marlboro township,Monmouth,FALSE,40163,5284756.62,174164
2016,1329,Matawan borough,Monmouth,FALSE,8793,1557750,0
2016,1330,Aberdeen township,Monmouth,FALSE,18256,1043506,0
2016,1331,Middletown township,Monmouth,FALSE,65234,9290141.31,0
2016,1332,Millstone township,Monmouth,FALSE,10437,889912,20400
2016,1333,Monmouth Beach borough,Monmouth,FALSE,3214,700081,218500
2016,1334,Neptune township,Monmouth,FALSE,27680,4291000,1295000
2016,1335,Neptune City borough,Monmouth,FALSE,4720,1045710,2250
2016,1336,Tinton Falls borough,Monmouth,FALSE,17737,3281351,0
2016,1337,Ocean township,Monmouth,FALSE,26630,4368619,825175
2016,1338,Oceanport borough,Monmouth,FALSE,5705,931200,216000
2016,1339,Hazlet township,Monmouth,FALSE,19892,2813328.69,0
2016,1340,Red Bank borough,Monmouth,FALSE,12117,1975978,400000
2016,1341,Roosevelt borough,Monmouth,FALSE,848,148370,36400
2016,1342,Rumson borough,Monmouth,FALSE,6793,2155849,500000
2016,1343,Sea Bright borough,Monmouth,FALSE,1369,447000,100000
2016,1344,Sea Girt borough,Monmouth,FALSE,1779,869779,0
2016,1345,Shrewsbury borough,Monmouth,FALSE,4107,1293930,156000
2016,1346,Shrewsbury township,Monmouth,FALSE,1008,151801,3000
2016,1347,Lake Como borough,Monmouth,TRUE,1709,NA,NA
2016,1348,Spring Lake borough,Monmouth,FALSE,2952,1792900,145500
2016,1349,Spring Lake Heights borough,Monmouth,FALSE,4594,776900,160000
2016,1350,Union Beach borough,Monmouth,FALSE,5436,788800,660500
2016,1351,Upper Freehold township,Monmouth,FALSE,6858,242325,22800
2016,1352,Wall township,Monmouth,TRUE,25875,NA,NA
2016,1353,West Long Branch borough,Monmouth,FALSE,7940,895016.25,230000
2016,1401,Boonton town,Morris,FALSE,8304,1624825,540550
2016,1402,Boonton township,Morris,FALSE,4322,804395,0
2016,1403,Butler borough,Morris,FALSE,7702,1624899.03,0
2016,1404,Chatham borough,Morris,FALSE,8893,1409500,0
2016,1405,Chatham township,Morris,FALSE,10365,2029500,0
2016,1406,Chester borough,Morris,FALSE,1652,503230,0
2016,1407,Chester township,Morris,FALSE,7829,1618800,378000
2016,1408,Denville township,Morris,FALSE,16579,2607840,0
2016,1409,Dover town,Morris,FALSE,18088,1213701,1206867
2016,1410,East Hanover township,Morris,FALSE,11123,2308806,0
2016,1411,Florham Park borough,Morris,FALSE,11669,2054853,63000
2016,1412,Hanover township,Morris,FALSE,14546,3261200,530000
2016,1413,Harding township,Morris,FALSE,3811,961491,0
2016,1414,Jefferson township,Morris,FALSE,21179,2559193,0
2016,1415,Kinnelon borough,Morris,FALSE,10119,2274389.79,387000
2016,1416,Lincoln Park borough,Morris,FALSE,10349,2564363.73,0
2016,1417,Madison borough,Morris,FALSE,15935,4436278,1645300
2016,1418,Mendham borough,Morris,FALSE,4943,875893,222604
2016,1419,Mendham township,Morris,FALSE,5803,1565415,0
2016,1420,Mine Hill township,Morris,FALSE,3569,438444,0
2016,1421,Montville township,Morris,FALSE,21498,2188952,1807600
2016,1422,Morris township,Morris,FALSE,22398,5724151.9,26000
2016,1423,Morris Plains borough,Morris,FALSE,5543,2337925,236000
2016,1424,Morristown town,Morris,FALSE,18892,6028784,0
2016,1425,Mountain Lakes borough,Morris,TRUE,4291,NA,NA
2016,1426,Mount Arlington borough,Morris,TRUE,5408,NA,NA
2016,1427,Mount Olive township,Morris,FALSE,28881,2817966,0
2016,1428,Netcong borough,Morris,FALSE,3204,275520,1500
2016,1429,Parsippany-Troy Hills township,Morris,FALSE,52750,7829339,1750000
2016,1430,Long Hill township,Morris,FALSE,8666,1807150,715000
2016,1431,Pequannock township,Morris,FALSE,15277,1152115,0
2016,1432,Randolph township,Morris,FALSE,25580,4529908,1495200
2016,1433,Riverdale borough,Morris,FALSE,4227,514825,280000
2016,1434,Rockaway borough,Morris,FALSE,6431,870099,519550
2016,1435,Rockaway township,Morris,FALSE,24304,3307200,0
2016,1436,Roxbury township,Morris,FALSE,23131,4530911,0
2016,1437,Victory Gardens borough,Morris,TRUE,1505,NA,NA
2016,1438,Washington township,Morris,FALSE,18520,2746178,0
2016,1439,Wharton borough,Morris,FALSE,6515,532934,0
2016,1501,Barnegat Light borough,Ocean,FALSE,581,191500,310000
2016,1502,Bay Head borough,Ocean,FALSE,970,383800,135000
2016,1503,Beach Haven borough,Ocean,FALSE,1175,1334689,0
2016,1504,Beachwood borough,Ocean,FALSE,11168,1280140,517500
2016,1505,Berkeley township,Ocean,FALSE,41700,4557454.59,1600000
2016,1506,Brick township,Ocean,FALSE,74833,8767073,3000000
2016,1507,Toms River township,Ocean,FALSE,91529,14640368,3272500
2016,1508,Eagleswood township,Ocean,FALSE,1590,237000,144000
2016,1509,Harvey Cedars borough,Ocean,TRUE,340,NA,NA
2016,1510,Island Heights borough,Ocean,FALSE,1643,392000,0
2016,1511,Jackson township,Ocean,FALSE,56547,4762523.04,332000
2016,1512,Lacey township,Ocean,FALSE,28499,5383000,0
2016,1513,Lakehurst borough,Ocean,FALSE,2683,383000,105000
2016,1514,Lakewood township,Ocean,FALSE,100549,8945719,3300000
2016,1515,Lavallette borough,Ocean,FALSE,1827,1042800,149000
2016,1516,Little Egg Harbor township,Ocean,FALSE,20860,2192000,750000
2016,1517,Long Beach township,Ocean,FALSE,3039,4267124,0
2016,1518,Manchester township,Ocean,FALSE,43381,3757000,0
2016,1519,Mantoloking borough,Ocean,FALSE,242,418142,110000
2016,1520,Ocean township,Ocean,TRUE,8995,NA,NA
2016,1521,Ocean Gate borough,Ocean,FALSE,2000,172432,185000
2016,1522,Pine Beach borough,Ocean,FALSE,2149,138000,80000
2016,1523,Plumsted township,Ocean,FALSE,8504,200110,0
2016,1524,Point Pleasant borough,Ocean,FALSE,18500,2536289,630000
2016,1525,Point Pleasant Beach borough,Ocean,FALSE,4534,1618857,247000
2016,1526,Seaside Heights borough,Ocean,TRUE,2885,NA,NA
2016,1527,Seaside Park borough,Ocean,FALSE,1543,1164500,150000
2016,1528,Ship Bottom borough,Ocean,FALSE,1136,542500,452000
2016,1529,South Toms River borough,Ocean,FALSE,3650,305000,144500
2016,1530,Stafford township,Ocean,FALSE,27096,5774800,1434000
2016,1531,Surf City borough,Ocean,FALSE,1175,755100,180000
2016,1532,Tuckerton borough,Ocean,FALSE,3362,538200,200000
2016,1533,Barnegat township,Ocean,FALSE,22212,2493900,670000
2016,1601,Bloomingdale borough,Passaic,FALSE,8110,803744,816630
2016,1602,Clifton city,Passaic,FALSE,85192,4771475,4000000
2016,1603,Haledon borough,Passaic,TRUE,8328,NA,NA
2016,1604,Hawthorne borough,Passaic,FALSE,18794,2742076,488250
2016,1605,Little Falls township,Passaic,FALSE,14462,2030370,364400
2016,1606,North Haledon borough,Passaic,FALSE,8464,1863141,280000
2016,1607,Passaic city,Passaic,FALSE,70130,5618020,2170000
2016,1608,Paterson city,Passaic,FALSE,145773,11486626,7799618.63
2016,1609,Pompton Lakes borough,Passaic,FALSE,11041,2106950,0
2016,1610,Prospect Park borough,Passaic,FALSE,5869,403900,326000
2016,1611,Ringwood borough,Passaic,FALSE,12300,3472461,0
2016,1612,Totowa borough,Passaic,FALSE,10833,2107054,335000
2016,1613,Wanaque borough,Passaic,FALSE,11684,1725350,0
2016,1614,Wayne township,Passaic,FALSE,54214,9466357,66465
2016,1615,West Milford township,Passaic,FALSE,26402,4345017,0
2016,1616,Woodland Park borough,Passaic,FALSE,12551,2752556,0
2016,1701,Alloway township,Salem,FALSE,3346,277700,96669.46
2016,1702,Elmer borough,Salem,FALSE,1330,19000,119034
2016,1703,Elsinboro township,Salem,FALSE,983,154550,29835
2016,1704,Lower Alloways Creek township,Salem,FALSE,1704,814000,202500
2016,1705,Mannington township,Salem,FALSE,1714,149100,35000
2016,1706,Oldmans township,Salem,FALSE,1812,196150,53000
2016,1707,Penns Grove borough,Salem,FALSE,4829,120955,0
2016,1708,Pennsville township,Salem,FALSE,12640,1895867,349892
2016,1709,Pilesgrove township,Salem,FALSE,4022,416650,0
2016,1710,Pittsgrove township,Salem,FALSE,8909,620900,158500
2016,1711,Quinton township,Salem,FALSE,2488,160000,213642
2016,1712,Salem city,Salem,FALSE,4813,629975,82063
2016,1713,Carneys Point township,Salem,FALSE,7774,721335,177480
2016,1714,Upper Pittsgrove township,Salem,FALSE,3364,320400,101500
2016,1715,Woodstown borough,Salem,FALSE,3475,164050,63984.18
2016,1801,Bedminster township,Somerset,FALSE,8098,1239886,0
2016,1802,Bernards township,Somerset,FALSE,26940,4683920,285287
2016,1803,Bernardsville borough,Somerset,FALSE,7717,1756000,160000
2016,1804,Bound Brook borough,Somerset,FALSE,10326,1124401,0
2016,1805,Branchburg township,Somerset,FALSE,14478,2142560,0
2016,1806,Bridgewater township,Somerset,FALSE,44589,3792261.48,0
2016,1807,Far Hills borough,Somerset,FALSE,916,197695.38,3500
2016,1808,Franklin township,Somerset,FALSE,65469,3240593,673000
2016,1809,Green Brook township,Somerset,FALSE,7122,529225.55,0
2016,1810,Hillsborough township,Somerset,FALSE,39373,3438577,0
2016,1811,Manville borough,Somerset,FALSE,10286,1891724,0
2016,1812,Millstone borough,Somerset,FALSE,414,81200,0
2016,1813,Montgomery township,Somerset,FALSE,23045,2775650,0
2016,1814,North Plainfield borough,Somerset,FALSE,21611,1637800,200000
2016,1815,Peapack and Gladstone borough,Somerset,FALSE,2568,810325.17,76125
2016,1816,Raritan borough,Somerset,FALSE,7898,1475845,0
2016,1817,Rocky Hill borough,Somerset,FALSE,679,183400,0
2016,1818,Somerville borough,Somerset,FALSE,11997,1848122,0
2016,1819,South Bound Brook borough,Somerset,TRUE,4513,NA,NA
2016,1820,Warren township,Somerset,FALSE,15800,3277550,0
2016,1821,Watchung borough,Somerset,FALSE,6036,855800,30000
2016,1901,Andover borough,Sussex,FALSE,571,15800,20200
2016,1902,Andover township,Sussex,FALSE,5988,1439660,0
2016,1903,Branchville borough,Sussex,FALSE,790,194781,124000
2016,1904,Byram township,Sussex,FALSE,7988,1523000,672500
2016,1905,Frankford township,Sussex,FALSE,5358,1021000,10100
2016,1906,Franklin borough,Sussex,FALSE,4791,639345,420800
2016,1907,Fredon township,Sussex,FALSE,3199,748795,0
2016,1908,Green township,Sussex,FALSE,3487,741801,310000
2016,1909,Hamburg borough,Sussex,FALSE,3157,161500,0
2016,1910,Hampton township,Sussex,FALSE,4906,1488304,0
2016,1911,Hardyston township,Sussex,FALSE,7882,939871.52,0
2016,1912,Hopatcong borough,Sussex,FALSE,14316,1948634,1279000
2016,1913,Lafayette township,Sussex,FALSE,2400,443277.26,0
2016,1914,Montague township,Sussex,FALSE,3698,473300,0
2016,1915,Newton town,Sussex,FALSE,7878,962794,500
2016,1916,Ogdensburg borough,Sussex,FALSE,2284,269740.57,190000
2016,1917,Sandyston township,Sussex,FALSE,1866,306600,0
2016,1918,Sparta township,Sussex,FALSE,18806,2366555,0
2016,1919,Stanhope borough,Sussex,FALSE,3354,620522,0
2016,1920,Stillwater township,Sussex,FALSE,3923,818963,0
2016,1921,Sussex borough,Sussex,FALSE,2017,279815,0
2016,1922,Vernon township,Sussex,FALSE,22311,2991257,0
2016,1923,Walpack township,Sussex,FALSE,11,1600,147
2016,1924,Wantage township,Sussex,FALSE,10944,868053,20100
2016,2001,Berkeley Heights township,Union,FALSE,13438,2531750,0
2016,2002,Clark township,Union,FALSE,15751,1821679,0
2016,2003,Cranford township,Union,FALSE,23983,3175324.8,0
2016,2004,Elizabeth city,Union,FALSE,127968,17693802,9500000
2016,2005,Fanwood borough,Union,FALSE,7653,835667,0
2016,2006,Garwood borough,Union,TRUE,4330,NA,NA
2016,2007,Hillside township,Union,FALSE,21896,4053203.33,0
2016,2008,Kenilworth borough,Union,FALSE,8152,1701824,0
2016,2009,Linden city,Union,FALSE,42257,9797150,391700
2016,2010,Mountainside borough,Union,FALSE,6822,940400,0
2016,2011,New Providence borough,Union,FALSE,12714,2441036.95,1425300
2016,2012,Plainfield city,Union,FALSE,50276,3908146,1200000
2016,2013,Rahway city,Union,FALSE,29284,6129000,0
2016,2014,Roselle borough,Union,FALSE,21496,4271300,0
2016,2015,Roselle Park borough,Union,FALSE,13565,2272995,0
2016,2016,Scotch Plains township,Union,FALSE,24106,2273550,0
2016,2017,Springfield township,Union,FALSE,17351,2156161.78,939368
2016,2018,Summit city,Union,FALSE,21903,4797350,556500
2016,2019,Union township,Union,FALSE,58302,5740087,4584152
2016,2020,Westfield town,Union,FALSE,30035,4824197.27,0
2016,2021,Winfield township,Union,FALSE,1499,35050.880000000005,100
2016,2101,Allamuchy township,Warren,FALSE,4572,400494,0
2016,2102,Alpha borough,Warren,FALSE,2284,464390,0
2016,2103,Belvidere town,Warren,FALSE,2591,481476,0
2016,2104,Blairstown township,Warren,FALSE,5752,597850,20320
2016,2105,Franklin township,Warren,FALSE,3059,399031,0
2016,2106,Frelinghuysen township,Warren,FALSE,2192,257218,0
2016,2107,Greenwich township,Warren,FALSE,5503,487000,0
2016,2108,Hackettstown town,Warren,FALSE,9505,924088,0
2016,2109,Hardwick township,Warren,FALSE,1634,256192,0
2016,2110,Harmony township,Warren,FALSE,2501,468032,5979
2016,2111,Hope township,Warren,FALSE,1877,231348,0
2016,2112,Independence township,Warren,FALSE,5468,445187,0
2016,2113,Knowlton township,Warren,FALSE,2964,469790.5,0
2016,2114,Liberty township,Warren,FALSE,2829,368430,0
2016,2115,Lopatcong township,Warren,FALSE,8232,NA,NA
2016,2116,Mansfield township,Warren,FALSE,7430,552735,0
2016,2117,Oxford township,Warren,FALSE,2446,355128,0
2016,2119,Phillipsburg town,Warren,FALSE,14382,2065275,518000
2016,2120,Pohatcong township,Warren,FALSE,3217,494903,5920
2016,2121,Washington borough,Warren,FALSE,6498,962227,0
2016,2122,Washington township,Warren,FALSE,6410,990429,0
2016,2123,White township,Warren,FALSE,4713,375500,0
2017,0101,Absecon city,Atlantic,FALSE,8144,504000,647000
2017,0102,Atlantic City,Atlantic,TRUE,37797,NA,NA
2017,0103,Brigantine city,Atlantic,FALSE,8814,3450800,0
2017,0104,Buena borough,Atlantic,FALSE,4360,606100,0
2017,0105,Buena Vista township,Atlantic,TRUE,7295,NA,NA
2017,0106,Corbin City city,Atlantic,FALSE,498,81388,5000
2017,0107,Egg Harbor City city,Atlantic,FALSE,4099,687690,145000
2017,0108,Egg Harbor township,Atlantic,FALSE,42661,3794587,1443533
2017,0109,Estell Manor city,Atlantic,FALSE,1708,205630,156000
2017,0110,Folsom borough,Atlantic,FALSE,1789,294401,62000
2017,0111,Galloway township,Atlantic,FALSE,35996,1823150,0
2017,0112,Hamilton township,Atlantic,FALSE,25980,4307548,0
2017,0113,Hammonton town,Atlantic,FALSE,14116,1535737.63,0
2017,0114,Linwood city,Atlantic,FALSE,6742,826023,432500
2017,0115,Longport borough,Atlantic,FALSE,861,347000,0
2017,0116,Margate City city,Atlantic,FALSE,5982,3138475,0
2017,0117,Mullica township,Atlantic,FALSE,5923,373200,198500
2017,0118,Northfield city,Atlantic,FALSE,8129,770001,691000
2017,0119,Pleasantville city,Atlantic,FALSE,20403,1487250,1463789
2017,0120,Port Republic city,Atlantic,FALSE,1066,230250,0
2017,0121,Somers Point city,Atlantic,FALSE,10306,1784400,284000
2017,0122,Ventnor City city,Atlantic,FALSE,10070,2783412,0
2017,0123,Weymouth township,Atlantic,FALSE,2759,382000,2000
2017,0201,Allendale borough,Bergen,FALSE,6791,1815123,0
2017,0202,Alpine borough,Bergen,FALSE,1859,407988,42636
2017,0203,Bergenfield borough,Bergen,FALSE,27455,4104202,973000
2017,0204,Bogota borough,Bergen,TRUE,8415,NA,NA
2017,0205,Carlstadt borough,Bergen,FALSE,6207,2360408,215000
2017,0206,Cliffside Park borough,Bergen,FALSE,24667,2826800,3550000
2017,0207,Closter borough,Bergen,FALSE,8618,1831825,240500
2017,0208,Cresskill borough,Bergen,FALSE,8766,3359600,262000
2017,0209,Demarest borough,Bergen,FALSE,4961,1624278,3000
2017,0210,Dumont borough,Bergen,FALSE,17683,3764752,0
2017,0211,Elmwood Park borough,Bergen,FALSE,20118,1769000,4518679
2017,0212,East Rutherford borough,Bergen,FALSE,9760,2261800,325000
2017,0213,Edgewater borough,Bergen,FALSE,12158,2194986,747000
2017,0214,Emerson borough,Bergen,FALSE,7613,1715992,10500
2017,0215,Englewood city,Bergen,FALSE,28617,NA,NA
2017,0216,Englewood Cliffs borough,Bergen,FALSE,5364,1521771,0
2017,0217,Fair Lawn borough,Bergen,FALSE,33112,3969850,2076500
2017,0218,Fairview borough,Bergen,FALSE,14286,1827892,0
2017,0219,Fort Lee borough,Bergen,FALSE,37316,7431351,0
2017,0220,Franklin Lakes borough,Bergen,FALSE,11058,2308580,280000
2017,0221,Garfield city,Bergen,FALSE,31848,1832473,2011000
2017,0222,Glen Rock borough,Bergen,FALSE,11829,3026973,250000
2017,0223,Hackensack city,Bergen,FALSE,44518,6236625,1400000
2017,0224,Harrington Park borough,Bergen,FALSE,4766,1032000,157000
2017,0225,Hasbrouck Heights borough,Bergen,FALSE,12115,2460100,413750
2017,0226,Haworth borough,Bergen,FALSE,3430,1310792,461866
2017,0227,Hillsdale borough,Bergen,FALSE,10382,1928900,977000
2017,0228,Ho-Ho-Kus borough,Bergen,FALSE,4118,968000,585614
2017,0229,Leonia borough,Bergen,FALSE,9105,1663700,306000
2017,0230,Little Ferry borough,Bergen,FALSE,10819,1705206,1671520
2017,0231,Lodi borough,Bergen,FALSE,24492,2902500,600000
2017,0232,Lyndhurst township,Bergen,FALSE,22043,NA,NA
2017,0233,Mahwah township,Bergen,FALSE,26353,3083165,1804420
2017,0234,Maywood borough,Bergen,FALSE,9687,1496600,792000
2017,0235,Midland Park borough,Bergen,FALSE,7278,1236240,225000
2017,0236,Montvale borough,Bergen,FALSE,8576,223125,592000
2017,0237,Moonachie borough,Bergen,FALSE,2722,658660,87652
2017,0238,New Milford borough,Bergen,FALSE,16592,2459510,2275988
2017,0239,North Arlington borough,Bergen,FALSE,15738,2665000,0
2017,0240,Northvale borough,Bergen,FALSE,4893,914300,962000
2017,0241,Norwood borough,Bergen,FALSE,5811,1620251,627090
2017,0242,Oakland borough,Bergen,FALSE,13001,1486900,1210000
2017,0243,Old Tappan borough,Bergen,FALSE,5933,672628,5400
2017,0244,Oradell borough,Bergen,FALSE,8174,2267316.9,215000
2017,0245,Palisades Park borough,Bergen,FALSE,20610,1045000.56,1187322
2017,0246,Paramus borough,Bergen,FALSE,26595,7446120,975000
2017,0247,Park Ridge borough,Bergen,FALSE,8796,2025926,86000
2017,0248,Ramsey borough,Bergen,FALSE,14986,4032500,525000
2017,0249,Ridgefield borough,Bergen,FALSE,11254,1199915,15000
2017,0250,Ridgefield Park village,Bergen,FALSE,12931,3327928,0
2017,0251,Ridgewood village,Bergen,FALSE,25258,3262258,2104853
2017,0252,River Edge borough,Bergen,FALSE,11525,2256442,231700
2017,0253,River Vale township,Bergen,FALSE,10049,1972292,0
2017,0254,Rochelle Park township,Bergen,FALSE,5607,859800,398600
2017,0255,Rockleigh borough,Bergen,FALSE,530,100482,1000
2017,0256,Rutherford borough,Bergen,FALSE,18468,3260600,645000
2017,0257,Saddle Brook township,Bergen,FALSE,13928,1427200,830000
2017,0258,Saddle River borough,Bergen,FALSE,3208,1352950,120000
2017,0259,South Hackensack township,Bergen,FALSE,2450,817000,100000
2017,0260,Teaneck township,Bergen,FALSE,40617,7330520,0
2017,0261,Tenafly borough,Bergen,FALSE,14661,4534443,428000
2017,0262,Teterboro borough,Bergen,FALSE,68,547000,0
2017,0263,Upper Saddle River borough,Bergen,FALSE,8268,1541760,0
2017,0264,Waldwick borough,Bergen,FALSE,9895,1885230,320000
2017,0265,Wallington borough,Bergen,FALSE,11581,1052200,11800
2017,0266,Washington township,Bergen,FALSE,9243,1175586,65000
2017,0267,Westwood borough,Bergen,FALSE,11135,2224225,20000
2017,0268,Woodcliff Lake borough,Bergen,FALSE,5802,1358750,189000
2017,0269,Wood-Ridge borough,Bergen,FALSE,8865,2187800,0
2017,0270,Wyckoff township,Bergen,FALSE,17043,2756489,440000
2017,0301,Bass River township,Burlington,FALSE,1427,245350,4500
2017,0302,Beverly city,Burlington,FALSE,2484,207300,92500
2017,0303,Bordentown city,Burlington,FALSE,3811,583700,190000
2017,0304,Bordentown township,Burlington,FALSE,12044,1601635,11500
2017,0305,Burlington city,Burlington,FALSE,9778,1245244.42,369000
2017,0306,Burlington township,Burlington,FALSE,22554,3307169,0
2017,0307,Chesterfield township,Burlington,FALSE,7451,375050,0
2017,0308,Cinnaminson township,Burlington,FALSE,16395,2570732,25000
2017,0309,Delanco township,Burlington,FALSE,4451,460292,261000
2017,0310,Delran township,Burlington,FALSE,16520,1432690,1166893
2017,0311,Eastampton township,Burlington,FALSE,5910,314027,150455
2017,0312,Edgewater Park township,Burlington,FALSE,8687,888170.77,211500
2017,0313,Evesham township,Burlington,FALSE,45045,4642000,2451442
2017,0314,Fieldsboro borough,Burlington,FALSE,528,43000,53500
2017,0315,Florence township,Burlington,FALSE,12591,1634706,59200
2017,0316,Hainesport township,Burlington,FALSE,6022,635950,229700
2017,0317,Lumberton township,Burlington,FALSE,12214,1052062,0
2017,0318,Mansfield township,Burlington,FALSE,8533,566400,255000
2017,0319,Maple Shade township,Burlington,FALSE,18624,1656890,1070000
2017,0320,Medford township,Burlington,FALSE,23287,2235482,810850
2017,0321,Medford Lakes borough,Burlington,FALSE,3998,NA,NA
2017,0322,Moorestown township,Burlington,FALSE,20367,2871021,693000
2017,0323,Mount Holly township,Burlington,FALSE,9595,881783,325000
2017,0324,Mount Laurel township,Burlington,FALSE,41339,4241478,1650000
2017,0325,New Hanover township,Burlington,TRUE,7787,NA,NA
2017,0326,North Hanover township,Burlington,TRUE,7509,NA,NA
2017,0327,Palmyra borough,Burlington,FALSE,7174,945748,250000
2017,0328,Pemberton borough,Burlington,FALSE,1334,0,45000
2017,0329,Pemberton township,Burlington,FALSE,27131,3085084.26,888000
2017,0330,Riverside township,Burlington,FALSE,7852,342606.2,490378
2017,0331,Riverton borough,Burlington,FALSE,2696,449479,100000
2017,0332,Shamong township,Burlington,FALSE,6394,717706,0
2017,0333,Southampton township,Burlington,FALSE,10147,1097182,355000
2017,0334,Springfield township,Burlington,FALSE,3278,308700,108000
2017,0335,Tabernacle township,Burlington,FALSE,6837,1274556,15000
2017,0336,Washington township,Burlington,FALSE,706,94082,81580
2017,0337,Westampton township,Burlington,FALSE,8697,999646,274000
2017,0338,Willingboro township,Burlington,FALSE,31864,3903676.02,1088000
2017,0339,Woodland township,Burlington,FALSE,1769,111250,0
2017,0340,Wrightstown borough,Burlington,FALSE,780,122000,43000
2017,0401,Audubon borough,Camden,FALSE,8657,1304284,470000
2017,0402,Audubon Park borough,Camden,FALSE,1004,64000,0
2017,0403,Barrington borough,Camden,FALSE,6720,715247.93,482321
2017,0404,Bellmawr borough,Camden,FALSE,11406,1455987.68,889475.6
2017,0405,Berlin borough,Camden,FALSE,7548,829050,268000
2017,0406,Berlin township,Camden,FALSE,5541,933400,209500
2017,0407,Brooklawn borough,Camden,FALSE,1901,279800,61000
2017,0408,Camden city,Camden,FALSE,73728,4696396.22,7454257.92
2017,0409,Cherry Hill township,Camden,FALSE,70914,9008817.14,1848500
2017,0410,Chesilhurst borough,Camden,FALSE,1623,327484.96,48000
2017,0411,Clementon borough,Camden,FALSE,4922,343500,121000
2017,0412,Collingswood borough,Camden,FALSE,13906,1061500,392500
2017,0413,Gibbsboro borough,Camden,FALSE,2227,NA,NA
2017,0414,Gloucester City city,Camden,FALSE,11238,1214940,865418
2017,0415,Gloucester township,Camden,FALSE,63657,8512127,1385000
2017,0416,Haddon township,Camden,FALSE,14552,1893500,410000
2017,0417,Haddonfield borough,Camden,FALSE,11356,2156342,340000
2017,0418,Haddon Heights borough,Camden,FALSE,7525,1105815,228500
2017,0419,Hi-Nella borough,Camden,FALSE,860,98800,600
2017,0420,Laurel Springs borough,Camden,FALSE,1866,156100,69700
2017,0421,Lawnside borough,Camden,FALSE,2895,349100,165000
2017,0422,Lindenwold borough,Camden,FALSE,17314,1191156,571700
2017,0423,Magnolia borough,Camden,FALSE,4278,322130,145000
2017,0424,Merchantville borough,Camden,FALSE,3709,435910,122595
2017,0425,Mount Ephraim borough,Camden,FALSE,4595,614450,161600
2017,0426,Oaklyn borough,Camden,FALSE,3962,678605,136423
2017,0427,Pennsauken township,Camden,FALSE,35624,1316530,0
2017,0428,Pine Hill borough,Camden,FALSE,10434,1064051,443800
2017,0429,Pine Valley borough,Camden,FALSE,11,5700,0
2017,0430,Runnemede borough,Camden,FALSE,8314,865000,240000
2017,0431,Somerdale borough,Camden,FALSE,5447,541715,140000
2017,0432,Stratford borough,Camden,FALSE,6964,556655.56,177500
2017,0433,Tavistock borough,Camden,FALSE,5,12500,0
2017,0434,Voorhees township,Camden,FALSE,29214,3202200,677000
2017,0435,Waterford township,Camden,FALSE,10699,1576760,253750
2017,0436,Winslow township,Camden,FALSE,38688,2424540,3145700
2017,0437,Woodlynne borough,Camden,FALSE,2920,302000,83500
2017,0501,Avalon borough,Cape May,FALSE,1261,3026219.0045999996,245000
2017,0502,Cape May city,Cape May,FALSE,3477,2330852.4699999997,0
2017,0503,Cape May Point borough,Cape May,FALSE,278,181100,0
2017,0504,Dennis township,Cape May,FALSE,6199,764850,0
2017,0505,Lower township,Cape May,FALSE,21676,3057245,730000
2017,0506,Middle township,Cape May,FALSE,18371,2068350,0
2017,0507,North Wildwood city,Cape May,FALSE,3821,3075200.18,340000
2017,0508,Ocean City city,Cape May,FALSE,11155,8679350,0
2017,0509,Sea Isle City city,Cape May,FALSE,2058,3106340,0
2017,0510,Stone Harbor borough,Cape May,FALSE,819,2158850,0
2017,0511,Upper township,Cape May,FALSE,11844,3183800,0
2017,0512,West Cape May borough,Cape May,FALSE,1005,238200,49500
2017,0513,West Wildwood borough,Cape May,FALSE,563,219780.34,42000
2017,0514,Wildwood city,Cape May,FALSE,5045,2615390,903400
2017,0515,Wildwood Crest borough,Cape May,FALSE,3105,4501794.56,762500
2017,0516,Woodbine borough,Cape May,FALSE,2452,118000,145600
2017,0601,Bridgeton city,Cumberland,FALSE,24463,1273750,0
2017,0602,Commercial township,Cumberland,FALSE,4977,715500,163000
2017,0603,Deerfield township,Cumberland,FALSE,3029,136200,12000
2017,0604,Downe township,Cumberland,FALSE,1507,324000,0
2017,0605,Fairfield township,Cumberland,FALSE,6078,241500,110400
2017,0606,Greenwich township,Cumberland,FALSE,764,32704,30500
2017,0607,Hopewell township,Cumberland,FALSE,4385,179015.73,188500
2017,0608,Lawrence township,Cumberland,FALSE,3152,252848,143056
2017,0609,Maurice River township,Cumberland,FALSE,6302,722885,130000
2017,0610,Millville city,Cumberland,FALSE,27672,2561039,708800
2017,0611,Shiloh borough,Cumberland,FALSE,493,40750,30100
2017,0612,Stow Creek township,Cumberland,FALSE,1393,28600,126600
2017,0613,Upper Deerfield township,Cumberland,FALSE,7346,695500,165000
2017,0614,Vineland city,Cumberland,FALSE,59862,3538357,0
2017,0701,Belleville township,Essex,FALSE,35940,3344848,2709000
2017,0702,Bloomfield township,Essex,FALSE,50183,3251650,4350000
2017,0703,Caldwell borough,Essex,FALSE,7973,1219199.76,0
2017,0704,Cedar Grove township,Essex,FALSE,12523,877648,0
2017,0705,East Orange city,Essex,FALSE,64306,15334553.07,0
2017,0706,Essex Fells borough,Essex,FALSE,2101,550448,319767.6
2017,0707,Fairfield township,Essex,TRUE,7497,NA,NA
2017,0708,Glen Ridge borough,Essex,FALSE,7579,820300,940000
2017,0709,Irvington township,Essex,TRUE,53952,NA,NA
2017,0710,Livingston township,Essex,FALSE,29694,3077533,2572000
2017,0711,Maplewood township,Essex,FALSE,24436,3193883,42500
2017,0712,Millburn township,Essex,FALSE,20180,6245047.08,1852000
2017,0713,Montclair township,Essex,FALSE,38644,5124531.11,2350000
2017,0714,Newark city,Essex,TRUE,281237,NA,NA
2017,0715,North Caldwell borough,Essex,FALSE,6626,707509,646548
2017,0716,Nutley township,Essex,TRUE,28504,NA,NA
2017,0717,City of Orange township,Essex,FALSE,30406,5583157,0
2017,0718,Roseland borough,Essex,FALSE,5848,1311435,533570
2017,0719,South Orange Village township,Essex,FALSE,16757,2370000,0
2017,0720,Verona township,Essex,FALSE,13408,2671660,1308891
2017,0721,West Caldwell township,Essex,FALSE,10863,1350560,511000
2017,0722,West Orange township,Essex,FALSE,47692,4433524.6899999995,3458545.93
2017,0801,Clayton borough,Gloucester,FALSE,8638,934000,311500
2017,0802,Deptford township,Gloucester,FALSE,30447,3687000,975000
2017,0803,East Greenwich township,Gloucester,FALSE,10479,819400,10000
2017,0804,Elk township,Gloucester,FALSE,4155,450900,155000
2017,0805,Franklin township,Gloucester,FALSE,16426,1604500,625400
2017,0806,Glassboro borough,Gloucester,FALSE,19938,3786530,503602
2017,0807,Greenwich township,Gloucester,FALSE,4824,1673550,195000
2017,0808,Harrison township,Gloucester,FALSE,12956,770620,410500
2017,0809,Logan township,Gloucester,FALSE,5915,1052000,0
2017,0810,Mantua township,Gloucester,FALSE,14943,1620100,570000
2017,0811,Monroe township,Gloucester,FALSE,36731,4099300,1314000
2017,0812,National Park borough,Gloucester,FALSE,2963,417750,135000
2017,0813,Newfield borough,Gloucester,FALSE,1553,177469.63,0
2017,0814,Paulsboro borough,Gloucester,FALSE,5894,985025,302600
2017,0815,Pitman borough,Gloucester,FALSE,8798,897895,403500
2017,0816,South Harrison township,Gloucester,FALSE,3144,401925,120000
2017,0817,Swedesboro borough,Gloucester,FALSE,2583,412500,0
2017,0818,Washington township,Gloucester,FALSE,47771,6697350,2065000
2017,0819,Wenonah borough,Gloucester,FALSE,2228,192211.6,74000
2017,0820,West Deptford township,Gloucester,FALSE,21149,2858938,1105000
2017,0821,Westville borough,Gloucester,FALSE,4173,202041,1132378.98
2017,0822,Woodbury city,Gloucester,FALSE,9863,1938000,10000
2017,0823,Woodbury Heights borough,Gloucester,FALSE,2981,470700,130000
2017,0824,Woolwich township,Gloucester,FALSE,12409,934212,0
2017,0901,Bayonne city,Hudson,FALSE,65333,7791000,6300000
2017,0902,East Newark borough,Hudson,FALSE,2665,135700,215500
2017,0903,Guttenberg town,Hudson,FALSE,11365,945000,885000
2017,0904,Harrison town,Hudson,FALSE,17139,3553922,0
2017,0905,Hoboken city,Hudson,FALSE,53662,8396497,0
2017,0906,Jersey City city,Hudson,FALSE,263292,43738339,0
2017,0907,Kearny town,Hudson,FALSE,41597,4090000,7926349
2017,0908,North Bergen township,Hudson,FALSE,61952,3910950,0
2017,0909,Secaucus town,Hudson,FALSE,19690,12193942,0
2017,0910,Union City city,Hudson,FALSE,68485,11758620,0
2017,0911,Weehawken township,Hudson,FALSE,14914,NA,NA
2017,0912,West New York town,Hudson,FALSE,52732,7146760,453750
2017,1001,Alexandria township,Hunterdon,FALSE,4797,643429,0
2017,1002,Bethlehem township,Hunterdon,FALSE,3886,250000,9000
2017,1003,Bloomsbury borough,Hunterdon,FALSE,844,96465,67280
2017,1004,Califon borough,Hunterdon,FALSE,1057,107291,0
2017,1005,Clinton town,Hunterdon,FALSE,2695,482701,113600
2017,1006,Clinton township,Hunterdon,FALSE,12780,1011060,0
2017,1007,Delaware township,Hunterdon,FALSE,4463,672897,0
2017,1008,East Amwell township,Hunterdon,FALSE,3905,419963,0
2017,1009,Flemington borough,Hunterdon,FALSE,4608,263200,229100
2017,1010,Franklin township,Hunterdon,FALSE,3236,520565,0
2017,1011,Frenchtown borough,Hunterdon,FALSE,1363,190905.76,109000
2017,1012,Glen Gardner borough,Hunterdon,FALSE,1925,222560,60500
2017,1013,Hampton borough,Hunterdon,FALSE,1326,184000,32000
2017,1014,High Bridge borough,Hunterdon,FALSE,3534,341987,0
2017,1015,Holland township,Hunterdon,FALSE,5135,1019300,0
2017,1016,Kingwood township,Hunterdon,FALSE,3739,738374,0
2017,1017,Lambertville city,Hunterdon,FALSE,3821,198290,250543
2017,1018,Lebanon borough,Hunterdon,FALSE,1666,161000,49450
2017,1019,Lebanon township,Hunterdon,FALSE,6118,911316,0
2017,1020,Milford borough,Hunterdon,FALSE,1190,111000,105214
2017,1021,Raritan township,Hunterdon,FALSE,22052,2563313.81,0
2017,1022,Readington township,Hunterdon,FALSE,15923,3085373,0
2017,1023,Stockton borough,Hunterdon,FALSE,519,142850,0
2017,1024,Tewksbury township,Hunterdon,FALSE,5831,1171650,10000
2017,1025,Union township,Hunterdon,FALSE,5535,525000,34001
2017,1026,West Amwell township,Hunterdon,FALSE,2764,466866,31300
2017,1101,East Windsor township,Mercer,FALSE,27196,1194906,0
2017,1102,Ewing township,Mercer,FALSE,35938,3381500,1825000
2017,1103,Hamilton township,Mercer,FALSE,87431,13311142.86,5025500
2017,1104,Hightstown borough,Mercer,FALSE,5301,794223,206000
2017,1105,Hopewell borough,Mercer,FALSE,1908,395500,62400
2017,1106,Hopewell township,Mercer,FALSE,17945,2442462.37,0
2017,1107,Lawrence township,Mercer,FALSE,32598,3472705,1821000
2017,1108,Pennington borough,Mercer,FALSE,2525,679714.1,0
2017,1111,Trenton city,Mercer,FALSE,83497,10025519.15,5186000
2017,1112,Robbinsville township,Mercer,FALSE,14491,1505737.98,570500
2017,1113,West Windsor township,Mercer,FALSE,27970,4298751,25350
2017,1114,Princeton borough,Mercer,FALSE,31368,5713772.75,0
2017,1201,Carteret borough,Middlesex,FALSE,23615,1898000,4280000
2017,1202,Cranbury township,Middlesex,FALSE,3876,633678,0
2017,1203,Dunellen borough,Middlesex,FALSE,7263,582000,20000
2017,1204,East Brunswick township,Middlesex,FALSE,47915,3663700,3887206
2017,1205,Edison township,Middlesex,FALSE,100605,8713978.91,0
2017,1206,Helmetta borough,Middlesex,FALSE,2174,310500,0
2017,1207,Highland Park borough,Middlesex,FALSE,13895,1707001,250000
2017,1208,Jamesburg borough,Middlesex,FALSE,5942,493650,5000
2017,1209,Old Bridge township,Middlesex,FALSE,65849,3434458,0
2017,1210,Metuchen borough,Middlesex,FALSE,14099,1805270,300000
2017,1211,Middlesex borough,Middlesex,FALSE,13604,1634408,350000
2017,1212,Milltown borough,Middlesex,FALSE,7028,755875,540700
2017,1213,Monroe township,Middlesex,FALSE,44506,3859043,1020000
2017,1214,New Brunswick city,Middlesex,FALSE,56120,4292514.75,0
2017,1215,North Brunswick township,Middlesex,FALSE,41861,3967564,845000
2017,1216,Perth Amboy city,Middlesex,FALSE,51821,7406283.13,57129.51
2017,1217,Piscataway township,Middlesex,FALSE,56925,4794418.89,0
2017,1218,Plainsboro township,Middlesex,FALSE,23056,1503368,0
2017,1219,Sayreville borough,Middlesex,FALSE,44523,5969500,1000000
2017,1220,South Amboy city,Middlesex,FALSE,8639,2950590.6,0
2017,1221,South Brunswick township,Middlesex,FALSE,45685,6266805,915000
2017,1222,South Plainfield borough,Middlesex,FALSE,23965,1999498,100000
2017,1223,South River borough,Middlesex,FALSE,16034,2053000,485000
2017,1224,Spotswood borough,Middlesex,FALSE,8299,930400,283154.47
2017,1225,Woodbridge township,Middlesex,FALSE,100064,13717534,3364000
2017,1301,Allenhurst borough,Monmouth,FALSE,486,468500,0
2017,1302,Allentown borough,Monmouth,FALSE,1799,280400,0
2017,1303,Asbury Park city,Monmouth,TRUE,15664,NA,NA
2017,1304,Atlantic Highlands borough,Monmouth,FALSE,4284,722500,210000
2017,1305,Avon-by-the-Sea borough,Monmouth,FALSE,1782,506300,108000
2017,1306,Belmar borough,Monmouth,FALSE,5644,1259000,430000
2017,1307,Bradley Beach borough,Monmouth,FALSE,4197,845888,219925
2017,1308,Brielle borough,Monmouth,FALSE,4693,575000,730000
2017,1309,Colts Neck township,Monmouth,FALSE,9896,1509095.16,165061.67
2017,1310,Deal borough,Monmouth,FALSE,728,908350,145000
2017,1311,Eatontown borough,Monmouth,FALSE,12295,3881730,361600
2017,1312,Englishtown borough,Monmouth,FALSE,1930,115200,144000
2017,1313,Fair Haven borough,Monmouth,FALSE,5910,1028260,205000
2017,1314,Farmingdale borough,Monmouth,FALSE,1289,98750,0
2017,1315,Freehold borough,Monmouth,FALSE,11812,1538830,586845
2017,1316,Freehold township,Monmouth,FALSE,34839,3737650,0
2017,1317,Highlands borough,Monmouth,FALSE,4773,505000,474000
2017,1318,Holmdel township,Monmouth,FALSE,16542,2591971,0
2017,1319,Howell township,Monmouth,FALSE,52113,4482992,478300
2017,1320,Interlaken borough,Monmouth,FALSE,796,306477.9,14725
2017,1321,Keansburg borough,Monmouth,FALSE,9739,1187700,818000
2017,1322,Keyport borough,Monmouth,FALSE,7035,828500,220000
2017,1323,Little Silver borough,Monmouth,FALSE,5864,1471500,215000
2017,1324,Loch Arbour village,Monmouth,FALSE,182,30200,52000
2017,1325,Long Branch city,Monmouth,FALSE,30559,5705866,1405700
2017,1326,Manalapan township,Monmouth,FALSE,39764,6334675,65000
2017,1327,Manasquan borough,Monmouth,FALSE,5862,886777,308650
2017,1328,Marlboro township,Monmouth,FALSE,40030,5296742.91,173556
2017,1329,Matawan borough,Monmouth,FALSE,8799,941860,638300
2017,1330,Aberdeen township,Monmouth,FALSE,18176,1166934,0
2017,1331,Middletown township,Monmouth,FALSE,65160,9301956.71,0
2017,1332,Millstone township,Monmouth,FALSE,10470,843834.75,20000
2017,1333,Monmouth Beach borough,Monmouth,FALSE,3220,679127,218500
2017,1334,Neptune township,Monmouth,FALSE,27655,4423000,1315000
2017,1335,Neptune City borough,Monmouth,FALSE,4678,1049815,70000
2017,1336,Tinton Falls borough,Monmouth,FALSE,17675,3365400,0
2017,1337,Ocean township,Monmouth,FALSE,26809,4522393,818500
2017,1338,Oceanport borough,Monmouth,FALSE,5719,876960,235440
2017,1339,Hazlet township,Monmouth,FALSE,19874,2637030.76,0
2017,1340,Red Bank borough,Monmouth,FALSE,12071,2052199.67,435000
2017,1341,Roosevelt borough,Monmouth,FALSE,846,127250,33400
2017,1342,Rumson borough,Monmouth,FALSE,6814,2233094,500000
2017,1343,Sea Bright borough,Monmouth,FALSE,1368,465500,100000
2017,1344,Sea Girt borough,Monmouth,FALSE,1762,881058.11,0
2017,1345,Shrewsbury borough,Monmouth,FALSE,4096,1242600,156000
2017,1346,Shrewsbury township,Monmouth,FALSE,1005,163500,3000
2017,1347,Lake Como borough,Monmouth,FALSE,1704,362580,62000
2017,1348,Spring Lake borough,Monmouth,FALSE,2942,1831250,145500
2017,1349,Spring Lake Heights borough,Monmouth,FALSE,4587,872400,175000
2017,1350,Union Beach borough,Monmouth,FALSE,5399,826700,642100
2017,1351,Upper Freehold township,Monmouth,FALSE,6932,246505,22000
2017,1352,Wall township,Monmouth,FALSE,25794,5509437.22,1050000
2017,1353,West Long Branch borough,Monmouth,FALSE,7928,932395,230000
2017,1401,Boonton town,Morris,FALSE,8256,1665647,525000
2017,1402,Boonton township,Morris,FALSE,4300,812748,0
2017,1403,Butler borough,Morris,FALSE,7679,1654240,0
2017,1404,Chatham borough,Morris,FALSE,8824,1324335,0
2017,1405,Chatham township,Morris,FALSE,10310,2107000,0
2017,1406,Chester borough,Morris,FALSE,1648,507348,0
2017,1407,Chester township,Morris,FALSE,7806,1665500,378000
2017,1408,Denville township,Morris,FALSE,16744,2692820,0
2017,1409,Dover town,Morris,FALSE,18029,1476014,0
2017,1410,East Hanover township,Morris,FALSE,11103,2333550,0
2017,1411,Florham Park borough,Morris,FALSE,11647,2196655,71000
2017,1412,Hanover township,Morris,FALSE,14486,3085800,525000
2017,1413,Harding township,Morris,FALSE,3808,1025850,0
2017,1414,Jefferson township,Morris,FALSE,21094,2554528,0
2017,1415,Kinnelon borough,Morris,FALSE,10088,2383842.28,382000
2017,1416,Lincoln Park borough,Morris,FALSE,10351,2555105,0
2017,1417,Madison borough,Morris,FALSE,15868,4567291,1657300
2017,1418,Mendham borough,Morris,FALSE,4923,862980,225460
2017,1419,Mendham township,Morris,FALSE,5773,1346990,251000
2017,1420,Mine Hill township,Morris,FALSE,3554,419943,0
2017,1421,Montville township,Morris,FALSE,21429,2218195,1939600
2017,1422,Morris township,Morris,FALSE,22266,5664434.61,0
2017,1423,Morris Plains borough,Morris,FALSE,5520,2375770,237000
2017,1424,Morristown town,Morris,FALSE,18817,6436691,0
2017,1425,Mountain Lakes borough,Morris,FALSE,4295,1117907,4000
2017,1426,Mount Arlington borough,Morris,FALSE,5803,972351.41,25000
2017,1427,Mount Olive township,Morris,FALSE,28936,1763067,0
2017,1428,Netcong borough,Morris,FALSE,3191,278778,0
2017,1429,Parsippany-Troy Hills township,Morris,FALSE,52595,6707332,1735000
2017,1430,Long Hill township,Morris,FALSE,8614,1684715,744000
2017,1431,Pequannock township,Morris,FALSE,15225,1147165,0
2017,1432,Randolph township,Morris,FALSE,25587,4472684,1959336
2017,1433,Riverdale borough,Morris,FALSE,4212,519825,280000
2017,1434,Rockaway borough,Morris,FALSE,6413,806267,544784
2017,1435,Rockaway township,Morris,FALSE,25177,3275341,0
2017,1436,Roxbury township,Morris,FALSE,23047,4529982,0
2017,1437,Victory Gardens borough,Morris,FALSE,1499,209080,127300
2017,1438,Washington township,Morris,FALSE,18509,2695336,0
2017,1439,Wharton borough,Morris,FALSE,6494,538414,0
2017,1501,Barnegat Light borough,Ocean,FALSE,584,217000,350067.47
2017,1502,Bay Head borough,Ocean,FALSE,971,498296.6,211537.42
2017,1503,Beach Haven borough,Ocean,FALSE,1181,1311936,0
2017,1504,Beachwood borough,Ocean,FALSE,11198,1282640,517500
2017,1505,Berkeley township,Ocean,FALSE,41727,4509123,1600000
2017,1506,Brick township,Ocean,FALSE,75297,8771429,2800000
2017,1507,Toms River township,Ocean,FALSE,92146,15148413.01,3272500
2017,1508,Eagleswood township,Ocean,FALSE,1596,392000,0
2017,1509,Harvey Cedars borough,Ocean,FALSE,341,620289,62730
2017,1510,Island Heights borough,Ocean,TRUE,1659,NA,NA
2017,1511,Jackson township,Ocean,FALSE,56942,4668198,274000
2017,1512,Lacey township,Ocean,FALSE,28690,5622720,0
2017,1513,Lakehurst borough,Ocean,FALSE,2685,392000,100000
2017,1514,Lakewood township,Ocean,FALSE,102315,9805290,3495294
2017,1515,Lavallette borough,Ocean,FALSE,1840,1073600,169000
2017,1516,Little Egg Harbor township,Ocean,TRUE,21061,NA,NA
2017,1517,Long Beach township,Ocean,FALSE,3049,3752762,555000
2017,1518,Manchester township,Ocean,FALSE,43391,3952000,0
2017,1519,Mantoloking borough,Ocean,FALSE,247,442772,104814
2017,1520,Ocean township,Ocean,FALSE,9012,1358000,269000
2017,1521,Ocean Gate borough,Ocean,FALSE,2008,173151,175000
2017,1522,Pine Beach borough,Ocean,FALSE,2161,214000,80000
2017,1523,Plumsted township,Ocean,FALSE,8505,224760,0
2017,1524,Point Pleasant borough,Ocean,FALSE,18568,2768350,627000
2017,1525,Point Pleasant Beach borough,Ocean,FALSE,4524,1699501,249000
2017,1526,Seaside Heights borough,Ocean,TRUE,2886,NA,NA
2017,1527,Seaside Park borough,Ocean,FALSE,1538,1149500,150000
2017,1528,Ship Bottom borough,Ocean,FALSE,1138,832000,195000
2017,1529,South Toms River borough,Ocean,FALSE,3654,292500,144500
2017,1530,Stafford township,Ocean,FALSE,27269,6116725,1400000
2017,1531,Surf City borough,Ocean,FALSE,1182,772168,180000
2017,1532,Tuckerton borough,Ocean,FALSE,3352,573900,195000
2017,1533,Barnegat township,Ocean,FALSE,22707,2691150,688000
2017,1601,Bloomingdale borough,Passaic,FALSE,8101,814360,834868
2017,1602,Clifton city,Passaic,FALSE,85267,4918900,4375000
2017,1603,Haledon borough,Passaic,FALSE,8330,1282500,220000
2017,1604,Hawthorne borough,Passaic,FALSE,18802,2795709,488250
2017,1605,Little Falls township,Passaic,FALSE,14493,1996132,375000
2017,1606,North Haledon borough,Passaic,FALSE,8468,2233883,100
2017,1607,Passaic city,Passaic,FALSE,70123,1061410,2120000
2017,1608,Paterson city,Passaic,TRUE,146015,NA,NA
2017,1609,Pompton Lakes borough,Passaic,FALSE,11029,2062250,10919
2017,1610,Prospect Park borough,Passaic,FALSE,5871,404391,341000
2017,1611,Ringwood borough,Passaic,FALSE,12253,3611990,0
2017,1612,Totowa borough,Passaic,FALSE,10825,2195160,335000
2017,1613,Wanaque borough,Passaic,FALSE,11740,1808450,0
2017,1614,Wayne township,Passaic,FALSE,54026,9545246,66465
2017,1615,West Milford township,Passaic,FALSE,26425,4221035,0
2017,1616,Woodland Park borough,Passaic,FALSE,12634,2899346,0
2017,1701,Alloway township,Salem,FALSE,3356,280969.46,102130.44
2017,1702,Elmer borough,Salem,FALSE,1320,47991,126500
2017,1703,Elsinboro township,Salem,FALSE,978,148050,29000
2017,1704,Lower Alloways Creek township,Salem,FALSE,1694,966000,57000
2017,1705,Mannington township,Salem,FALSE,1711,186605,0
2017,1706,Oldmans township,Salem,FALSE,1802,197150,55000
2017,1707,Penns Grove borough,Salem,TRUE,4802,NA,NA
2017,1708,Pennsville township,Salem,FALSE,12528,1918969,351502
2017,1709,Pilesgrove township,Salem,FALSE,4005,434900,0
2017,1710,Pittsgrove township,Salem,FALSE,8873,534390,168500
2017,1711,Quinton township,Salem,FALSE,2475,161000,209565
2017,1712,Salem city,Salem,TRUE,4785,NA,NA
2017,1713,Carneys Point township,Salem,FALSE,7739,685495.42,170000
2017,1714,Upper Pittsgrove township,Salem,TRUE,3356,NA,NA
2017,1715,Woodstown borough,Salem,FALSE,3459,151050,66100
2017,1801,Bedminster township,Somerset,FALSE,8072,1233636,0
2017,1802,Bernards township,Somerset,FALSE,27206,4665930,287617
2017,1803,Bernardsville borough,Somerset,FALSE,7702,2342801,0
2017,1804,Bound Brook borough,Somerset,FALSE,10305,1191803,0
2017,1805,Branchburg township,Somerset,FALSE,14466,2259000,0
2017,1806,Bridgewater township,Somerset,FALSE,44661,3501270.5,0
2017,1807,Far Hills borough,Somerset,FALSE,913,196695.38,0
2017,1808,Franklin township,Somerset,FALSE,65670,2816650,648300
2017,1809,Green Brook township,Somerset,FALSE,7093,563390.13,0
2017,1810,Hillsborough township,Somerset,FALSE,39421,3339898,0
2017,1811,Manville borough,Somerset,FALSE,10241,1641140,0
2017,1812,Millstone borough,Somerset,FALSE,413,81200,0
2017,1813,Montgomery township,Somerset,FALSE,23188,3187825,0
2017,1814,North Plainfield borough,Somerset,FALSE,21541,1728800,0
2017,1815,Peapack and Gladstone borough,Somerset,FALSE,2569,821446.99,76125
2017,1816,Raritan borough,Somerset,FALSE,7878,1495580,0
2017,1817,Rocky Hill borough,Somerset,FALSE,677,150450,0
2017,1818,Somerville borough,Somerset,FALSE,12210,1117750,854000
2017,1819,South Bound Brook borough,Somerset,FALSE,4562,616500,445000
2017,1820,Warren township,Somerset,FALSE,15735,3325050,0
2017,1821,Watchung borough,Somerset,FALSE,6050,1281400,35000
2017,1901,Andover borough,Sussex,FALSE,568,15800,20200
2017,1902,Andover township,Sussex,FALSE,5935,1455710,0
2017,1903,Branchville borough,Sussex,FALSE,786,329632,0
2017,1904,Byram township,Sussex,FALSE,7970,1728800,684500
2017,1905,Frankford township,Sussex,FALSE,5342,1059500,10300
2017,1906,Franklin borough,Sussex,FALSE,4761,638008,415000
2017,1907,Fredon township,Sussex,FALSE,3185,771731,0
2017,1908,Green township,Sussex,FALSE,3485,704911,332258.56
2017,1909,Hamburg borough,Sussex,FALSE,3143,185000,0
2017,1910,Hampton township,Sussex,FALSE,4883,1520400,0
2017,1911,Hardyston township,Sussex,FALSE,7838,933691.89,0
2017,1912,Hopatcong borough,Sussex,FALSE,14245,2027938,1256500
2017,1913,Lafayette township,Sussex,FALSE,2393,485906.94,0
2017,1914,Montague township,Sussex,FALSE,3679,484500,0
2017,1915,Newton town,Sussex,FALSE,7817,939144,500
2017,1916,Ogdensburg borough,Sussex,FALSE,2274,272650.3,166000
2017,1917,Sandyston township,Sussex,FALSE,1846,306600,0
2017,1918,Sparta township,Sussex,FALSE,18705,2397490,0
2017,1919,Stanhope borough,Sussex,FALSE,3334,628621,0
2017,1920,Stillwater township,Sussex,FALSE,3907,736019,0
2017,1921,Sussex borough,Sussex,FALSE,2005,282105,0
2017,1922,Vernon township,Sussex,FALSE,22190,2527800,0
2017,1923,Walpack township,Sussex,FALSE,11,1600,0
2017,1924,Wantage township,Sussex,FALSE,10895,893551,27472
2017,2001,Berkeley Heights township,Union,FALSE,13434,2731400,0
2017,2002,Clark township,Union,FALSE,15856,1758143,0
2017,2003,Cranford township,Union,FALSE,24051,3178423.52,0
2017,2004,Elizabeth city,Union,FALSE,128175,15094087,9500000
2017,2005,Fanwood borough,Union,FALSE,7675,939007.28,0
2017,2006,Garwood borough,Union,FALSE,4342,770340,187300
2017,2007,Hillside township,Union,TRUE,21972,NA,NA
2017,2008,Kenilworth borough,Union,FALSE,8178,1756500,280500
2017,2009,Linden city,Union,FALSE,42370,9162000,339100
2017,2010,Mountainside borough,Union,FALSE,6841,955400,0
2017,2011,New Providence borough,Union,FALSE,13109,2486350,1465500
2017,2012,Plainfield city,Union,FALSE,50367,3940093,1200000
2017,2013,Rahway city,Union,FALSE,29631,6332000,0
2017,2014,Roselle borough,Union,FALSE,21603,4478800,0
2017,2015,Roselle Park borough,Union,FALSE,13596,2330650,0
2017,2016,Scotch Plains township,Union,FALSE,24279,2439920,0
2017,2017,Springfield township,Union,FALSE,17434,5613170,971474
2017,2018,Summit city,Union,FALSE,21963,4354600,1113100
2017,2019,Union township,Union,FALSE,58460,4924763,5197421
2017,2020,Westfield town,Union,FALSE,29899,5128956,0
2017,2021,Winfield township,Union,FALSE,1503,35690,100
2017,2101,Allamuchy township,Warren,FALSE,4602,420450,0
2017,2102,Alpha borough,Warren,FALSE,2273,248720,176500
2017,2103,Belvidere town,Warren,FALSE,2579,597350,1500
2017,2104,Blairstown township,Warren,FALSE,5725,541450,15225
2017,2105,Franklin township,Warren,FALSE,3045,417592,0
2017,2106,Frelinghuysen township,Warren,FALSE,2182,267885,0
2017,2107,Greenwich township,Warren,FALSE,5477,487669,0
2017,2108,Hackettstown town,Warren,FALSE,9466,941930,0
2017,2109,Hardwick township,Warren,FALSE,1627,260726,0
2017,2110,Harmony township,Warren,FALSE,2490,410858,6069
2017,2111,Hope township,Warren,FALSE,1868,224911,0
2017,2112,Independence township,Warren,FALSE,5449,446881,0
2017,2113,Knowlton township,Warren,FALSE,2951,499600,11500
2017,2114,Liberty township,Warren,FALSE,2816,372000,0
2017,2115,Lopatcong township,Warren,FALSE,8271,633198,9800
2017,2116,Mansfield township,Warren,TRUE,7385,NA,NA
2017,2117,Oxford township,Warren,FALSE,2434,341871,0
2017,2119,Phillipsburg town,Warren,FALSE,14313,2059300,521000
2017,2120,Pohatcong township,Warren,FALSE,3199,504939,0
2017,2121,Washington borough,Warren,FALSE,6495,981604.44,0
2017,2122,Washington township,Warren,FALSE,6377,978469,0
2017,2123,White township,Warren,FALSE,4691,376500,0
2018,0101,Absecon city,Atlantic,FALSE,8393,553000,649000
2018,0102,Atlantic City,Atlantic,FALSE,37594,11936909,0
2018,0103,Brigantine city,Atlantic,FALSE,8716,3569075,0
2018,0104,Buena borough,Atlantic,FALSE,4325,624100,0
2018,0105,Buena Vista township,Atlantic,FALSE,7259,1107000,225000
2018,0106,Corbin City city,Atlantic,FALSE,494,79888,20500
2018,0107,Egg Harbor City city,Atlantic,FALSE,4073,852540,0
2018,0108,Egg Harbor township,Atlantic,FALSE,42439,3715697,1493533
2018,0109,Estell Manor city,Atlantic,FALSE,1715,216280,59000
2018,0110,Folsom borough,Atlantic,FALSE,1781,291901,62000
2018,0111,Galloway township,Atlantic,FALSE,35785,1927725,82000
2018,0112,Hamilton township,Atlantic,FALSE,25628,4319500,0
2018,0113,Hammonton town,Atlantic,FALSE,14013,1638211.15,0
2018,0114,Linwood city,Atlantic,FALSE,6700,580581,636500
2018,0115,Longport borough,Atlantic,FALSE,853,347000,0
2018,0116,Margate City city,Atlantic,FALSE,5927,3169375,0
2018,0117,Mullica township,Atlantic,FALSE,5892,475700,115000
2018,0118,Northfield city,Atlantic,FALSE,8077,793001,703500
2018,0119,Pleasantville city,Atlantic,FALSE,20259,1487250,1463789
2018,0120,Port Republic city,Atlantic,FALSE,1056,237001,0
2018,0121,Somers Point city,Atlantic,FALSE,10229,1832000,279000
2018,0122,Ventnor City city,Atlantic,FALSE,9984,2809024,0
2018,0123,Weymouth township,Atlantic,FALSE,2797,392000,2000
2018,0201,Allendale borough,Bergen,FALSE,6765,1916298,0
2018,0202,Alpine borough,Bergen,FALSE,1852,448785,0
2018,0203,Bergenfield borough,Bergen,FALSE,27384,4113900,933000
2018,0204,Bogota borough,Bergen,FALSE,8376,1015500,1052000
2018,0205,Carlstadt borough,Bergen,FALSE,6165,2448000,225000
2018,0206,Cliffside Park borough,Bergen,FALSE,25772,2788800,875000
2018,0207,Closter borough,Bergen,FALSE,8547,1834050,258000
2018,0208,Cresskill borough,Bergen,FALSE,8722,3390100,267000
2018,0209,Demarest borough,Bergen,FALSE,4924,1709305,0
2018,0210,Dumont borough,Bergen,FALSE,17612,4040704,0
2018,0211,Elmwood Park borough,Bergen,FALSE,20038,1836000,1453633
2018,0212,East Rutherford borough,Bergen,FALSE,9724,2411800,325000
2018,0213,Edgewater borough,Bergen,FALSE,12667,1899323.24,750000
2018,0214,Emerson borough,Bergen,FALSE,7613,1950006,81500
2018,0215,Englewood city,Bergen,FALSE,28512,5694767,950000
2018,0216,Englewood Cliffs borough,Bergen,FALSE,5366,1610776,0
2018,0217,Fair Lawn borough,Bergen,FALSE,32990,4475370,3835500
2018,0218,Fairview borough,Bergen,FALSE,14241,1988287,0
2018,0219,Fort Lee borough,Bergen,FALSE,37796,8266447,6231000
2018,0220,Franklin Lakes borough,Bergen,TRUE,11047,NA,NA
2018,0221,Garfield city,Bergen,FALSE,31735,1695482,2000000
2018,0222,Glen Rock borough,Bergen,FALSE,11777,3620736,250000
2018,0223,Hackensack city,Bergen,FALSE,44354,4275850,3520800
2018,0224,Harrington Park borough,Bergen,FALSE,4744,1073000,152175
2018,0225,Hasbrouck Heights borough,Bergen,FALSE,12053,2497100,413750
2018,0226,Haworth borough,Bergen,FALSE,3414,1353876,0
2018,0227,Hillsdale borough,Bergen,FALSE,10344,1997400,1026000
2018,0228,Ho-Ho-Kus borough,Bergen,FALSE,4096,1537000,0
2018,0229,Leonia borough,Bergen,FALSE,9073,2060950,0
2018,0230,Little Ferry borough,Bergen,FALSE,10777,1644934,1639400
2018,0231,Lodi borough,Bergen,FALSE,24428,2977500,600000
2018,0232,Lyndhurst township,Bergen,FALSE,22485,2218146.99,1205000
2018,0233,Mahwah township,Bergen,FALSE,26281,3104965,1874500
2018,0234,Maywood borough,Bergen,FALSE,9654,1981900,2108107
2018,0235,Midland Park borough,Bergen,FALSE,7247,1283853.09,225000
2018,0236,Montvale borough,Bergen,FALSE,8565,376100,615000
2018,0237,Moonachie borough,Bergen,FALSE,2714,780525,95500
2018,0238,New Milford borough,Bergen,FALSE,16495,3346500,1347915
2018,0239,North Arlington borough,Bergen,FALSE,15676,1912000,1893738
2018,0240,Northvale borough,Bergen,FALSE,4902,965229,1026868
2018,0241,Norwood borough,Bergen,FALSE,5806,1656373,650000
2018,0242,Oakland borough,Bergen,FALSE,12966,1454050,1347000
2018,0243,Old Tappan borough,Bergen,TRUE,5922,NA,NA
2018,0244,Oradell borough,Bergen,FALSE,8160,2362580.6,209500
2018,0245,Palisades Park borough,Bergen,FALSE,20719,862000,1397155
2018,0246,Paramus borough,Bergen,FALSE,26454,8069629,975000
2018,0247,Park Ridge borough,Bergen,FALSE,8755,2081962,86000
2018,0248,Ramsey borough,Bergen,FALSE,14931,4037500,680000
2018,0249,Ridgefield borough,Bergen,FALSE,11221,2261631,321000
2018,0250,Ridgefield Park village,Bergen,FALSE,12955,2796243,550000
2018,0251,Ridgewood village,Bergen,FALSE,25164,4927615,2103077
2018,0252,River Edge borough,Bergen,FALSE,11483,2296805,260000
2018,0253,River Vale township,Bergen,FALSE,10015,2008588,0
2018,0254,Rochelle Park township,Bergen,FALSE,5592,1129616,327437
2018,0255,Rockleigh borough,Bergen,TRUE,532,NA,NA
2018,0256,Rutherford borough,Bergen,FALSE,18386,5008550,620600
2018,0257,Saddle Brook township,Bergen,FALSE,13876,2551153,75000
2018,0258,Saddle River borough,Bergen,FALSE,3181,1398450,120000
2018,0259,South Hackensack township,Bergen,FALSE,2446,885000,100000
2018,0260,Teaneck township,Bergen,FALSE,40449,6808813.11,1e-8
2018,0261,Tenafly borough,Bergen,FALSE,14584,4513387,428000
2018,0262,Teterboro borough,Bergen,TRUE,68,NA,NA
2018,0263,Upper Saddle River borough,Bergen,FALSE,8236,1634528,0
2018,0264,Waldwick borough,Bergen,FALSE,10157,1502305,684700
2018,0265,Wallington borough,Bergen,FALSE,11543,1030200,11800
2018,0266,Washington township,Bergen,FALSE,9215,1281160,67000
2018,0267,Westwood borough,Bergen,FALSE,11111,2305000,0
2018,0268,Woodcliff Lake borough,Bergen,FALSE,5843,1471400,199000
2018,0269,Wood-Ridge borough,Bergen,FALSE,9121,2349800,0
2018,0270,Wyckoff township,Bergen,FALSE,16998,2970426,430000
2018,0301,Bass River township,Burlington,FALSE,1421,237244,4524
2018,0302,Beverly city,Burlington,FALSE,2481,218000,92500
2018,0303,Bordentown city,Burlington,FALSE,3796,268400,190000
2018,0304,Bordentown township,Burlington,FALSE,11932,1752373.63,12500
2018,0305,Burlington city,Burlington,FALSE,9873,1323411.95,386588
2018,0306,Burlington township,Burlington,FALSE,22497,3306532,0
2018,0307,Chesterfield township,Burlington,FALSE,7574,419275,0
2018,0308,Cinnaminson township,Burlington,FALSE,16351,2585924,25000
2018,0309,Delanco township,Burlington,FALSE,4437,662942,166000
2018,0310,Delran township,Burlington,FALSE,16502,1284651,1155261
2018,0311,Eastampton township,Burlington,FALSE,5942,330669.48,157622
2018,0312,Edgewater Park township,Burlington,FALSE,8664,911417.71,211500
2018,0313,Evesham township,Burlington,FALSE,45009,2120900,2499102
2018,0314,Fieldsboro borough,Burlington,FALSE,538,41000,53500
2018,0315,Florence township,Burlington,FALSE,12526,1686362,19500
2018,0316,Hainesport township,Burlington,FALSE,5996,603250,229700
2018,0317,Lumberton township,Burlington,FALSE,12191,1084195,0
2018,0318,Mansfield township,Burlington,FALSE,8522,612350,260000
2018,0319,Maple Shade township,Burlington,FALSE,18506,1698248,1090000
2018,0320,Medford township,Burlington,FALSE,23326,2481862,820900
2018,0321,Medford Lakes borough,Burlington,FALSE,3942,624065,155000
2018,0322,Moorestown township,Burlington,FALSE,20330,2995900,719000
2018,0323,Mount Holly township,Burlington,FALSE,9560,942173,325000
2018,0324,Mount Laurel township,Burlington,FALSE,41150,4504978,1683000
2018,0325,New Hanover township,Burlington,FALSE,7808,122250,60000
2018,0326,North Hanover township,Burlington,FALSE,7489,333587.87,41000
2018,0327,Palmyra borough,Burlington,FALSE,7153,1007909,235000
2018,0328,Pemberton borough,Burlington,FALSE,1328,0,45000
2018,0329,Pemberton township,Burlington,FALSE,27041,3244678,898000
2018,0330,Riverside township,Burlington,FALSE,7829,285000,538400
2018,0331,Riverton borough,Burlington,FALSE,2687,463283,102000
2018,0332,Shamong township,Burlington,FALSE,6375,894481,0
2018,0333,Southampton township,Burlington,FALSE,10113,1203291,362100
2018,0334,Springfield township,Burlington,FALSE,3268,312200,108000
2018,0335,Tabernacle township,Burlington,FALSE,6817,1267700,15000
2018,0336,Washington township,Burlington,FALSE,709,94650,93650
2018,0337,Westampton township,Burlington,FALSE,8666,1016947,287000
2018,0338,Willingboro township,Burlington,FALSE,31850,3137622.01,1088000
2018,0339,Woodland township,Burlington,FALSE,1768,118275,0
2018,0340,Wrightstown borough,Burlington,FALSE,778,119000,41500
2018,0401,Audubon borough,Camden,FALSE,8649,1302711,470000
2018,0402,Audubon Park borough,Camden,FALSE,1003,83000,0
2018,0403,Barrington borough,Camden,FALSE,6679,767090,484874
2018,0404,Bellmawr borough,Camden,FALSE,11372,2355282.48,0
2018,0405,Berlin borough,Camden,FALSE,7546,829521.66,278700
2018,0406,Berlin township,Camden,FALSE,5637,968125,207500
2018,0407,Brooklawn borough,Camden,FALSE,1900,275800,63000
2018,0408,Camden city,Camden,TRUE,73725,NA,NA
2018,0409,Cherry Hill township,Camden,FALSE,70935,9186983.11,1665000
2018,0410,Chesilhurst borough,Camden,FALSE,1622,322801.56,48000
2018,0411,Clementon borough,Camden,FALSE,4947,378271.5,121000
2018,0412,Collingswood borough,Camden,FALSE,13901,556000,986500
2018,0413,Gibbsboro borough,Camden,FALSE,2226,451860,0
2018,0414,Gloucester City city,Camden,FALSE,11232,1803949,331500
2018,0415,Gloucester township,Camden,FALSE,63794,8804543,1085000
2018,0416,Haddon township,Camden,FALSE,14552,1986400,410000
2018,0417,Haddonfield borough,Camden,FALSE,11327,2247250,345000
2018,0418,Haddon Heights borough,Camden,FALSE,7534,1147975,248100
2018,0419,Hi-Nella borough,Camden,FALSE,859,93900,600
2018,0420,Laurel Springs borough,Camden,FALSE,1868,154500,71800
2018,0421,Lawnside borough,Camden,TRUE,2891,NA,NA
2018,0422,Lindenwold borough,Camden,FALSE,17288,1250351,571700
2018,0423,Magnolia borough,Camden,FALSE,4277,399308.72,145000
2018,0424,Merchantville borough,Camden,FALSE,3704,438072,124595
2018,0425,Mount Ephraim borough,Camden,FALSE,4592,788310,6150
2018,0426,Oaklyn borough,Camden,FALSE,3959,696959.93,150116.46
2018,0427,Pennsauken township,Camden,FALSE,35665,1398540,0
2018,0428,Pine Hill borough,Camden,FALSE,10428,1092235,443800
2018,0429,Pine Valley borough,Camden,FALSE,11,7000,0
2018,0430,Runnemede borough,Camden,FALSE,8309,894120,240000
2018,0431,Somerdale borough,Camden,FALSE,5467,572085,122500
2018,0432,Stratford borough,Camden,FALSE,6962,561152.96,195010.39
2018,0433,Tavistock borough,Camden,FALSE,5,12400,0
2018,0434,Voorhees township,Camden,FALSE,29208,3275600,697000
2018,0435,Waterford township,Camden,FALSE,10695,1619840,253750
2018,0436,Winslow township,Camden,FALSE,38666,2954106,3198600
2018,0437,Woodlynne borough,Camden,FALSE,2918,322600,101000
2018,0501,Avalon borough,Cape May,FALSE,1246,3202095.9967949996,250000
2018,0502,Cape May city,Cape May,FALSE,3446,2518438.42,0
2018,0503,Cape May Point borough,Cape May,FALSE,276,196900,0
2018,0504,Dennis township,Cape May,FALSE,6168,882100,0
2018,0505,Lower township,Cape May,FALSE,21462,3109745,730000
2018,0506,Middle township,Cape May,FALSE,18279,2361150,0
2018,0507,North Wildwood city,Cape May,FALSE,3786,3313933.0799999996,3539141
2018,0508,Ocean City city,Cape May,FALSE,11027,8147300,0
2018,0509,Sea Isle City city,Cape May,FALSE,2042,2911700,334200
2018,0510,Stone Harbor borough,Cape May,FALSE,810,2235300,0
2018,0511,Upper township,Cape May,FALSE,11848,3292500,0
2018,0512,West Cape May borough,Cape May,FALSE,1003,153700,159500
2018,0513,West Wildwood borough,Cape May,FALSE,557,182675,42000
2018,0514,Wildwood city,Cape May,FALSE,4991,2998666,903400
2018,0515,Wildwood Crest borough,Cape May,FALSE,3071,4346795,777000
2018,0516,Woodbine borough,Cape May,FALSE,2434,137500,140800
2018,0601,Bridgeton city,Cumberland,FALSE,24337,1378050,0
2018,0602,Commercial township,Cumberland,FALSE,4958,740500,163000
2018,0603,Deerfield township,Cumberland,FALSE,3032,133500,13775
2018,0604,Downe township,Cumberland,FALSE,1495,316500,0
2018,0605,Fairfield township,Cumberland,FALSE,5924,503519.78,110400
2018,0606,Greenwich township,Cumberland,FALSE,764,45588,31000
2018,0607,Hopewell township,Cumberland,FALSE,4362,181747.04,176575
2018,0608,Lawrence township,Cumberland,FALSE,3088,260116,150988
2018,0609,Maurice River township,Cumberland,FALSE,6023,770880,128000
2018,0610,Millville city,Cumberland,FALSE,27578,2471575,708800
2018,0611,Shiloh borough,Cumberland,FALSE,491,33750,35100
2018,0612,Stow Creek township,Cumberland,FALSE,1383,23300,132500
2018,0613,Upper Deerfield township,Cumberland,FALSE,7344,695500,165000
2018,0614,Vineland city,Cumberland,FALSE,59856,3964859,0
2018,0701,Belleville township,Essex,TRUE,36542,NA,NA
2018,0702,Bloomfield township,Essex,FALSE,50097,3364500,4250000
2018,0703,Caldwell borough,Essex,FALSE,7952,1251911.84,0
2018,0704,Cedar Grove township,Essex,FALSE,12520,893311,0
2018,0705,East Orange city,Essex,FALSE,64258,16025407.48,0
2018,0706,Essex Fells borough,Essex,FALSE,2089,567748,326000
2018,0707,Fairfield township,Essex,FALSE,7489,1072000,850000
2018,0708,Glen Ridge borough,Essex,FALSE,7583,954100,958000
2018,0709,Irvington township,Essex,TRUE,54148,NA,NA
2018,0710,Livingston township,Essex,FALSE,30012,3206679.0599999996,2766520
2018,0711,Maplewood township,Essex,FALSE,25194,3184389,0
2018,0712,Millburn township,Essex,FALSE,20143,6438740,2053040
2018,0713,Montclair township,Essex,FALSE,38621,5005806.49,2460000
2018,0714,Newark city,Essex,TRUE,281752,NA,NA
2018,0715,North Caldwell borough,Essex,FALSE,6608,669840,666999
2018,0716,Nutley township,Essex,FALSE,28464,4845093,66000
2018,0717,City of Orange township,Essex,FALSE,30630,5657534.63,0
2018,0718,Roseland borough,Essex,FALSE,5842,1253929,568274
2018,0719,South Orange Village township,Essex,FALSE,16726,2580000,1187822
2018,0720,Verona township,Essex,FALSE,13401,2384275,1302764
2018,0721,West Caldwell township,Essex,FALSE,10853,1363100,510000
2018,0722,West Orange township,Essex,TRUE,47646,NA,NA
2018,0801,Clayton borough,Gloucester,FALSE,8683,952300,311500
2018,0802,Deptford township,Gloucester,FALSE,30437,3798500,900000
2018,0803,East Greenwich township,Gloucester,FALSE,10575,837000,0
2018,0804,Elk township,Gloucester,FALSE,4177,465700,165000
2018,0805,Franklin township,Gloucester,FALSE,16389,1800000,610000
2018,0806,Glassboro borough,Gloucester,FALSE,19994,3373001,530100
2018,0807,Greenwich township,Gloucester,FALSE,4811,1690550,195000
2018,0808,Harrison township,Gloucester,FALSE,13106,1234210,0
2018,0809,Logan township,Gloucester,FALSE,5899,1217000,0
2018,0810,Mantua township,Gloucester,FALSE,14902,1626700,610000
2018,0811,Monroe township,Gloucester,FALSE,36950,4068100,1400000
2018,0812,National Park borough,Gloucester,FALSE,2955,405500,130000
2018,0813,Newfield borough,Gloucester,FALSE,1549,208963.78,0
2018,0814,Paulsboro borough,Gloucester,FALSE,5880,1022525,302600
2018,0815,Pitman borough,Gloucester,FALSE,8772,982621.13,423500
2018,0816,South Harrison township,Gloucester,FALSE,3136,407400,114000
2018,0817,Swedesboro borough,Gloucester,FALSE,2579,388975,2850
2018,0818,Washington township,Gloucester,FALSE,47682,7031250,2255000
2018,0819,Wenonah borough,Gloucester,FALSE,2222,203842.49,74000
2018,0820,West Deptford township,Gloucester,FALSE,21072,3048775.62,1147000
2018,0821,Westville borough,Gloucester,FALSE,4162,217641,1145488
2018,0822,Woodbury city,Gloucester,FALSE,9837,1974500,0
2018,0823,Woodbury Heights borough,Gloucester,FALSE,2973,439400,130000
2018,0824,Woolwich township,Gloucester,FALSE,12783,1033394,371000
2018,0901,Bayonne city,Hudson,FALSE,64677,7956760.5,6310000
2018,0902,East Newark borough,Hudson,FALSE,2635,133100,215500
2018,0903,Guttenberg town,Hudson,FALSE,11231,1042900,950000
2018,0904,Harrison town,Hudson,FALSE,17717,3938485,0
2018,0905,Hoboken city,Hudson,FALSE,53134,2844888,5423583
2018,0906,Jersey City city,Hudson,FALSE,263851,45496641,0
2018,0907,Kearny town,Hudson,FALSE,41212,4006000,7959840
2018,0908,North Bergen township,Hudson,FALSE,61289,5311470,6763100
2018,0909,Secaucus town,Hudson,FALSE,20626,13043248.01,0
2018,0910,Union City city,Hudson,FALSE,68124,12817030,0
2018,0911,Weehawken township,Hudson,TRUE,14767,NA,NA
2018,0912,West New York town,Hudson,FALSE,52668,6834760,553750
2018,1001,Alexandria township,Hunterdon,FALSE,4773,666650,0
2018,1002,Bethlehem township,Hunterdon,FALSE,3871,661100,9000
2018,1003,Bloomsbury borough,Hunterdon,FALSE,842,102540,70000
2018,1004,Califon borough,Hunterdon,FALSE,1052,108764,0
2018,1005,Clinton town,Hunterdon,FALSE,2689,493607,105600
2018,1006,Clinton township,Hunterdon,FALSE,12716,1089900,0
2018,1007,Delaware township,Hunterdon,FALSE,4444,776535,0
2018,1008,East Amwell township,Hunterdon,FALSE,3882,444130,200
2018,1009,Flemington borough,Hunterdon,FALSE,4595,281700,219100
2018,1010,Franklin township,Hunterdon,FALSE,3533,507796,0
2018,1011,Frenchtown borough,Hunterdon,FALSE,1356,201000,109000
2018,1012,Glen Gardner borough,Hunterdon,FALSE,1917,227669,67500
2018,1013,Hampton borough,Hunterdon,FALSE,1324,190264.59,33800
2018,1014,High Bridge borough,Hunterdon,FALSE,3458,333495,0
2018,1015,Holland township,Hunterdon,FALSE,5114,996000,0
2018,1016,Kingwood township,Hunterdon,FALSE,3743,770726,0
2018,1017,Lambertville city,Hunterdon,FALSE,3812,175080,245216
2018,1018,Lebanon borough,Hunterdon,FALSE,1656,207000,48000
2018,1019,Lebanon township,Hunterdon,FALSE,6105,966059,0
2018,1020,Milford borough,Hunterdon,FALSE,1186,112000,101000
2018,1021,Raritan township,Hunterdon,FALSE,22264,2593778.5,55200
2018,1022,Readington township,Hunterdon,FALSE,15872,3026693,0
2018,1023,Stockton borough,Hunterdon,FALSE,514,139500,0
2018,1024,Tewksbury township,Hunterdon,FALSE,5804,1157550,10000
2018,1025,Union township,Hunterdon,FALSE,5536,500000,44001
2018,1026,West Amwell township,Hunterdon,FALSE,2749,424422,30000
2018,1101,East Windsor township,Mercer,FALSE,27313,1187689,0
2018,1102,Ewing township,Mercer,FALSE,36276,3436200,1825000
2018,1103,Hamilton township,Mercer,FALSE,87152,13542225,5300000
2018,1104,Hightstown borough,Mercer,FALSE,5292,833136,201000
2018,1105,Hopewell borough,Mercer,FALSE,1907,375451.38,94350
2018,1106,Hopewell township,Mercer,FALSE,17897,2338253.54,0
2018,1107,Lawrence township,Mercer,FALSE,32524,3687154,1821000
2018,1108,Pennington borough,Mercer,FALSE,2520,686300.0000000001,0
2018,1111,Trenton city,Mercer,FALSE,83604,11668031.43,5333000
2018,1112,Robbinsville township,Mercer,FALSE,14515,1604997.1700000002,621500
2018,1113,West Windsor township,Mercer,FALSE,27918,4353705,25350
2018,1114,Princeton borough,Mercer,FALSE,31270,5768054,0
2018,1201,Carteret borough,Middlesex,FALSE,23527,2878500,4280000
2018,1202,Cranbury township,Middlesex,FALSE,3995,618421,0
2018,1203,Dunellen borough,Middlesex,FALSE,7236,600200,21000
2018,1204,East Brunswick township,Middlesex,FALSE,47800,7459735,1911000
2018,1205,Edison township,Middlesex,FALSE,100287,8914810.96,0
2018,1206,Helmetta borough,Middlesex,FALSE,2166,294285,0
2018,1207,Highland Park borough,Middlesex,FALSE,13807,1894055.4,265000
2018,1208,Jamesburg borough,Middlesex,FALSE,5915,573149,5000
2018,1209,Old Bridge township,Middlesex,FALSE,65639,3923761,0
2018,1210,Metuchen borough,Middlesex,FALSE,14338,1906810,300000
2018,1211,Middlesex borough,Middlesex,FALSE,13651,1699947,360000
2018,1212,Milltown borough,Middlesex,FALSE,7002,766070,547875
2018,1213,Monroe township,Middlesex,FALSE,44648,4251478,1040000
2018,1214,New Brunswick city,Middlesex,FALSE,55878,4339015.61,0
2018,1215,North Brunswick township,Middlesex,FALSE,41670,4218642,865000
2018,1216,Perth Amboy city,Middlesex,FALSE,51677,7415475.37,57683.01
2018,1217,Piscataway township,Middlesex,FALSE,56721,4512834,0
2018,1218,Plainsboro township,Middlesex,FALSE,22968,1475585,0
2018,1219,Sayreville borough,Middlesex,FALSE,44373,6336000,1050000
2018,1220,South Amboy city,Middlesex,FALSE,8859,2998692,0
2018,1221,South Brunswick township,Middlesex,FALSE,45746,6100870,970000
2018,1222,South Plainfield borough,Middlesex,FALSE,24024,1954775,86000
2018,1223,South River borough,Middlesex,FALSE,15948,1995000,515000
2018,1224,Spotswood borough,Middlesex,FALSE,8271,951300,314787.93
2018,1225,Woodbridge township,Middlesex,FALSE,100026,14024824,3030000
2018,1301,Allenhurst borough,Monmouth,FALSE,484,458250,0
2018,1302,Allentown borough,Monmouth,FALSE,1786,276350,0
2018,1303,Asbury Park city,Monmouth,FALSE,15495,4139063,0
2018,1304,Atlantic Highlands borough,Monmouth,FALSE,4312,767000,210000
2018,1305,Avon-by-the-Sea borough,Monmouth,FALSE,1778,494871,0
2018,1306,Belmar borough,Monmouth,FALSE,5581,1297000,430000
2018,1307,Bradley Beach borough,Monmouth,FALSE,4169,980166,143040
2018,1308,Brielle borough,Monmouth,FALSE,4686,700000,738000
2018,1309,Colts Neck township,Monmouth,FALSE,9870,1813532.97,168675
2018,1310,Deal borough,Monmouth,FALSE,722,1001350,155000
2018,1311,Eatontown borough,Monmouth,FALSE,12229,4008365,401600
2018,1312,Englishtown borough,Monmouth,FALSE,1923,134600,156000
2018,1313,Fair Haven borough,Monmouth,FALSE,5814,1042160,212000
2018,1314,Farmingdale borough,Monmouth,FALSE,1320,100350,0
2018,1315,Freehold borough,Monmouth,TRUE,11751,NA,NA
2018,1316,Freehold township,Monmouth,FALSE,34707,3799400,0
2018,1317,Highlands borough,Monmouth,FALSE,4749,806900,205000
2018,1318,Holmdel township,Monmouth,FALSE,16645,2802036,150000
2018,1319,Howell township,Monmouth,FALSE,52051,4584952,465000
2018,1320,Interlaken borough,Monmouth,FALSE,791,311800,14725
2018,1321,Keansburg borough,Monmouth,FALSE,9706,1158500,821000
2018,1322,Keyport borough,Monmouth,FALSE,7046,869500,0
2018,1323,Little Silver borough,Monmouth,FALSE,5807,1489620,205000
2018,1324,Loch Arbour village,Monmouth,FALSE,181,35200,52000
2018,1325,Long Branch city,Monmouth,FALSE,30374,6105261,1405700
2018,1326,Manalapan township,Monmouth,FALSE,39555,6360375,65000
2018,1327,Manasquan borough,Monmouth,FALSE,5838,910060,332000
2018,1328,Marlboro township,Monmouth,FALSE,39829,5324040.96,179260
2018,1329,Matawan borough,Monmouth,FALSE,8687,1032821,646200
2018,1330,Aberdeen township,Monmouth,TRUE,18609,NA,NA
2018,1331,Middletown township,Monmouth,FALSE,65402,16053294.46,0
2018,1332,Millstone township,Monmouth,FALSE,10455,909850,20289.7
2018,1333,Monmouth Beach borough,Monmouth,FALSE,3225,733657,218500
2018,1334,Neptune township,Monmouth,FALSE,27560,4220500,1390000
2018,1335,Neptune City borough,Monmouth,FALSE,4641,1074900,60000
2018,1336,Tinton Falls borough,Monmouth,FALSE,17548,3393000,0
2018,1337,Ocean township,Monmouth,FALSE,26679,4484950,865000
2018,1338,Oceanport borough,Monmouth,FALSE,5746,868882,256629.6
2018,1339,Hazlet township,Monmouth,FALSE,19781,2818084,0
2018,1340,Red Bank borough,Monmouth,FALSE,12035,2066825,445000
2018,1341,Roosevelt borough,Monmouth,FALSE,841,161450,33400
2018,1342,Rumson borough,Monmouth,FALSE,6763,2231973,480000
2018,1343,Sea Bright borough,Monmouth,FALSE,1350,501700,0
2018,1344,Sea Girt borough,Monmouth,FALSE,1769,907962.5,0
2018,1345,Shrewsbury borough,Monmouth,FALSE,4081,1239100,163000
2018,1346,Shrewsbury township,Monmouth,TRUE,999,NA,NA
2018,1347,Lake Como borough,Monmouth,FALSE,1690,364450,62000
2018,1348,Spring Lake borough,Monmouth,FALSE,2922,1857700,136000
2018,1349,Spring Lake Heights borough,Monmouth,FALSE,4550,889000,170000
2018,1350,Union Beach borough,Monmouth,FALSE,5354,834000,643500
2018,1351,Upper Freehold township,Monmouth,FALSE,7011,258630,22000
2018,1352,Wall township,Monmouth,FALSE,25661,5691351.09,1075000
2018,1353,West Long Branch borough,Monmouth,FALSE,7901,909072,250000
2018,1401,Boonton town,Morris,TRUE,8193,NA,NA
2018,1402,Boonton township,Morris,FALSE,4287,879673,0
2018,1403,Butler borough,Morris,FALSE,7633,1782521,0
2018,1404,Chatham borough,Morris,FALSE,8744,1290550,0
2018,1405,Chatham township,Morris,FALSE,10260,2313000,0
2018,1406,Chester borough,Morris,FALSE,1640,475850,0
2018,1407,Chester township,Morris,FALSE,7755,1740600,444000
2018,1408,Denville township,Morris,FALSE,16630,2702548,677000
2018,1409,Dover town,Morris,FALSE,17922,1576662,0
2018,1410,East Hanover township,Morris,FALSE,11028,2463050,0
2018,1411,Florham Park borough,Morris,FALSE,11572,2144700,43000
2018,1412,Hanover township,Morris,FALSE,14395,3197600,525000
2018,1413,Harding township,Morris,FALSE,3794,995100,0
2018,1414,Jefferson township,Morris,FALSE,20943,2640895,0
2018,1415,Kinnelon borough,Morris,FALSE,10010,2415765,350000
2018,1416,Lincoln Park borough,Morris,FALSE,10222,2607827,0
2018,1417,Madison borough,Morris,FALSE,16488,4346032,1657300
2018,1418,Mendham borough,Morris,FALSE,4898,866000,252925
2018,1419,Mendham township,Morris,FALSE,5727,1396885,268700
2018,1420,Mine Hill township,Morris,FALSE,3523,434000,0
2018,1421,Montville township,Morris,FALSE,21281,2252780,2124600
2018,1422,Morris township,Morris,FALSE,22184,5766846.26,0
2018,1423,Morris Plains borough,Morris,FALSE,5899,2493760,239000
2018,1424,Morristown town,Morris,FALSE,19100,6221236,0
2018,1425,Mountain Lakes borough,Morris,FALSE,4266,850601,612752
2018,1426,Mount Arlington borough,Morris,FALSE,5864,1393474.41,405000
2018,1427,Mount Olive township,Morris,FALSE,28983,2822749,0
2018,1428,Netcong borough,Morris,FALSE,3165,301922,0
2018,1429,Parsippany-Troy Hills township,Morris,FALSE,52149,7005864,1800000
2018,1430,Long Hill township,Morris,FALSE,8540,1261990,758000
2018,1431,Pequannock township,Morris,FALSE,15130,1203780,0
2018,1432,Randolph township,Morris,FALSE,25563,4563363,2006400
2018,1433,Riverdale borough,Morris,FALSE,4180,531710,293000
2018,1434,Rockaway borough,Morris,FALSE,6356,844560,635675
2018,1435,Rockaway township,Morris,FALSE,25605,3294094,0
2018,1436,Roxbury township,Morris,FALSE,22859,4691152,0
2018,1437,Victory Gardens borough,Morris,FALSE,1487,214600,130000
2018,1438,Washington township,Morris,FALSE,18353,2827615,0
2018,1439,Wharton borough,Morris,FALSE,6442,538219,0
2018,1501,Barnegat Light borough,Ocean,FALSE,587,210000,350000
2018,1502,Bay Head borough,Ocean,FALSE,973,375223.56,226000
2018,1503,Beach Haven borough,Ocean,FALSE,1196,1379762,0
2018,1504,Beachwood borough,Ocean,FALSE,11264,1282640,519350
2018,1505,Berkeley township,Ocean,FALSE,41908,4592599.44,1600000
2018,1506,Brick township,Ocean,FALSE,75744,9185944,2700000
2018,1507,Toms River township,Ocean,FALSE,93206,15410736,3272500
2018,1508,Eagleswood township,Ocean,FALSE,1600,402527.09,0
2018,1509,Harvey Cedars borough,Ocean,FALSE,341,557740,206730
2018,1510,Island Heights borough,Ocean,FALSE,1673,472974.3,0
2018,1511,Jackson township,Ocean,FALSE,57319,4881187.8,273000
2018,1512,Lacey township,Ocean,FALSE,29103,5690350,0
2018,1513,Lakehurst borough,Ocean,FALSE,2699,414000,100000
2018,1514,Lakewood township,Ocean,FALSE,104178,11181564,3800000
2018,1515,Lavallette borough,Ocean,FALSE,1851,1100600,171500
2018,1516,Little Egg Harbor township,Ocean,FALSE,21363,1791000,750000
2018,1517,Long Beach township,Ocean,FALSE,3063,3802080,555000
2018,1518,Manchester township,Ocean,FALSE,43582,3950000,0
2018,1519,Mantoloking borough,Ocean,FALSE,248,408973,254000
2018,1520,Ocean township,Ocean,FALSE,9060,1385000,273000
2018,1521,Ocean Gate borough,Ocean,FALSE,2022,171800,190000
2018,1522,Pine Beach borough,Ocean,TRUE,2174,NA,NA
2018,1523,Plumsted township,Ocean,FALSE,8544,208210,0
2018,1524,Point Pleasant borough,Ocean,FALSE,18675,2708123,610000
2018,1525,Point Pleasant Beach borough,Ocean,FALSE,4540,1738040,249000
2018,1526,Seaside Heights borough,Ocean,TRUE,2900,NA,NA
2018,1527,Seaside Park borough,Ocean,TRUE,1539,NA,NA
2018,1528,Ship Bottom borough,Ocean,FALSE,1146,1012000,195000
2018,1529,South Toms River borough,Ocean,FALSE,3672,348700,144500
2018,1530,Stafford township,Ocean,FALSE,27578,6410025,1435000
2018,1531,Surf City borough,Ocean,FALSE,1192,NA,NA
2018,1532,Tuckerton borough,Ocean,FALSE,3357,1371965.41,165000
2018,1533,Barnegat township,Ocean,FALSE,23181,2926500,713800
2018,1601,Bloomingdale borough,Passaic,FALSE,8069,877315,823400
2018,1602,Clifton city,Passaic,FALSE,85251,5479000,5800000
2018,1603,Haledon borough,Passaic,FALSE,8314,1309000,234700
2018,1604,Hawthorne borough,Passaic,FALSE,18782,2849528,488250
2018,1605,Little Falls township,Passaic,FALSE,14564,2084004,0
2018,1606,North Haledon borough,Passaic,FALSE,8417,2254846,0
2018,1607,Passaic city,Passaic,FALSE,69932,4295545,4465000
2018,1608,Paterson city,Passaic,FALSE,145594,15910657,9220766
2018,1609,Pompton Lakes borough,Passaic,FALSE,11009,2124250,0
2018,1610,Prospect Park borough,Passaic,FALSE,5858,340839,341000
2018,1611,Ringwood borough,Passaic,FALSE,12223,3770672,0
2018,1612,Totowa borough,Passaic,FALSE,10802,2213055,15000
2018,1613,Wanaque borough,Passaic,FALSE,11737,1670500,0
2018,1614,Wayne township,Passaic,FALSE,53642,9812023,66465
2018,1615,West Milford township,Passaic,FALSE,26378,3855228.34,0
2018,1616,Woodland Park borough,Passaic,FALSE,12611,2975430,0
2018,1701,Alloway township,Salem,FALSE,3359,273830.13,104433.45
2018,1702,Elmer borough,Salem,FALSE,1320,19000,132250
2018,1703,Elsinboro township,Salem,FALSE,976,148000,32000
2018,1704,Lower Alloways Creek township,Salem,FALSE,1682,880000,183500
2018,1705,Mannington township,Salem,FALSE,1713,183600,1500
2018,1706,Oldmans township,Salem,FALSE,1799,228950,71000
2018,1707,Penns Grove borough,Salem,FALSE,4788,124555,15000
2018,1708,Pennsville township,Salem,FALSE,12493,1978376,360100
2018,1709,Pilesgrove township,Salem,FALSE,4002,416900,2890
2018,1710,Pittsgrove township,Salem,FALSE,8851,704925,169000
2018,1711,Quinton township,Salem,FALSE,2465,161000,206290
2018,1712,Salem city,Salem,FALSE,4762,632741,82063
2018,1713,Carneys Point township,Salem,FALSE,7722,629325,180000
2018,1714,Upper Pittsgrove township,Salem,FALSE,3360,332050,105500
2018,1715,Woodstown borough,Salem,FALSE,3454,309750,65000
2018,1801,Bedminster township,Somerset,FALSE,8040,1171176,0
2018,1802,Bernards township,Somerset,FALSE,27169,4839313,300886
2018,1803,Bernardsville borough,Somerset,FALSE,7671,2279300,0
2018,1804,Bound Brook borough,Somerset,FALSE,10255,1258100,0
2018,1805,Branchburg township,Somerset,FALSE,14516,2285000,0
2018,1806,Bridgewater township,Somerset,FALSE,44402,3690232,0
2018,1807,Far Hills borough,Somerset,FALSE,910,178695.38,0
2018,1808,Franklin township,Somerset,FALSE,65664,3181184,648300
2018,1809,Green Brook township,Somerset,FALSE,7066,791991.13,0
2018,1810,Hillsborough township,Somerset,FALSE,39652,3519768,0
2018,1811,Manville borough,Somerset,FALSE,10200,1721500,0
2018,1812,Millstone borough,Somerset,FALSE,411,83500,0
2018,1813,Montgomery township,Somerset,FALSE,23195,2998636,291000
2018,1814,North Plainfield borough,Somerset,FALSE,21460,1802200,0
2018,1815,Peapack and Gladstone borough,Somerset,FALSE,2585,776145,92500
2018,1816,Raritan borough,Somerset,FALSE,7849,1448595,0
2018,1817,Rocky Hill borough,Somerset,FALSE,674,137200,0
2018,1818,Somerville borough,Somerset,FALSE,12161,1165550,908000
2018,1819,South Bound Brook borough,Somerset,FALSE,4552,646000,0
2018,1820,Warren township,Somerset,FALSE,15698,3580300,0
2018,1821,Watchung borough,Somerset,FALSE,6051,1721700,0
2018,1901,Andover borough,Sussex,FALSE,566,14850,18500
2018,1902,Andover township,Sussex,FALSE,5917,1518210,0
2018,1903,Branchville borough,Sussex,FALSE,782,227865,125000
2018,1904,Byram township,Sussex,FALSE,7941,1739300,700500
2018,1905,Frankford township,Sussex,FALSE,5318,1023100,0
2018,1906,Franklin borough,Sussex,FALSE,4740,598755,415000
2018,1907,Fredon township,Sussex,FALSE,3174,783880,0
2018,1908,Green township,Sussex,FALSE,3479,730097,311001
2018,1909,Hamburg borough,Sussex,FALSE,3136,210200,0
2018,1910,Hampton township,Sussex,FALSE,4867,1530800,0
2018,1911,Hardyston township,Sussex,FALSE,7815,910880.7656606517,0
2018,1912,Hopatcong borough,Sussex,FALSE,14197,1843520.51,1261500
2018,1913,Lafayette township,Sussex,FALSE,2376,479978.36,0
2018,1914,Montague township,Sussex,FALSE,3664,492800,0
2018,1915,Newton town,Sussex,FALSE,7941,949477,500
2018,1916,Ogdensburg borough,Sussex,FALSE,2265,276222,166000
2018,1917,Sandyston township,Sussex,FALSE,1835,306600,0
2018,1918,Sparta township,Sussex,FALSE,18625,2473998,0
2018,1919,Stanhope borough,Sussex,FALSE,3318,637256,0
2018,1920,Stillwater township,Sussex,FALSE,3893,747335,0
2018,1921,Sussex borough,Sussex,FALSE,1995,261668.637196854,0
2018,1922,Vernon township,Sussex,FALSE,22093,2582550,0
2018,1923,Walpack township,Sussex,FALSE,11,1600,0
2018,1924,Wantage township,Sussex,FALSE,10853,962251,24447
2018,2001,Berkeley Heights township,Union,FALSE,13470,2814150,0
2018,2002,Clark township,Union,FALSE,15898,1809344,0
2018,2003,Cranford township,Union,FALSE,24100,3154391.71,0
2018,2004,Elizabeth city,Union,FALSE,128599,15721494,9700000
2018,2005,Fanwood borough,Union,FALSE,7684,892360,0
2018,2006,Garwood borough,Union,FALSE,4354,772665,190859
2018,2007,Hillside township,Union,TRUE,22005,NA,NA
2018,2008,Kenilworth borough,Union,FALSE,8199,1839550,0
2018,2009,Linden city,Union,FALSE,42425,9277300,290350
2018,2010,Mountainside borough,Union,FALSE,6864,1075400,0
2018,2011,New Providence borough,Union,FALSE,13454,2548350,1514500
2018,2012,Plainfield city,Union,FALSE,50430,4376764,1200000
2018,2013,Rahway city,Union,FALSE,29802,6662500,0
2018,2014,Roselle borough,Union,FALSE,21846,4402500,0
2018,2015,Roselle Park borough,Union,FALSE,13615,2511745,0
2018,2016,Scotch Plains township,Union,FALSE,24336,2454274,0
2018,2017,Springfield township,Union,FALSE,17472,4119814.57,0
2018,2018,Summit city,Union,FALSE,21960,4918660,647000
2018,2019,Union township,Union,FALSE,58604,9971029.12,0
2018,2020,Westfield town,Union,FALSE,29780,293000,0
2018,2021,Winfield township,Union,FALSE,1505,21000,19000
2018,2101,Allamuchy township,Warren,FALSE,4626,433581,0
2018,2102,Alpha borough,Warren,FALSE,2267,269963,162500
2018,2103,Belvidere town,Warren,FALSE,2572,495610,1500
2018,2104,Blairstown township,Warren,FALSE,5714,538064,15330
2018,2105,Franklin township,Warren,FALSE,3036,421092,0
2018,2106,Frelinghuysen township,Warren,FALSE,2176,288550,0
2018,2107,Greenwich township,Warren,FALSE,5461,456741,0
2018,2108,Hackettstown town,Warren,FALSE,9443,959535,0
2018,2109,Hardwick township,Warren,FALSE,1625,281297,0
2018,2110,Harmony township,Warren,FALSE,2480,449215,4631
2018,2111,Hope township,Warren,TRUE,1865,NA,NA
2018,2112,Independence township,Warren,FALSE,5431,467916,0
2018,2113,Knowlton township,Warren,FALSE,2940,462625,7625
2018,2114,Liberty township,Warren,FALSE,2811,374624,0
2018,2115,Lopatcong township,Warren,FALSE,8304,711525,12000
2018,2116,Mansfield township,Warren,FALSE,7369,592523,0
2018,2117,Oxford township,Warren,FALSE,2427,332209,0
2018,2119,Phillipsburg town,Warren,FALSE,14270,2114275,521000
2018,2120,Pohatcong township,Warren,FALSE,3190,480758,0
2018,2121,Washington borough,Warren,FALSE,6476,1058060,0
2018,2122,Washington township,Warren,FALSE,6371,857300,4000
2018,2123,White township,Warren,FALSE,4674,381500,0
2019,0101,Absecon city,Atlantic,FALSE,8818,601000,670000
2019,0102,Atlantic City,Atlantic,FALSE,37743,10135952,0
2019,0103,Brigantine city,Atlantic,FALSE,8650,3658610,0
2019,0104,Buena borough,Atlantic,FALSE,4284,337100,297500
2019,0105,Buena Vista township,Atlantic,FALSE,7215,1135000,210000
2019,0106,Corbin City city,Atlantic,FALSE,491,79888,13500
2019,0107,Egg Harbor City city,Atlantic,FALSE,4052,393190,454000
2019,0108,Egg Harbor township,Atlantic,FALSE,42249,3855481,1518533
2019,0109,Estell Manor city,Atlantic,FALSE,1729,278000,62000
2019,0110,Folsom borough,Atlantic,FALSE,1775,221201,153000
2019,0111,Galloway township,Atlantic,FALSE,35618,2045328,90000
2019,0112,Hamilton township,Atlantic,FALSE,25746,4209500,0
2019,0113,Hammonton town,Atlantic,FALSE,13934,1876171.76,0
2019,0114,Linwood city,Atlantic,FALSE,6658,859740,627568
2019,0115,Longport borough,Atlantic,FALSE,851,648700,0
2019,0116,Margate City city,Atlantic,FALSE,5865,3188335,0
2019,0117,Mullica township,Atlantic,FALSE,5856,481501,125000
2019,0118,Northfield city,Atlantic,FALSE,8031,789001,730000
2019,0119,Pleasantville city,Atlantic,FALSE,20149,1487250,1463789
2019,0120,Port Republic city,Atlantic,FALSE,1052,237000,0
2019,0121,Somers Point city,Atlantic,FALSE,10174,1896400,274000
2019,0122,Ventnor City city,Atlantic,FALSE,9895,2989351.53,0
2019,0123,Weymouth township,Atlantic,FALSE,2835,432000,2000
2019,0201,Allendale borough,Bergen,FALSE,6734,1979250,0
2019,0202,Alpine borough,Bergen,FALSE,1844,404000,70180
2019,0203,Bergenfield borough,Bergen,FALSE,27327,4282900,978000
2019,0204,Bogota borough,Bergen,FALSE,8335,1209500,300000
2019,0205,Carlstadt borough,Bergen,FALSE,6132,2089000,660000
2019,0206,Cliffside Park borough,Bergen,FALSE,26133,2916800,875000
2019,0207,Closter borough,Bergen,FALSE,8511,2171700,258000
2019,0208,Cresskill borough,Bergen,FALSE,8668,3562000,267000
2019,0209,Demarest borough,Bergen,FALSE,4894,1736830,7700
2019,0210,Dumont borough,Bergen,FALSE,17516,4053396,0
2019,0211,Elmwood Park borough,Bergen,FALSE,19966,1461000,3080073.46
2019,0212,East Rutherford borough,Bergen,FALSE,9687,2510100,345000
2019,0213,Edgewater borough,Bergen,FALSE,13364,2203384,896893.58
2019,0214,Emerson borough,Bergen,FALSE,7596,1998024,132000
2019,0215,Englewood city,Bergen,FALSE,28402,6051200,1090000
2019,0216,Englewood Cliffs borough,Bergen,FALSE,5354,1682132,0
2019,0217,Fair Lawn borough,Bergen,FALSE,32896,4527350,2220500
2019,0218,Fairview borough,Bergen,FALSE,14189,1942511,0
2019,0219,Fort Lee borough,Bergen,FALSE,38605,7472902,6860881
2019,0220,Franklin Lakes borough,Bergen,FALSE,11119,2632326,0
2019,0221,Garfield city,Bergen,FALSE,31802,1603400,4082444
2019,0222,Glen Rock borough,Bergen,FALSE,11707,2341859,2015432
2019,0223,Hackensack city,Bergen,FALSE,44188,4708550,3302250
2019,0224,Harrington Park borough,Bergen,FALSE,4730,1304750,7354
2019,0225,Hasbrouck Heights borough,Bergen,FALSE,11992,2618850,433750
2019,0226,Haworth borough,Bergen,FALSE,3393,1319943,5000
2019,0227,Hillsdale borough,Bergen,FALSE,10307,2036700,977000
2019,0228,Ho-Ho-Kus borough,Bergen,FALSE,4065,775000,635000
2019,0229,Leonia borough,Bergen,FALSE,9035,2069950,0
2019,0230,Little Ferry borough,Bergen,FALSE,10739,1669308,1651913
2019,0231,Lodi borough,Bergen,FALSE,24347,3582500,725000
2019,0232,Lyndhurst township,Bergen,FALSE,22918,2253851,1205000
2019,0233,Mahwah township,Bergen,FALSE,26200,4181850,818500
2019,0234,Maywood borough,Bergen,FALSE,9614,1502700,2406900
2019,0235,Midland Park borough,Bergen,FALSE,7216,1354124.86,225000
2019,0236,Montvale borough,Bergen,FALSE,8570,540000,640000
2019,0237,Moonachie borough,Bergen,FALSE,2702,817000,96000
2019,0238,New Milford borough,Bergen,FALSE,16429,3475000,1388122
2019,0239,North Arlington borough,Bergen,FALSE,15683,1977000,715000
2019,0240,Northvale borough,Bergen,FALSE,4927,886229,1052700
2019,0241,Norwood borough,Bergen,FALSE,5793,1702831,630000
2019,0242,Oakland borough,Bergen,FALSE,12926,1426400,1441600
2019,0243,Old Tappan borough,Bergen,FALSE,5894,734127,5400
2019,0244,Oradell borough,Bergen,FALSE,8131,2464242.45,209500
2019,0245,Palisades Park borough,Bergen,FALSE,20715,970000,3524268.79
2019,0246,Paramus borough,Bergen,FALSE,26264,7285885,975000
2019,0247,Park Ridge borough,Bergen,FALSE,8694,2127948,86000
2019,0248,Ramsey borough,Bergen,FALSE,14884,4164813.37,670000
2019,0249,Ridgefield borough,Bergen,FALSE,11171,2305874,321000
2019,0250,Ridgefield Park village,Bergen,FALSE,12901,2847031.86,550000
2019,0251,Ridgewood village,Bergen,FALSE,25056,5075025,2196812
2019,0252,River Edge borough,Bergen,FALSE,11435,2344472,266000
2019,0253,River Vale township,Bergen,FALSE,9984,2017332,0
2019,0254,Rochelle Park township,Bergen,FALSE,5569,1027000,1084809
2019,0255,Rockleigh borough,Bergen,FALSE,529,77378,0
2019,0256,Rutherford borough,Bergen,FALSE,18303,5154300,670000
2019,0257,Saddle Brook township,Bergen,FALSE,13562,2616650,15000
2019,0258,Saddle River borough,Bergen,FALSE,3173,1479950,120000
2019,0259,South Hackensack township,Bergen,FALSE,2435,890000,100000
2019,0260,Teaneck township,Bergen,FALSE,40284,7286070,0
2019,0261,Tenafly borough,Bergen,FALSE,14453,4777342,428000
2019,0262,Teterboro borough,Bergen,TRUE,68,NA,NA
2019,0263,Upper Saddle River borough,Bergen,FALSE,8205,1696358,240000
2019,0264,Waldwick borough,Bergen,FALSE,10108,1882830,352300
2019,0265,Wallington borough,Bergen,FALSE,11495,1175800,0
2019,0266,Washington township,Bergen,FALSE,9176,1408732,68000
2019,0267,Westwood borough,Bergen,FALSE,11078,2318572,20000
2019,0268,Woodcliff Lake borough,Bergen,FALSE,5839,1543400,189000
2019,0269,Wood-Ridge borough,Bergen,FALSE,9294,2379000,0
2019,0270,Wyckoff township,Bergen,FALSE,16947,3098851,417000
2019,0301,Bass River township,Burlington,FALSE,1416,276286,2100
2019,0302,Beverly city,Burlington,FALSE,2479,251450,95000
2019,0303,Bordentown city,Burlington,FALSE,3792,659602,415748
2019,0304,Bordentown township,Burlington,FALSE,11914,1849000,0
2019,0305,Burlington city,Burlington,FALSE,9858,1433749.9,405500
2019,0306,Burlington township,Burlington,FALSE,22594,3452553,0
2019,0307,Chesterfield township,Burlington,FALSE,7573,464475,0
2019,0308,Cinnaminson township,Burlington,FALSE,16342,2780112,25000
2019,0309,Delanco township,Burlington,FALSE,4430,642324,189393
2019,0310,Delran township,Burlington,FALSE,16492,1387402,1091000
2019,0311,Eastampton township,Burlington,FALSE,6144,347500,175800
2019,0312,Edgewater Park township,Burlington,FALSE,8647,890028.78,233000
2019,0313,Evesham township,Burlington,FALSE,45188,4856000,2637942
2019,0314,Fieldsboro borough,Burlington,FALSE,552,41000,63000
2019,0315,Florence township,Burlington,FALSE,12486,1724903.59,52900
2019,0316,Hainesport township,Burlington,FALSE,5976,583900,229700
2019,0317,Lumberton township,Burlington,FALSE,12192,1100355,348429.05
2019,0318,Mansfield township,Burlington,FALSE,8533,591992,275000
2019,0319,Maple Shade township,Burlington,FALSE,18476,1772648,1120000
2019,0320,Medford township,Burlington,FALSE,23394,2627320,831000
2019,0321,Medford Lakes borough,Burlington,FALSE,3914,598285,155000
2019,0322,Moorestown township,Burlington,FALSE,20516,3126741,723000
2019,0323,Mount Holly township,Burlington,FALSE,9547,950440,315000
2019,0324,Mount Laurel township,Burlington,FALSE,41250,3114462,3335790
2019,0325,New Hanover township,Burlington,FALSE,7808,124750,70000
2019,0326,North Hanover township,Burlington,FALSE,7470,295006,41000
2019,0327,Palmyra borough,Burlington,FALSE,7140,1057858,250000
2019,0328,Pemberton borough,Burlington,FALSE,1324,0,0
2019,0329,Pemberton township,Burlington,FALSE,26979,3409078,1012000
2019,0330,Riverside township,Burlington,FALSE,7816,678115,288400
2019,0331,Riverton borough,Burlington,TRUE,2685,NA,NA
2019,0332,Shamong township,Burlington,FALSE,6367,1258800.88,0
2019,0333,Southampton township,Burlington,FALSE,10095,1277135,373000
2019,0334,Springfield township,Burlington,FALSE,3257,337500,111000
2019,0335,Tabernacle township,Burlington,FALSE,6794,876400,435000
2019,0336,Washington township,Burlington,FALSE,711,97100,96250
2019,0337,Westampton township,Burlington,FALSE,8649,1029797,297500
2019,0338,Willingboro township,Burlington,FALSE,32005,4479948.16,1073730
2019,0339,Woodland township,Burlington,FALSE,1768,113250,0
2019,0340,Wrightstown borough,Burlington,FALSE,776,126500,46000
2019,0401,Audubon borough,Camden,FALSE,8637,1356746,475000
2019,0402,Audubon Park borough,Camden,FALSE,1002,85650,0
2019,0403,Barrington borough,Camden,FALSE,6642,848127.26,488934
2019,0404,Bellmawr borough,Camden,FALSE,11359,2400009.57,0
2019,0405,Berlin borough,Camden,FALSE,7536,811800,0
2019,0406,Berlin township,Camden,FALSE,5691,1056565,214500
2019,0407,Brooklawn borough,Camden,FALSE,1898,303800,63000
2019,0408,Camden city,Camden,FALSE,73562,13391834,0
2019,0409,Cherry Hill township,Camden,TRUE,71245,NA,NA
2019,0410,Chesilhurst borough,Camden,FALSE,1618,329868.32,50000
2019,0411,Clementon borough,Camden,FALSE,4957,393178,126000
2019,0412,Collingswood borough,Camden,FALSE,13884,1014500,392500
2019,0413,Gibbsboro borough,Camden,FALSE,2218,500000,0
2019,0414,Gloucester City city,Camden,FALSE,11219,1289511,918575
2019,0415,Gloucester township,Camden,FALSE,63903,8957875,1385000
2019,0416,Haddon township,Camden,FALSE,14541,2074700,475000
2019,0417,Haddonfield borough,Camden,FALSE,11317,2278405,415000
2019,0418,Haddon Heights borough,Camden,FALSE,7529,1175015,284600
2019,0419,Hi-Nella borough,Camden,FALSE,858,86900,600
2019,0420,Laurel Springs borough,Camden,FALSE,1866,174500,87800
2019,0421,Lawnside borough,Camden,FALSE,2882,442700,198000
2019,0422,Lindenwold borough,Camden,FALSE,17263,1308489,659100
2019,0423,Magnolia borough,Camden,FALSE,4273,436660.56,155500
2019,0424,Merchantville borough,Camden,FALSE,3700,464788,148000
2019,0425,Mount Ephraim borough,Camden,FALSE,4587,795810,11956
2019,0426,Oaklyn borough,Camden,FALSE,3955,726287.13,151185
2019,0427,Pennsauken township,Camden,FALSE,35761,1589795,0
2019,0428,Pine Hill borough,Camden,FALSE,10417,1198339,443800
2019,0429,Pine Valley borough,Camden,FALSE,11,8000,0
2019,0430,Runnemede borough,Camden,FALSE,8300,950140,294000
2019,0431,Somerdale borough,Camden,FALSE,5477,613917.5,126000
2019,0432,Stratford borough,Camden,FALSE,6955,582749.64,235000
2019,0433,Tavistock borough,Camden,FALSE,5,12400,0
2019,0434,Voorhees township,Camden,FALSE,29175,3487600,989000
2019,0435,Waterford township,Camden,FALSE,10684,1669945,320000
2019,0436,Winslow township,Camden,FALSE,38629,2285000,3614000
2019,0437,Woodlynne borough,Camden,FALSE,2915,328600,124500
2019,0501,Avalon borough,Cape May,FALSE,1236,3269162.004114999,250000
2019,0502,Cape May city,Cape May,FALSE,3422,2654708,0
2019,0503,Cape May Point borough,Cape May,FALSE,275,221300,0
2019,0504,Dennis township,Cape May,FALSE,6144,934100,215000
2019,0505,Lower township,Cape May,FALSE,21339,3167245,780000
2019,0506,Middle township,Cape May,FALSE,18175,2464850,0
2019,0507,North Wildwood city,Cape May,FALSE,3760,3418908.32,340000
2019,0508,Ocean City city,Cape May,FALSE,10971,8887600,0
2019,0509,Sea Isle City city,Cape May,FALSE,2029,3202900,0
2019,0510,Stone Harbor borough,Cape May,FALSE,810,2278470,0
2019,0511,Upper township,Cape May,FALSE,11917,3449500,0
2019,0512,West Cape May borough,Cape May,FALSE,1001,158000,159500
2019,0513,West Wildwood borough,Cape May,FALSE,550,191125,42000
2019,0514,Wildwood city,Cape May,FALSE,4948,2543470,371000
2019,0515,Wildwood Crest borough,Cape May,FALSE,3048,2113450,345000
2019,0516,Woodbine borough,Cape May,FALSE,2414,275600,62000
2019,0601,Bridgeton city,Cumberland,FALSE,24160,1352550,0
2019,0602,Commercial township,Cumberland,FALSE,4916,765720,154800
2019,0603,Deerfield township,Cumberland,FALSE,3012,136700,900
2019,0604,Downe township,Cumberland,FALSE,1447,270000,0
2019,0605,Fairfield township,Cumberland,FALSE,5911,645000,111250
2019,0606,Greenwich township,Cumberland,FALSE,758,42580,37000
2019,0607,Hopewell township,Cumberland,FALSE,4350,181600,192266.5
2019,0608,Lawrence township,Cumberland,FALSE,3060,266442,141620
2019,0609,Maurice River township,Cumberland,FALSE,5949,787880,157500
2019,0610,Millville city,Cumberland,FALSE,27391,2713390,708800
2019,0611,Shiloh borough,Cumberland,FALSE,487,44500,32100
2019,0612,Stow Creek township,Cumberland,FALSE,1370,27200,132500
2019,0613,Upper Deerfield township,Cumberland,FALSE,7277,665500,165000
2019,0614,Vineland city,Cumberland,FALSE,59439,3993617,0
2019,0701,Belleville township,Essex,FALSE,36497,3544075,2800000
2019,0702,Bloomfield township,Essex,FALSE,49973,3237600,4150000
2019,0703,Caldwell borough,Essex,FALSE,7941,1328010,0
2019,0704,Cedar Grove township,Essex,FALSE,12489,934873,0
2019,0705,East Orange city,Essex,FALSE,64367,15656064,0
2019,0706,Essex Fells borough,Essex,FALSE,2088,734390,0
2019,0707,Fairfield township,Essex,FALSE,7474,1103000,860000
2019,0708,Glen Ridge borough,Essex,FALSE,7574,945210,965000
2019,0709,Irvington township,Essex,TRUE,54312,NA,NA
2019,0710,Livingston township,Essex,FALSE,30303,3282804.78,2847020
2019,0711,Maplewood township,Essex,TRUE,25380,NA,NA
2019,0712,Millburn township,Essex,FALSE,20080,6518080,2063040
2019,0713,Montclair township,Essex,FALSE,38564,5513277.89,2650000
2019,0714,Newark city,Essex,FALSE,282011,42731440,9000000
2019,0715,North Caldwell borough,Essex,FALSE,6621,715802,718684
2019,0716,Nutley township,Essex,FALSE,28434,2838099,2499593
2019,0717,City of Orange township,Essex,TRUE,30551,NA,NA
2019,0718,Roseland borough,Essex,FALSE,5835,1779741,0
2019,0719,South Orange Village township,Essex,FALSE,16691,174420,0
2019,0720,Verona township,Essex,FALSE,13390,3865491,0
2019,0721,West Caldwell township,Essex,FALSE,10837,1274450,525000
2019,0722,West Orange township,Essex,FALSE,47563,9285658.27,0
2019,0801,Clayton borough,Gloucester,FALSE,8738,1056800,313500
2019,0802,Deptford township,Gloucester,FALSE,30349,3839000,1350000
2019,0803,East Greenwich township,Gloucester,FALSE,10719,842000,5000
2019,0804,Elk township,Gloucester,FALSE,4173,482900,173000
2019,0805,Franklin township,Gloucester,FALSE,16300,1720000,610000
2019,0806,Glassboro borough,Gloucester,FALSE,20288,3494413,753316
2019,0807,Greenwich township,Gloucester,FALSE,4795,1806500,205000
2019,0808,Harrison township,Gloucester,FALSE,13116,1353933,0
2019,0809,Logan township,Gloucester,FALSE,5874,1403760,0
2019,0810,Mantua township,Gloucester,FALSE,14840,1618000,750000
2019,0811,Monroe township,Gloucester,FALSE,36865,4212440,50000
2019,0812,National Park borough,Gloucester,FALSE,2943,380100,135000
2019,0813,Newfield borough,Gloucester,FALSE,1543,212197.84,0
2019,0814,Paulsboro borough,Gloucester,FALSE,5854,1043727.87,288395.82
2019,0815,Pitman borough,Gloucester,FALSE,8741,950530,561500
2019,0816,South Harrison township,Gloucester,FALSE,3123,402450,116000
2019,0817,Swedesboro borough,Gloucester,FALSE,2568,404944,2000
2019,0818,Washington township,Gloucester,FALSE,47753,7200550,2565000
2019,0819,Wenonah borough,Gloucester,FALSE,2212,225677.8,102500
2019,0820,West Deptford township,Gloucester,FALSE,20980,3045500,1147000
2019,0821,Westville borough,Gloucester,TRUE,4144,NA,NA
2019,0822,Woodbury city,Gloucester,FALSE,9794,2135000,10000
2019,0823,Woodbury Heights borough,Gloucester,FALSE,2964,465200,133500
2019,0824,Woolwich township,Gloucester,FALSE,12960,1167831.72,450000
2019,0901,Bayonne city,Hudson,FALSE,64897,4542000,6960000
2019,0902,East Newark borough,Hudson,FALSE,2600,144180,233500
2019,0903,Guttenberg town,Hudson,FALSE,11121,1201000,975000
2019,0904,Harrison town,Hudson,FALSE,20061,4052565,0
2019,0905,Hoboken city,Hudson,FALSE,52677,2862346,5940397
2019,0906,Jersey City city,Hudson,FALSE,262075,49621627,0
2019,0907,Kearny town,Hudson,FALSE,41058,3902756,8140000
2019,0908,North Bergen township,Hudson,FALSE,60666,5804680,6948362
2019,0909,Secaucus town,Hudson,FALSE,21893,13159182.94,0
2019,0910,Union City city,Hudson,TRUE,67982,NA,NA
2019,0911,Weehawken township,Hudson,FALSE,14638,2067302.7,0
2019,0912,West New York town,Hudson,FALSE,52723,6780460,550000
2019,1001,Alexandria township,Hunterdon,FALSE,4754,639450,0
2019,1002,Bethlehem township,Hunterdon,FALSE,3854,701600,0
2019,1003,Bloomsbury borough,Hunterdon,FALSE,839,99575,70000
2019,1004,Califon borough,Hunterdon,FALSE,1046,109273,0
2019,1005,Clinton town,Hunterdon,FALSE,2687,479553,105600
2019,1006,Clinton township,Hunterdon,FALSE,12565,1088600,0
2019,1007,Delaware township,Hunterdon,FALSE,4425,781708,0
2019,1008,East Amwell township,Hunterdon,FALSE,3858,448307,100
2019,1009,Flemington borough,Hunterdon,FALSE,4577,538700,0
2019,1010,Franklin township,Hunterdon,FALSE,3518,513756,0
2019,1011,Frenchtown borough,Hunterdon,FALSE,1351,310000,0
2019,1012,Glen Gardner borough,Hunterdon,FALSE,1911,242300,71600
2019,1013,Hampton borough,Hunterdon,FALSE,1318,200139.53,40800
2019,1014,High Bridge borough,Hunterdon,FALSE,3410,421494,0
2019,1015,Holland township,Hunterdon,FALSE,5097,1021000,0
2019,1016,Kingwood township,Hunterdon,FALSE,3741,816994,0
2019,1017,Lambertville city,Hunterdon,FALSE,3801,186652.96,295340
2019,1018,Lebanon borough,Hunterdon,FALSE,1644,232000,0
2019,1019,Lebanon township,Hunterdon,FALSE,6081,967513,0
2019,1020,Milford borough,Hunterdon,FALSE,1181,153000,105000
2019,1021,Raritan township,Hunterdon,FALSE,22382,2464840.56,50000
2019,1022,Readington township,Hunterdon,FALSE,15843,3143481,0
2019,1023,Stockton borough,Hunterdon,FALSE,512,160380,0
2019,1024,Tewksbury township,Hunterdon,FALSE,5776,1227550,11000
2019,1025,Union township,Hunterdon,FALSE,5461,495000,40001
2019,1026,West Amwell township,Hunterdon,FALSE,2739,506140,60365
2019,1101,East Windsor township,Mercer,FALSE,27288,1218497,0
2019,1102,Ewing township,Mercer,FALSE,36303,3611796,1820000
2019,1103,Hamilton township,Mercer,FALSE,87065,14650123,5350000
2019,1104,Hightstown borough,Mercer,FALSE,5304,922975,201000
2019,1105,Hopewell borough,Mercer,FALSE,1906,365855,94350
2019,1106,Hopewell township,Mercer,FALSE,17725,2175986.98,0
2019,1107,Lawrence township,Mercer,FALSE,32435,3825600,1861000
2019,1108,Pennington borough,Mercer,FALSE,2576,678103.47,0
2019,1111,Trenton city,Mercer,TRUE,83203,NA,NA
2019,1112,Robbinsville township,Mercer,FALSE,14543,1589992.24,611500
2019,1113,West Windsor township,Mercer,FALSE,27895,4400581,25350
2019,1114,Princeton borough,Mercer,FALSE,31187,6135545,0
2019,1201,Carteret borough,Middlesex,FALSE,23408,3480500,4845000
2019,1202,Cranbury township,Middlesex,FALSE,4067,682245,0
2019,1203,Dunellen borough,Middlesex,FALSE,7202,594800,22000
2019,1204,East Brunswick township,Middlesex,FALSE,47611,4409200,3200000
2019,1205,Edison township,Middlesex,FALSE,99758,7220834.07,0
2019,1206,Helmetta borough,Middlesex,FALSE,2155,290200,0
2019,1207,Highland Park borough,Middlesex,FALSE,13711,2001505.2,319095.95
2019,1208,Jamesburg borough,Middlesex,FALSE,5885,538842,5000
2019,1209,Old Bridge township,Middlesex,FALSE,65590,4144976,0
2019,1210,Metuchen borough,Middlesex,FALSE,14543,2335100,1493000
2019,1211,Middlesex borough,Middlesex,FALSE,13679,1730013,375000
2019,1212,Milltown borough,Middlesex,FALSE,6967,782750,566000
2019,1213,Monroe township,Middlesex,FALSE,45030,4558900,1082220
2019,1214,New Brunswick city,Middlesex,FALSE,55676,4188625.83,0
2019,1215,North Brunswick township,Middlesex,TRUE,41431,NA,NA
2019,1216,Perth Amboy city,Middlesex,FALSE,51390,7002257,60712.32
2019,1217,Piscataway township,Middlesex,FALSE,56837,4091350,635000
2019,1218,Plainsboro township,Middlesex,FALSE,22884,1510380,0
2019,1219,Sayreville borough,Middlesex,FALSE,44173,3811847.14,1100000
2019,1220,South Amboy city,Middlesex,FALSE,9176,2089709,690000
2019,1221,South Brunswick township,Middlesex,FALSE,45685,6775385,995000
2019,1222,South Plainfield borough,Middlesex,FALSE,24052,2046705,81450
2019,1223,South River borough,Middlesex,FALSE,15779,1901000,535000
2019,1224,Spotswood borough,Middlesex,FALSE,8228,1003720,260739
2019,1225,Woodbridge township,Middlesex,TRUE,100145,NA,NA
2019,1301,Allenhurst borough,Monmouth,FALSE,483,512250,266
2019,1302,Allentown borough,Monmouth,FALSE,1775,297825,0
2019,1303,Asbury Park city,Monmouth,FALSE,15408,4529975,0
2019,1304,Atlantic Highlands borough,Monmouth,FALSE,4351,498100,260000
2019,1305,Avon-by-the-Sea borough,Monmouth,FALSE,1783,518694,130000
2019,1306,Belmar borough,Monmouth,FALSE,5545,1358660,388000
2019,1307,Bradley Beach borough,Monmouth,FALSE,4148,950914,205932
2019,1308,Brielle borough,Monmouth,FALSE,4666,741000,738000
2019,1309,Colts Neck township,Monmouth,FALSE,9822,1357803.41,281575
2019,1310,Deal borough,Monmouth,FALSE,719,1016850,200000
2019,1311,Eatontown borough,Monmouth,FALSE,12157,4190048.36,275000
2019,1312,Englishtown borough,Monmouth,FALSE,1912,136300,156000
2019,1313,Fair Haven borough,Monmouth,FALSE,5736,1137660,230000
2019,1314,Farmingdale borough,Monmouth,FALSE,1354,127140,0
2019,1315,Freehold borough,Monmouth,FALSE,11682,1620930,611845
2019,1316,Freehold township,Monmouth,FALSE,34624,4104250,0
2019,1317,Highlands borough,Monmouth,FALSE,4714,895700,205000
2019,1318,Holmdel township,Monmouth,FALSE,16731,3162643,165000
2019,1319,Howell township,Monmouth,FALSE,51952,4750436,500000
2019,1320,Interlaken borough,Monmouth,FALSE,789,313085,19725
2019,1321,Keansburg borough,Monmouth,FALSE,9632,1160000,860000
2019,1322,Keyport borough,Monmouth,FALSE,6977,926000,0
2019,1323,Little Silver borough,Monmouth,FALSE,5782,1568851,235000
2019,1324,Loch Arbour village,Monmouth,FALSE,180,35200,0
2019,1325,Long Branch city,Monmouth,FALSE,30241,6025066,1405700
2019,1326,Manalapan township,Monmouth,FALSE,39325,4849050,1715000
2019,1327,Manasquan borough,Monmouth,FALSE,5806,975907,358000
2019,1328,Marlboro township,Monmouth,FALSE,39640,5328494.5,163592.5
2019,1329,Matawan borough,Monmouth,FALSE,8640,1789785,0
2019,1330,Aberdeen township,Monmouth,FALSE,19332,1527302,0
2019,1331,Middletown township,Monmouth,FALSE,65305,16479626.46,0
2019,1332,Millstone township,Monmouth,FALSE,10397,968345,20000
2019,1333,Monmouth Beach borough,Monmouth,FALSE,3239,676801,278500
2019,1334,Neptune township,Monmouth,FALSE,27384,4303450,1615000
2019,1335,Neptune City borough,Monmouth,FALSE,4596,1062650,60000
2019,1336,Tinton Falls borough,Monmouth,FALSE,17451,3716000,0
2019,1337,Ocean township,Monmouth,FALSE,26542,4491559,934000
2019,1338,Oceanport borough,Monmouth,TRUE,5722,NA,NA
2019,1339,Hazlet township,Monmouth,FALSE,19664,2795347,0
2019,1340,Red Bank borough,Monmouth,FALSE,11966,2291013.34,519000
2019,1341,Roosevelt borough,Monmouth,FALSE,836,163950,34400
2019,1342,Rumson borough,Monmouth,FALSE,6714,2267231,480000
2019,1343,Sea Bright borough,Monmouth,FALSE,1338,603000,0
2019,1344,Sea Girt borough,Monmouth,FALSE,1765,934595,0
2019,1345,Shrewsbury borough,Monmouth,FALSE,4053,1172870,203000
2019,1346,Shrewsbury township,Monmouth,FALSE,993,154500,2000
2019,1347,Lake Como borough,Monmouth,FALSE,1682,389205,66000
2019,1348,Spring Lake borough,Monmouth,FALSE,2904,1886500,140000
2019,1349,Spring Lake Heights borough,Monmouth,FALSE,4521,925955.7,195000
2019,1350,Union Beach borough,Monmouth,FALSE,5305,833000,651500
2019,1351,Upper Freehold township,Monmouth,FALSE,7077,231835,22000
2019,1352,Wall township,Monmouth,FALSE,25554,5911571.86,1075000
2019,1353,West Long Branch borough,Monmouth,FALSE,7881,1049497,250000
2019,1401,Boonton town,Morris,TRUE,8919,NA,NA
2019,1402,Boonton township,Morris,FALSE,4237,973497,0
2019,1403,Butler borough,Morris,FALSE,7654,1916653,0
2019,1404,Chatham borough,Morris,FALSE,8635,1302600,0
2019,1405,Chatham township,Morris,FALSE,10117,2260250,0
2019,1406,Chester borough,Morris,FALSE,1624,483550,0
2019,1407,Chester township,Morris,FALSE,7670,1778200,444000
2019,1408,Denville township,Morris,FALSE,16446,2770076,677000
2019,1409,Dover town,Morris,FALSE,17725,1787948,0
2019,1410,East Hanover township,Morris,FALSE,10921,2533300,0
2019,1411,Florham Park borough,Morris,FALSE,11496,2301350,148000
2019,1412,Hanover township,Morris,FALSE,14252,3269300,510000
2019,1413,Harding township,Morris,FALSE,3760,1080900,0
2019,1414,Jefferson township,Morris,FALSE,20716,2752658,0
2019,1415,Kinnelon borough,Morris,FALSE,9896,2443475,360000
2019,1416,Lincoln Park borough,Morris,FALSE,10111,2663723,0
2019,1417,Madison borough,Morris,FALSE,17654,4407145,1657300
2019,1418,Mendham borough,Morris,FALSE,4847,974172,276200
2019,1419,Mendham township,Morris,FALSE,5662,1470695,272700
2019,1420,Mine Hill township,Morris,FALSE,3478,330000,0
2019,1421,Montville township,Morris,FALSE,21058,2342076,2204600
2019,1422,Morris township,Morris,FALSE,22156,5890732.21,26000
2019,1423,Morris Plains borough,Morris,FALSE,6255,2581650,243000
2019,1424,Morristown town,Morris,FALSE,19261,6437719,0
2019,1425,Mountain Lakes borough,Morris,FALSE,4223,771956,633444
2019,1426,Mount Arlington borough,Morris,FALSE,5852,900631.41,47300
2019,1427,Mount Olive township,Morris,FALSE,28926,2736683,0
2019,1428,Netcong borough,Morris,FALSE,3131,304525,0
2019,1429,Parsippany-Troy Hills township,Morris,FALSE,51561,7557570,1900000
2019,1430,Long Hill township,Morris,FALSE,8430,1366615,782000
2019,1431,Pequannock township,Morris,FALSE,14965,1234890,0
2019,1432,Randolph township,Morris,FALSE,25378,4259012,2641774
2019,1433,Riverdale borough,Morris,FALSE,4135,568460,298000
2019,1434,Rockaway borough,Morris,FALSE,6276,900745,659300
2019,1435,Rockaway township,Morris,FALSE,25876,3349151,0
2019,1436,Roxbury township,Morris,FALSE,22551,4828620,0
2019,1437,Victory Gardens borough,Morris,FALSE,1470,350500,0
2019,1438,Washington township,Morris,FALSE,18152,2855281,0
2019,1439,Wharton borough,Morris,FALSE,6369,543824,0
2019,1501,Barnegat Light borough,Ocean,FALSE,587,553500,55000
2019,1502,Bay Head borough,Ocean,FALSE,977,315325.06,226000
2019,1503,Beach Haven borough,Ocean,FALSE,1205,1459417,0
2019,1504,Beachwood borough,Ocean,FALSE,11312,1237200,519350
2019,1505,Berkeley township,Ocean,FALSE,42036,5191427.44,1858000
2019,1506,Brick township,Ocean,FALSE,76100,8997108,2650000
2019,1507,Toms River township,Ocean,FALSE,94108,14795256.55,3377500
2019,1508,Eagleswood township,Ocean,FALSE,1603,405125,3000
2019,1509,Harvey Cedars borough,Ocean,FALSE,345,643361,65895
2019,1510,Island Heights borough,Ocean,FALSE,1679,488978,0
2019,1511,Jackson township,Ocean,FALSE,57731,4867969.4399999995,270500
2019,1512,Lacey township,Ocean,FALSE,29295,5734600,0
2019,1513,Lakehurst borough,Ocean,FALSE,2708,414600,100000
2019,1514,Lakewood township,Ocean,FALSE,106300,13078058,3659441
2019,1515,Lavallette borough,Ocean,FALSE,1866,1162800,176500
2019,1516,Little Egg Harbor township,Ocean,FALSE,21712,2074155,800000
2019,1517,Long Beach township,Ocean,FALSE,3071,2645100,1900000
2019,1518,Manchester township,Ocean,FALSE,43723,4045000,0
2019,1519,Mantoloking borough,Ocean,FALSE,249,446900,130000
2019,1520,Ocean township,Ocean,FALSE,9088,1540500,252000
2019,1521,Ocean Gate borough,Ocean,FALSE,2035,217500,190000
2019,1522,Pine Beach borough,Ocean,FALSE,2184,238000,80000
2019,1523,Plumsted township,Ocean,FALSE,8571,219850,0
2019,1524,Point Pleasant borough,Ocean,FALSE,18772,2869244,622000
2019,1525,Point Pleasant Beach borough,Ocean,TRUE,4551,NA,NA
2019,1526,Seaside Heights borough,Ocean,FALSE,2910,872000,225000
2019,1527,Seaside Park borough,Ocean,FALSE,1543,1162500,145000
2019,1528,Ship Bottom borough,Ocean,FALSE,1153,999500,202000
2019,1529,South Toms River borough,Ocean,FALSE,3685,331450,130000
2019,1530,Stafford township,Ocean,FALSE,27845,6528150,1492000
2019,1531,Surf City borough,Ocean,FALSE,1199,782000,180000
2019,1532,Tuckerton borough,Ocean,FALSE,3388,475650,165000
2019,1533,Barnegat township,Ocean,FALSE,23655,2963750,734200
2019,1601,Bloomingdale borough,Passaic,FALSE,8061,929000,852200
2019,1602,Clifton city,Passaic,FALSE,85052,6180800,6150000
2019,1603,Haledon borough,Passaic,FALSE,8293,1590200,618500
2019,1604,Hawthorne borough,Passaic,FALSE,18753,3217692,488250
2019,1605,Little Falls township,Passaic,FALSE,14474,2271281,0
2019,1606,North Haledon borough,Passaic,FALSE,8395,2082972,280000
2019,1607,Passaic city,Passaic,FALSE,69703,4637660,4310000
2019,1608,Paterson city,Passaic,TRUE,145233,NA,NA
2019,1609,Pompton Lakes borough,Passaic,FALSE,10986,2059750,10919
2019,1610,Prospect Park borough,Passaic,FALSE,5843,251143,341000
2019,1611,Ringwood borough,Passaic,FALSE,12198,3875820,0
2019,1612,Totowa borough,Passaic,FALSE,10792,2352771,335000
2019,1613,Wanaque borough,Passaic,FALSE,11762,1787000,0
2019,1614,Wayne township,Passaic,TRUE,53369,NA,NA
2019,1615,West Milford township,Passaic,FALSE,26331,3705228,0
2019,1616,Woodland Park borough,Passaic,FALSE,12581,1857665,1103250
2019,1701,Alloway township,Salem,FALSE,3359,286190,107134.5
2019,1702,Elmer borough,Salem,FALSE,1308,55150,137750
2019,1703,Elsinboro township,Salem,FALSE,968,148000,32000
2019,1704,Lower Alloways Creek township,Salem,FALSE,1672,993500,5000
2019,1705,Mannington township,Salem,FALSE,1716,190100,1500
2019,1706,Oldmans township,Salem,FALSE,1788,151050,85000
2019,1707,Penns Grove borough,Salem,FALSE,4757,124555,15000
2019,1708,Pennsville township,Salem,FALSE,12418,2076965,366085
2019,1709,Pilesgrove township,Salem,FALSE,3981,421900,2867.31
2019,1710,Pittsgrove township,Salem,FALSE,8799,655100,170500
2019,1711,Quinton township,Salem,FALSE,2448,158500,217797
2019,1712,Salem city,Salem,FALSE,4706,673148,73056
2019,1713,Carneys Point township,Salem,FALSE,7674,950468.9,0
2019,1714,Upper Pittsgrove township,Salem,FALSE,3355,333050,114000
2019,1715,Woodstown borough,Salem,FALSE,3436,182600,70200
2019,1801,Bedminster township,Somerset,FALSE,7968,1277234,0
2019,1802,Bernards township,Somerset,FALSE,27038,4893994,302419
2019,1803,Bernardsville borough,Somerset,FALSE,7594,2257396,39200
2019,1804,Bound Brook borough,Somerset,FALSE,10180,1552885.16,0
2019,1805,Branchburg township,Somerset,FALSE,14499,2295500,0
2019,1806,Bridgewater township,Somerset,FALSE,43968,3552577.33,0
2019,1807,Far Hills borough,Somerset,FALSE,903,173337.87,0
2019,1808,Franklin township,Somerset,FALSE,65642,3388314,672675
2019,1809,Green Brook township,Somerset,FALSE,7007,564662.13,0
2019,1810,Hillsborough township,Somerset,FALSE,39950,3472560,0
2019,1811,Manville borough,Somerset,FALSE,10121,1889275,0
2019,1812,Millstone borough,Somerset,FALSE,408,95000,0
2019,1813,Montgomery township,Somerset,FALSE,23124,3053650,295000
2019,1814,North Plainfield borough,Somerset,FALSE,21289,1937500,0
2019,1815,Peapack and Gladstone borough,Somerset,FALSE,2597,822550,89500
2019,1816,Raritan borough,Somerset,FALSE,7765,1702850,994000
2019,1817,Rocky Hill borough,Somerset,FALSE,669,136545,0
2019,1818,Somerville borough,Somerset,FALSE,12063,1369150,950000
2019,1819,South Bound Brook borough,Somerset,FALSE,4518,370000,268000
2019,1820,Warren township,Somerset,FALSE,15625,3628600,0
2019,1821,Watchung borough,Somerset,FALSE,6006,984000,0
2019,1901,Andover borough,Sussex,FALSE,563,24950,18500
2019,1902,Andover township,Sussex,FALSE,5870,1025206,600000
2019,1903,Branchville borough,Sussex,FALSE,779,246286,120000
2019,1904,Byram township,Sussex,FALSE,7932,1769250,712500
2019,1905,Frankford township,Sussex,FALSE,5301,1130300,0
2019,1906,Franklin borough,Sussex,FALSE,4721,562257,410000
2019,1907,Fredon township,Sussex,FALSE,3160,836712,0
2019,1908,Green township,Sussex,FALSE,3471,772982,310000
2019,1909,Hamburg borough,Sussex,FALSE,3131,221400,0
2019,1910,Hampton township,Sussex,FALSE,4842,1556300,0
2019,1911,Hardyston township,Sussex,FALSE,7786,1079301.39,0
2019,1912,Hopatcong borough,Sussex,FALSE,14186,3112859,5000
2019,1913,Lafayette township,Sussex,FALSE,2363,488436.93,0
2019,1914,Montague township,Sussex,FALSE,3648,502310,0
2019,1915,Newton town,Sussex,FALSE,8019,1010717,500
2019,1916,Ogdensburg borough,Sussex,FALSE,2255,248750,184500
2019,1917,Sandyston township,Sussex,FALSE,1823,306600,0
2019,1918,Sparta township,Sussex,FALSE,18575,2500913,0
2019,1919,Stanhope borough,Sussex,FALSE,3306,682062,91850
2019,1920,Stillwater township,Sussex,FALSE,3870,814536,0
2019,1921,Sussex borough,Sussex,FALSE,1985,236165,21658.82
2019,1922,Vernon township,Sussex,FALSE,21989,2784322,0
2019,1923,Walpack township,Sussex,FALSE,11,1600,0
2019,1924,Wantage township,Sussex,FALSE,10902,903853,26739
2019,2001,Berkeley Heights township,Union,FALSE,13363,2993350,0
2019,2002,Clark township,Union,FALSE,15911,2103865,0
2019,2003,Cranford township,Union,FALSE,24054,3401883.51,0
2019,2004,Elizabeth city,Union,FALSE,129216,16721475,9700000
2019,2005,Fanwood borough,Union,FALSE,7697,993487,0
2019,2006,Garwood borough,Union,FALSE,4352,747705,229834
2019,2007,Hillside township,Union,FALSE,21967,2836829,1900000
2019,2008,Kenilworth borough,Union,FALSE,8191,1793640,0
2019,2009,Linden city,Union,FALSE,42361,10310100,282700
2019,2010,Mountainside borough,Union,FALSE,6885,1133400,0
2019,2011,New Providence borough,Union,FALSE,13595,2608050,1601950
2019,2012,Plainfield city,Union,FALSE,50317,4350679,1200000
2019,2013,Rahway city,Union,FALSE,29895,6910000,0
2019,2014,Roselle borough,Union,FALSE,21811,4232000,0
2019,2015,Roselle Park borough,Union,FALSE,13588,2639850,0
2019,2016,Scotch Plains township,Union,FALSE,24274,2413445.3,0
2019,2017,Springfield township,Union,FALSE,17464,4305368.29,0
2019,2018,Summit city,Union,FALSE,21897,4963660,564937
2019,2019,Union township,Union,FALSE,58488,9967657,0
2019,2020,Westfield town,Union,FALSE,29512,5608219,0
2019,2021,Winfield township,Union,FALSE,1503,36500,0
2019,2101,Allamuchy township,Warren,FALSE,4666,502055,0
2019,2102,Alpha borough,Warren,FALSE,2255,455850,0
2019,2103,Belvidere town,Warren,FALSE,2561,400000,1500
2019,2104,Blairstown township,Warren,FALSE,5691,574138,15330
2019,2105,Franklin township,Warren,FALSE,3024,426094,0
2019,2106,Frelinghuysen township,Warren,FALSE,2173,298650,0
2019,2107,Greenwich township,Warren,FALSE,5442,489139,0
2019,2108,Hackettstown town,Warren,FALSE,9356,970245,0
2019,2109,Hardwick township,Warren,FALSE,1619,294500,0
2019,2110,Harmony township,Warren,FALSE,2466,434870,4700
2019,2111,Hope township,Warren,FALSE,1857,249488,0
2019,2112,Independence township,Warren,FALSE,5411,456700,0
2019,2113,Knowlton township,Warren,FALSE,2928,464800,9550
2019,2114,Liberty township,Warren,FALSE,2802,381614,0
2019,2115,Lopatcong township,Warren,FALSE,8387,733925,0
2019,2116,Mansfield township,Warren,FALSE,7361,705800,2000
2019,2117,Oxford township,Warren,FALSE,2422,336802,0
2019,2119,Phillipsburg town,Warren,FALSE,14212,2152700,551000
2019,2120,Pohatcong township,Warren,FALSE,3175,523672,5986
2019,2121,Washington borough,Warren,FALSE,6450,1099823.47,0
2019,2122,Washington township,Warren,FALSE,6353,1011510,4000
2019,2123,White township,Warren,FALSE,4656,356500,0
2020,0101,Absecon city,Atlantic,FALSE,9137,592000,672000
2020,0102,Atlantic City,Atlantic,FALSE,38497,11096435,0
2020,0103,Brigantine city,Atlantic,FALSE,7716,4536800,0
2020,0104,Buena borough,Atlantic,FALSE,4501,358700,286220
2020,0105,Buena Vista township,Atlantic,FALSE,7033,1219000,215000
2020,0106,Corbin City city,Atlantic,FALSE,471,86640,0
2020,0107,Egg Harbor City city,Atlantic,FALSE,4396,425190,457000
2020,0108,Egg Harbor township,Atlantic,FALSE,47842,3827146,1543533
2020,0109,Estell Manor city,Atlantic,FALSE,1668,111000,179000
2020,0110,Folsom borough,Atlantic,FALSE,1811,212001,154000
2020,0111,Galloway township,Atlantic,FALSE,37813,2117575,90000
2020,0112,Hamilton township,Atlantic,FALSE,27484,4393300,0
2020,0113,Hammonton town,Atlantic,FALSE,14711,1853897.02,0
2020,0114,Linwood city,Atlantic,FALSE,6971,979387,676666
2020,0115,Longport borough,Atlantic,FALSE,893,595500,0
2020,0116,Margate City city,Atlantic,FALSE,5317,3114600,10000
2020,0117,Mullica township,Atlantic,FALSE,5816,325511,336000
2020,0118,Northfield city,Atlantic,FALSE,8434,822001,772150
2020,0119,Pleasantville city,Atlantic,FALSE,20629,1503000,1360000
2020,0120,Port Republic city,Atlantic,FALSE,1101,178000,82000
2020,0121,Somers Point city,Atlantic,FALSE,10469,1934000,285000
2020,0122,Ventnor City city,Atlantic,FALSE,9210,3095695.53,0
2020,0123,Weymouth township,Atlantic,FALSE,2614,374000,60000
2020,0201,Allendale borough,Bergen,FALSE,6848,1996400,0
2020,0202,Alpine borough,Bergen,FALSE,1762,421000,70400
2020,0203,Bergenfield borough,Bergen,FALSE,28321,4296500,1007000
2020,0204,Bogota borough,Bergen,FALSE,8778,1244315,290000
2020,0205,Carlstadt borough,Bergen,FALSE,6372,2624800,260000
2020,0206,Cliffside Park borough,Bergen,FALSE,25693,3167000,900000
2020,0207,Closter borough,Bergen,FALSE,8594,2203400,303000
2020,0208,Cresskill borough,Bergen,FALSE,9155,3566000,257000
2020,0209,Demarest borough,Bergen,FALSE,4981,1850057,200
2020,0210,Dumont borough,Bergen,TRUE,17863,NA,NA
2020,0211,Elmwood Park borough,Bergen,FALSE,21422,1600000,3032245
2020,0212,East Rutherford borough,Bergen,FALSE,10022,2731200,446000
2020,0213,Edgewater borough,Bergen,FALSE,14336,2280700,1222495
2020,0214,Emerson borough,Bergen,FALSE,7290,2036846,132000
2020,0215,Englewood city,Bergen,FALSE,29308,6114000,1120000
2020,0216,Englewood Cliffs borough,Bergen,FALSE,5342,1674950,0
2020,0217,Fair Lawn borough,Bergen,FALSE,34927,4998450,2277000
2020,0218,Fairview borough,Bergen,FALSE,15025,2183285,0
2020,0219,Fort Lee borough,Bergen,FALSE,40191,5227145,3014550
2020,0220,Franklin Lakes borough,Bergen,FALSE,11079,2728000,289500
2020,0221,Garfield city,Bergen,FALSE,32655,1800492,2332800
2020,0222,Glen Rock borough,Bergen,FALSE,12133,4006130,260000
2020,0223,Hackensack city,Bergen,FALSE,46030,4302500,9340600
2020,0224,Harrington Park borough,Bergen,FALSE,4741,1366610,0
2020,0225,Hasbrouck Heights borough,Bergen,FALSE,12125,2750400,433750
2020,0226,Haworth borough,Bergen,FALSE,3343,1294900,5000
2020,0227,Hillsdale borough,Bergen,FALSE,10143,2135100,13000
2020,0228,Ho-Ho-Kus borough,Bergen,FALSE,4258,1084000,0
2020,0229,Leonia borough,Bergen,FALSE,9304,2202650,0
2020,0230,Little Ferry borough,Bergen,FALSE,10987,1719039,1676163
2020,0231,Lodi borough,Bergen,FALSE,26206,3476500,725000
2020,0232,Lyndhurst township,Bergen,FALSE,22519,2453481,1380000
2020,0233,Mahwah township,Bergen,FALSE,25487,4155765,990500
2020,0234,Maywood borough,Bergen,FALSE,10080,1714445,2375000
2020,0235,Midland Park borough,Bergen,FALSE,7014,1316370.5,220000
2020,0236,Montvale borough,Bergen,FALSE,8436,594161,625000
2020,0237,Moonachie borough,Bergen,FALSE,3133,900100,97000
2020,0238,New Milford borough,Bergen,FALSE,16923,3566500,1421215
2020,0239,North Arlington borough,Bergen,FALSE,16457,2932000,93719
2020,0240,Northvale borough,Bergen,FALSE,4761,1466925,480000
2020,0241,Norwood borough,Bergen,FALSE,5641,2341746,0
2020,0242,Oakland borough,Bergen,FALSE,12748,2889750,0
2020,0243,Old Tappan borough,Bergen,FALSE,5888,794555,5400
2020,0244,Oradell borough,Bergen,FALSE,8244,2436605,214500
2020,0245,Palisades Park borough,Bergen,FALSE,20292,1015000,3600150
2020,0246,Paramus borough,Bergen,FALSE,26698,7660570,950000
2020,0247,Park Ridge borough,Bergen,FALSE,8883,2219886,86000
2020,0248,Ramsey borough,Bergen,TRUE,14798,NA,NA
2020,0249,Ridgefield borough,Bergen,FALSE,11501,2398877,335000
2020,0250,Ridgefield Park village,Bergen,FALSE,13224,2830431.1084000003,550000
2020,0251,Ridgewood village,Bergen,FALSE,25979,5158379.539999999,2169862.8699999996
2020,0252,River Edge borough,Bergen,FALSE,12049,2432865.74,258000
2020,0253,River Vale township,Bergen,FALSE,9909,2266085,0
2020,0254,Rochelle Park township,Bergen,FALSE,5814,895785,312046
2020,0255,Rockleigh borough,Bergen,FALSE,407,78083,0
2020,0256,Rutherford borough,Bergen,FALSE,18834,5225800,930000
2020,0257,Saddle Brook township,Bergen,FALSE,14294,2623065,970244
2020,0258,Saddle River borough,Bergen,FALSE,3372,1425200,120000
2020,0259,South Hackensack township,Bergen,FALSE,2701,905000,0
2020,0260,Teaneck township,Bergen,FALSE,41246,7442870,0
2020,0261,Tenafly borough,Bergen,FALSE,15409,4915325,448000
2020,0262,Teterboro borough,Bergen,FALSE,61,590000,0
2020,0263,Upper Saddle River borough,Bergen,FALSE,8353,1837143,247000
2020,0264,Waldwick borough,Bergen,FALSE,10058,1909185,2060553
2020,0265,Wallington borough,Bergen,FALSE,11868,1183500,2000
2020,0266,Washington township,Bergen,FALSE,9285,1508000,68000
2020,0267,Westwood borough,Bergen,FALSE,11282,2386228,0
2020,0268,Woodcliff Lake borough,Bergen,FALSE,6128,1410300,194000
2020,0269,Wood-Ridge borough,Bergen,FALSE,10137,2529000,0
2020,0270,Wyckoff township,Bergen,FALSE,16585,3079886,440000
2020,0301,Bass River township,Burlington,FALSE,1355,272226,2000
2020,0302,Beverly city,Burlington,FALSE,2499,251450,101000
2020,0303,Bordentown city,Burlington,FALSE,3993,680200,405000
2020,0304,Bordentown township,Burlington,FALSE,11791,1527885,405000
2020,0305,Burlington city,Burlington,FALSE,9743,1546583.86,430500
2020,0306,Burlington township,Burlington,FALSE,23983,3640019,0
2020,0307,Chesterfield township,Burlington,FALSE,9422,505475,0
2020,0308,Cinnaminson township,Burlington,FALSE,17064,2967877,25000
2020,0309,Delanco township,Burlington,FALSE,4824,657798,177000
2020,0310,Delran township,Burlington,FALSE,17882,2165803,537000
2020,0311,Eastampton township,Burlington,FALSE,6191,355500,190800
2020,0312,Edgewater Park township,Burlington,FALSE,8930,918636.2,245000
2020,0313,Evesham township,Burlington,FALSE,46826,4197900,2637942
2020,0314,Fieldsboro borough,Burlington,FALSE,526,53000,59901.12
2020,0315,Florence township,Burlington,FALSE,12812,1735496,48000
2020,0316,Hainesport township,Burlington,FALSE,6035,594800,220000
2020,0317,Lumberton township,Burlington,FALSE,12803,1403269.05,343600
2020,0318,Mansfield township,Burlington,FALSE,8897,692155,282000
2020,0319,Maple Shade township,Burlington,FALSE,19980,1869200,1220000
2020,0320,Medford township,Burlington,FALSE,24497,2774929,846000
2020,0321,Medford Lakes borough,Burlington,FALSE,4264,520530,234925
2020,0322,Moorestown township,Burlington,FALSE,21355,3170590,733000
2020,0323,Mount Holly township,Burlington,FALSE,9981,982025,330000
2020,0324,Mount Laurel township,Burlington,FALSE,44633,3056000,3435500
2020,0325,New Hanover township,Burlington,FALSE,6367,124750,70000
2020,0326,North Hanover township,Burlington,FALSE,7963,314306,35000
2020,0327,Palmyra borough,Burlington,FALSE,7438,1082539,263000
2020,0328,Pemberton borough,Burlington,FALSE,1371,5000,46000
2020,0329,Pemberton township,Burlington,FALSE,26903,3124135,1067000
2020,0330,Riverside township,Burlington,FALSE,8003,763400,262500
2020,0331,Riverton borough,Burlington,FALSE,2764,513423,354275
2020,0332,Shamong township,Burlington,FALSE,6460,859625.33,0
2020,0333,Southampton township,Burlington,FALSE,10317,1433771,400000
2020,0334,Springfield township,Burlington,FALSE,3245,307500,110000
2020,0335,Tabernacle township,Burlington,FALSE,6776,1324767,15000
2020,0336,Washington township,Burlington,FALSE,693,97450,100850
2020,0337,Westampton township,Burlington,FALSE,9121,1095400,308000
2020,0338,Willingboro township,Burlington,FALSE,31889,2514102.26,1253690
2020,0339,Woodland township,Burlington,FALSE,1544,146485,0
2020,0340,Wrightstown borough,Burlington,FALSE,720,115000,47500
2020,0401,Audubon borough,Camden,FALSE,8707,1448860,485000
2020,0402,Audubon Park borough,Camden,FALSE,991,91000,0
2020,0403,Barrington borough,Camden,FALSE,7075,901239.48,526054.24
2020,0404,Bellmawr borough,Camden,FALSE,11707,2443793.26,0
2020,0405,Berlin borough,Camden,FALSE,7489,831800,350000
2020,0406,Berlin township,Camden,FALSE,5867,1102406,221900
2020,0407,Brooklawn borough,Camden,FALSE,1815,264100,70000
2020,0408,Camden city,Camden,TRUE,71791,NA,NA
2020,0409,Cherry Hill township,Camden,FALSE,74553,9772196,2085000
2020,0410,Chesilhurst borough,Camden,FALSE,1536,298121.84,56000
2020,0411,Clementon borough,Camden,FALSE,5338,416050,142500
2020,0412,Collingswood borough,Camden,FALSE,14186,1086395.68,392500
2020,0413,Gibbsboro borough,Camden,FALSE,2189,505000,0
2020,0414,Gloucester City city,Camden,FALSE,11484,1928053.78,385000
2020,0415,Gloucester township,Camden,FALSE,66034,9208510,1485000
2020,0416,Haddon township,Camden,FALSE,15407,1894400,475000
2020,0417,Haddonfield borough,Camden,FALSE,12550,2350900,450000
2020,0418,Haddon Heights borough,Camden,FALSE,7495,592740,299300
2020,0419,Hi-Nella borough,Camden,FALSE,927,73262,129700
2020,0420,Laurel Springs borough,Camden,FALSE,1978,143100,110000
2020,0421,Lawnside borough,Camden,FALSE,2955,425700,189000
2020,0422,Lindenwold borough,Camden,FALSE,21641,1440343,794100
2020,0423,Magnolia borough,Camden,FALSE,4352,470247.49,194000
2020,0424,Merchantville borough,Camden,FALSE,3820,503871,148000
2020,0425,Mount Ephraim borough,Camden,FALSE,4651,416350,350090
2020,0426,Oaklyn borough,Camden,FALSE,3930,726287.13,151185
2020,0427,Pennsauken township,Camden,FALSE,37074,1549465,0
2020,0428,Pine Hill borough,Camden,FALSE,10743,1225339,339790
2020,0429,Pine Valley borough,Camden,FALSE,21,8000,0
2020,0430,Runnemede borough,Camden,FALSE,8324,1115960,305500
2020,0431,Somerdale borough,Camden,FALSE,5566,609397,122343.54
2020,0432,Stratford borough,Camden,FALSE,6981,581431.73,250000
2020,0433,Tavistock borough,Camden,FALSE,9,12400,0
2020,0434,Voorhees township,Camden,FALSE,31069,3436600,1095000
2020,0435,Waterford township,Camden,FALSE,10421,1657350,22100
2020,0436,Winslow township,Camden,FALSE,39907,2862225,3843697.59
2020,0437,Woodlynne borough,Camden,FALSE,2902,304000,122500
2020,0501,Avalon borough,Cape May,FALSE,1243,NA,NA
2020,0502,Cape May city,Cape May,FALSE,2768,2396155.9699999997,0
2020,0503,Cape May Point borough,Cape May,FALSE,305,243900,0
2020,0504,Dennis township,Cape May,FALSE,6285,1055200,220000
2020,0505,Lower township,Cape May,FALSE,22057,3256650,810000
2020,0506,Middle township,Cape May,FALSE,20380,2951770,485000
2020,0507,North Wildwood city,Cape May,FALSE,3621,3725669.75,350000
2020,0508,Ocean City city,Cape May,FALSE,11229,9603850,0
2020,0509,Sea Isle City city,Cape May,FALSE,2104,3262020,0
2020,0510,Stone Harbor borough,Cape May,FALSE,796,2341115,0
2020,0511,Upper township,Cape May,FALSE,12539,3671500,0
2020,0512,West Cape May borough,Cape May,FALSE,1010,163400,167000
2020,0513,West Wildwood borough,Cape May,FALSE,540,213200,25000
2020,0514,Wildwood city,Cape May,FALSE,5157,3161485,449000
2020,0515,Wildwood Crest borough,Cape May,FALSE,3101,2101900,345000
2020,0516,Woodbine borough,Cape May,FALSE,2128,275600,62000
2020,0601,Bridgeton city,Cumberland,FALSE,27263,1400450,0
2020,0602,Commercial township,Cumberland,FALSE,4669,797100,154800
2020,0603,Deerfield township,Cumberland,FALSE,3136,145700,660
2020,0604,Downe township,Cumberland,FALSE,1399,309101,0
2020,0605,Fairfield township,Cumberland,FALSE,5546,347250,0
2020,0606,Greenwich township,Cumberland,FALSE,771,48387.6,37740
2020,0607,Hopewell township,Cumberland,FALSE,4391,187555,0
2020,0608,Lawrence township,Cumberland,FALSE,3087,273292,145579.6
2020,0609,Maurice River township,Cumberland,FALSE,6218,782880,132000
2020,0610,Millville city,Cumberland,FALSE,27491,2749072,708800
2020,0611,Shiloh borough,Cumberland,FALSE,444,41750,33100
2020,0612,Stow Creek township,Cumberland,FALSE,1312,19700,154000
2020,0613,Upper Deerfield township,Cumberland,FALSE,7645,575500,175000
2020,0614,Vineland city,Cumberland,FALSE,60780,4144060,0
2020,0701,Belleville township,Essex,FALSE,38222,3263893.8,3509538
2020,0702,Bloomfield township,Essex,FALSE,53105,3442875.4299999997,4350000
2020,0703,Caldwell borough,Essex,FALSE,9027,1306760.54,0
2020,0704,Cedar Grove township,Essex,FALSE,12980,1028793,0
2020,0705,East Orange city,Essex,TRUE,69612,NA,NA
2020,0706,Essex Fells borough,Essex,FALSE,2244,686080,0
2020,0707,Fairfield township,Essex,FALSE,7872,1113000,860000
2020,0708,Glen Ridge borough,Essex,FALSE,7802,746599,1200000
2020,0709,Irvington township,Essex,TRUE,61176,NA,NA
2020,0710,Livingston township,Essex,FALSE,31330,4783639.68,1252020
2020,0711,Maplewood township,Essex,FALSE,25684,3887975,42500
2020,0712,Millburn township,Essex,FALSE,21710,6556080,1457506
2020,0713,Montclair township,Essex,FALSE,40921,6722542.77,1350000
2020,0714,Newark city,Essex,FALSE,311549,46032480,10500000
2020,0715,North Caldwell borough,Essex,FALSE,6694,775283,743464
2020,0716,Nutley township,Essex,FALSE,30143,5274200,66000
2020,0717,City of Orange township,Essex,FALSE,34447,6546397,0
2020,0718,Roseland borough,Essex,FALSE,6299,1194824,589300
2020,0719,South Orange Village township,Essex,TRUE,18484,NA,NA
2020,0720,Verona township,Essex,FALSE,14572,4007250,12764
2020,0721,West Caldwell township,Essex,FALSE,11012,1334930,513000
2020,0722,West Orange township,Essex,FALSE,48843,12701001.47,0
2020,0801,Clayton borough,Gloucester,FALSE,8807,1104520,291500
2020,0802,Deptford township,Gloucester,FALSE,31977,4015000,1400000
2020,0803,East Greenwich township,Gloucester,FALSE,11706,1046200,0
2020,0804,Elk township,Gloucester,FALSE,4424,561400,173000
2020,0805,Franklin township,Gloucester,TRUE,16380,NA,NA
2020,0806,Glassboro borough,Gloucester,FALSE,23149,3651132,666492
2020,0807,Greenwich township,Gloucester,FALSE,4917,2019000,200000
2020,0808,Harrison township,Gloucester,FALSE,13641,827519,580000
2020,0809,Logan township,Gloucester,FALSE,6000,1375300,0
2020,0810,Mantua township,Gloucester,FALSE,15235,1676964,900000
2020,0811,Monroe township,Gloucester,FALSE,37117,4039950,1640000
2020,0812,National Park borough,Gloucester,FALSE,3026,393000,132500
2020,0813,Newfield borough,Gloucester,FALSE,1774,247209.9,0
2020,0814,Paulsboro borough,Gloucester,FALSE,6196,969000,279600
2020,0815,Pitman borough,Gloucester,FALSE,8780,1065906,581000
2020,0816,South Harrison township,Gloucester,FALSE,3395,407450,118000
2020,0817,Swedesboro borough,Gloucester,FALSE,2711,438500,2000
2020,0818,Washington township,Gloucester,TRUE,48677,NA,NA
2020,0819,Wenonah borough,Gloucester,FALSE,2283,236030.11,112000
2020,0820,West Deptford township,Gloucester,FALSE,22197,3230000,1460000
2020,0821,Westville borough,Gloucester,FALSE,4264,227970,1205700
2020,0822,Woodbury city,Gloucester,FALSE,9963,2220000,10000
2020,0823,Woodbury Heights borough,Gloucester,FALSE,3098,485800,140000
2020,0824,Woolwich township,Gloucester,FALSE,12577,1060050,450000
2020,0901,Bayonne city,Hudson,FALSE,71686,7297955,4100000
2020,0902,East Newark borough,Hudson,TRUE,2594,NA,NA
2020,0903,Guttenberg town,Hudson,FALSE,12017,2055000,0
2020,0904,Harrison town,Hudson,FALSE,19450,4177165,0
2020,0905,Hoboken city,Hudson,FALSE,60419,2606627,5990755
2020,0906,Jersey City city,Hudson,FALSE,292449,40352324,0
2020,0907,Kearny town,Hudson,FALSE,41999,4001701,7940376
2020,0908,North Bergen township,Hudson,FALSE,63361,6048080,7087330
2020,0909,Secaucus town,Hudson,FALSE,22181,12453181,0
2020,0910,Union City city,Hudson,TRUE,68589,NA,NA
2020,0911,Weehawken township,Hudson,TRUE,17197,NA,NA
2020,0912,West New York town,Hudson,FALSE,52912,8005000,0
2020,1001,Alexandria township,Hunterdon,FALSE,4809,640200,0
2020,1002,Bethlehem township,Hunterdon,FALSE,3745,714100,9000
2020,1003,Bloomsbury borough,Hunterdon,FALSE,792,101520,70000
2020,1004,Califon borough,Hunterdon,FALSE,1005,115923,0
2020,1005,Clinton town,Hunterdon,FALSE,2773,642663,102000
2020,1006,Clinton township,Hunterdon,FALSE,13505,1228600,0
2020,1007,Delaware township,Hunterdon,FALSE,4560,816020,0
2020,1008,East Amwell township,Hunterdon,FALSE,3917,496807,100
2020,1009,Flemington borough,Hunterdon,FALSE,4876,310500,269305
2020,1010,Franklin township,Hunterdon,FALSE,3267,531796,0
2020,1011,Frenchtown borough,Hunterdon,FALSE,1370,308270,0
2020,1012,Glen Gardner borough,Hunterdon,FALSE,1682,244750,75600
2020,1013,Hampton borough,Hunterdon,FALSE,1438,209058.44,50000
2020,1014,High Bridge borough,Hunterdon,FALSE,3546,392633,0
2020,1015,Holland township,Hunterdon,FALSE,5177,1042400,0
2020,1016,Kingwood township,Hunterdon,FALSE,3802,803500,0
2020,1017,Lambertville city,Hunterdon,FALSE,4139,502246.75,0
2020,1018,Lebanon borough,Hunterdon,FALSE,1665,247000,90153.84
2020,1019,Lebanon township,Hunterdon,FALSE,6195,952471,0
2020,1020,Milford borough,Hunterdon,FALSE,1232,155000,109000
2020,1021,Raritan township,Hunterdon,FALSE,23447,2671805.91,50000
2020,1022,Readington township,Hunterdon,FALSE,16128,3246040,0
2020,1023,Stockton borough,Hunterdon,FALSE,495,137000,0
2020,1024,Tewksbury township,Hunterdon,FALSE,5870,1331550,0
2020,1025,Union township,Hunterdon,FALSE,6507,255000,15000
2020,1026,West Amwell township,Hunterdon,FALSE,3005,640195,70450
2020,1101,East Windsor township,Mercer,FALSE,30045,1238220,0
2020,1102,Ewing township,Mercer,FALSE,37264,3781461,1843050
2020,1103,Hamilton township,Mercer,FALSE,92297,14240034.01,5682943.69
2020,1104,Hightstown borough,Mercer,FALSE,5900,885448,201000
2020,1105,Hopewell borough,Mercer,FALSE,1918,369331.87,89350
2020,1106,Hopewell township,Mercer,FALSE,17491,2239046.01,1000
2020,1107,Lawrence township,Mercer,FALSE,33077,3879100,1872000
2020,1108,Pennington borough,Mercer,FALSE,2802,685297.79,0
2020,1111,Trenton city,Mercer,TRUE,90871,NA,NA
2020,1112,Robbinsville township,Mercer,FALSE,15476,1813686.55,615756
2020,1113,West Windsor township,Mercer,FALSE,29518,4422612,25350
2020,1114,Princeton borough,Mercer,FALSE,30681,6114075,0
2020,1201,Carteret borough,Middlesex,FALSE,25326,3055771.73,1484190.94
2020,1202,Cranbury township,Middlesex,FALSE,3842,765550,0
2020,1203,Dunellen borough,Middlesex,FALSE,7637,608700,46000
2020,1204,East Brunswick township,Middlesex,FALSE,49715,4924900,3242000
2020,1205,Edison township,Middlesex,FALSE,107588,6213562,1130730
2020,1206,Helmetta borough,Middlesex,FALSE,2455,312300,0
2020,1207,Highland Park borough,Middlesex,FALSE,15072,2106449,379865
2020,1208,Jamesburg borough,Middlesex,FALSE,5783,606100,5000
2020,1209,Old Bridge township,Middlesex,FALSE,66876,4727456,0
2020,1210,Metuchen borough,Middlesex,FALSE,15049,2227700,320000
2020,1211,Middlesex borough,Middlesex,FALSE,14636,1673500,375000
2020,1212,Milltown borough,Middlesex,FALSE,7037,1451505,0
2020,1213,Monroe township,Middlesex,FALSE,48594,4845604,1566000
2020,1214,New Brunswick city,Middlesex,FALSE,55266,5048096.48,0
2020,1215,North Brunswick township,Middlesex,TRUE,43905,NA,NA
2020,1216,Perth Amboy city,Middlesex,FALSE,55436,8079800.75,58873.11
2020,1217,Piscataway township,Middlesex,FALSE,60804,4834250,0
2020,1218,Plainsboro township,Middlesex,FALSE,24084,1551580,0
2020,1219,Sayreville borough,Middlesex,FALSE,45345,3900815.5,2558528.27
2020,1220,South Amboy city,Middlesex,FALSE,9411,2631449,730000
2020,1221,South Brunswick township,Middlesex,FALSE,47043,6919173,1035000
2020,1222,South Plainfield borough,Middlesex,FALSE,24338,2174351,70000
2020,1223,South River borough,Middlesex,FALSE,16118,2001000,545000
2020,1224,Spotswood borough,Middlesex,FALSE,8163,1045981,333657.39
2020,1225,Woodbridge township,Middlesex,TRUE,103639,NA,NA
2020,1301,Allenhurst borough,Monmouth,FALSE,472,556000,0
2020,1302,Allentown borough,Monmouth,FALSE,1734,327950,0
2020,1303,Asbury Park city,Monmouth,FALSE,15188,4688475,0
2020,1304,Atlantic Highlands borough,Monmouth,FALSE,4414,874600,250000
2020,1305,Avon-by-the-Sea borough,Monmouth,FALSE,1933,526546,130000
2020,1306,Belmar borough,Monmouth,FALSE,5907,1379024,460000
2020,1307,Bradley Beach borough,Monmouth,FALSE,4282,1023861.5,211700
2020,1308,Brielle borough,Monmouth,FALSE,4982,795000,713000
2020,1309,Colts Neck township,Monmouth,FALSE,9957,1334332.89,574200
2020,1310,Deal borough,Monmouth,FALSE,900,434150,250000
2020,1311,Eatontown borough,Monmouth,FALSE,13597,4234758.03,331800
2020,1312,Englishtown borough,Monmouth,FALSE,2346,301000,0
2020,1313,Fair Haven borough,Monmouth,FALSE,6269,1140151,411500
2020,1314,Farmingdale borough,Monmouth,FALSE,1504,133430,0
2020,1315,Freehold borough,Monmouth,FALSE,12538,1703082,685768
2020,1316,Freehold township,Monmouth,FALSE,35369,4216250,0
2020,1317,Highlands borough,Monmouth,FALSE,4621,599400,614700
2020,1318,Holmdel township,Monmouth,FALSE,17400,3592000,0
2020,1319,Howell township,Monmouth,FALSE,53537,4917150,505000
2020,1320,Interlaken borough,Monmouth,FALSE,828,313225,22725
2020,1321,Keansburg borough,Monmouth,FALSE,9755,1140500,1254000
2020,1322,Keyport borough,Monmouth,FALSE,7204,1026000,317000
2020,1323,Little Silver borough,Monmouth,FALSE,6131,1578831,252000
2020,1324,Loch Arbour village,Monmouth,FALSE,224,20700,0
2020,1325,Long Branch city,Monmouth,FALSE,31667,5777900,1740700
2020,1326,Manalapan township,Monmouth,FALSE,40905,4939078,1815000
2020,1327,Manasquan borough,Monmouth,FALSE,5938,1008070,393500
2020,1328,Marlboro township,Monmouth,FALSE,41502,5718505.13,184690
2020,1329,Matawan borough,Monmouth,FALSE,9565,1891744.43,805871.5
2020,1330,Aberdeen township,Monmouth,FALSE,19329,1451111,0
2020,1331,Middletown township,Monmouth,FALSE,67106,16254726,0
2020,1332,Millstone township,Monmouth,FALSE,10376,1169175,20700
2020,1333,Monmouth Beach borough,Monmouth,FALSE,3174,816205.59,308500
2020,1334,Neptune township,Monmouth,FALSE,28061,4229500,1715000
2020,1335,Neptune City borough,Monmouth,FALSE,4626,1101600,60000
2020,1336,Tinton Falls borough,Monmouth,FALSE,19181,3595200,275000
2020,1337,Ocean township,Monmouth,FALSE,27672,4462033,1399000
2020,1338,Oceanport borough,Monmouth,FALSE,6150,1002333.11,300000
2020,1339,Hazlet township,Monmouth,FALSE,20125,2913250,0
2020,1340,Red Bank borough,Monmouth,FALSE,12936,2436891.54,620000
2020,1341,Roosevelt borough,Monmouth,FALSE,808,176590,34400
2020,1342,Rumson borough,Monmouth,FALSE,7343,2457273,600000
2020,1343,Sea Bright borough,Monmouth,FALSE,1449,683256.6,110000
2020,1344,Sea Girt borough,Monmouth,FALSE,1866,1004140,75000
2020,1345,Shrewsbury borough,Monmouth,FALSE,4184,1096460,233000
2020,1346,Shrewsbury township,Monmouth,FALSE,1076,188500,2000
2020,1347,Lake Como borough,Monmouth,FALSE,1697,438584.64,0
2020,1348,Spring Lake borough,Monmouth,FALSE,2789,1913500,150000
2020,1349,Spring Lake Heights borough,Monmouth,FALSE,4890,905521.44,250500
2020,1350,Union Beach borough,Monmouth,FALSE,5723,844000,656500
2020,1351,Upper Freehold township,Monmouth,FALSE,7273,225485,25000
2020,1352,Wall township,Monmouth,FALSE,26525,5747784.58,1427500
2020,1353,West Long Branch borough,Monmouth,FALSE,8587,1338750,300000
2020,1401,Boonton town,Morris,FALSE,8815,1786304.41,495400
2020,1402,Boonton township,Morris,FALSE,4380,989540,0
2020,1403,Butler borough,Morris,FALSE,8047,1845050,0
2020,1404,Chatham borough,Morris,FALSE,9212,527050,0
2020,1405,Chatham township,Morris,FALSE,10983,2272250,0
2020,1406,Chester borough,Morris,FALSE,1681,527050,0
2020,1407,Chester township,Morris,FALSE,7713,1799800,444000
2020,1408,Denville township,Morris,FALSE,17107,2844841,677000
2020,1409,Dover town,Morris,FALSE,18460,3039171.66,0
2020,1410,East Hanover township,Morris,FALSE,11105,2516435,0
2020,1411,Florham Park borough,Morris,FALSE,12585,2320999,97365
2020,1412,Hanover township,Morris,FALSE,14677,3394150,525000
2020,1413,Harding township,Morris,FALSE,3871,1161500,0
2020,1414,Jefferson township,Morris,FALSE,20538,2650256,0
2020,1415,Kinnelon borough,Morris,FALSE,9966,2451592,373000
2020,1416,Lincoln Park borough,Morris,FALSE,10915,2804370,0
2020,1417,Madison borough,Morris,FALSE,16937,5385915,0
2020,1418,Mendham borough,Morris,FALSE,4981,1066062,272300
2020,1419,Mendham township,Morris,FALSE,6016,1797920,0
2020,1420,Mine Hill township,Morris,TRUE,4015,NA,NA
2020,1421,Montville township,Morris,FALSE,22450,2466000,2524867
2020,1422,Morris township,Morris,FALSE,22974,6118270.59,0
2020,1423,Morris Plains borough,Morris,FALSE,6153,2707350,279800
2020,1424,Morristown town,Morris,FALSE,20180,6092019,0
2020,1425,Mountain Lakes borough,Morris,FALSE,4472,738882,661750
2020,1426,Mount Arlington borough,Morris,FALSE,5909,1011046,52100
2020,1427,Mount Olive township,Morris,FALSE,28886,3026556,0
2020,1428,Netcong borough,Morris,FALSE,3375,486667,46212
2020,1429,Parsippany-Troy Hills township,Morris,FALSE,56162,7239803,1950000
2020,1430,Long Hill township,Morris,FALSE,8629,2227150,0
2020,1431,Pequannock township,Morris,FALSE,15571,950368,0
2020,1432,Randolph township,Morris,FALSE,26504,4654799.43,2104715
2020,1433,Riverdale borough,Morris,FALSE,4107,528210,0
2020,1434,Rockaway borough,Morris,FALSE,6598,870760,659900
2020,1435,Rockaway township,Morris,FALSE,25341,3297574,411786
2020,1436,Roxbury township,Morris,FALSE,22950,5008860,0
2020,1437,Victory Gardens borough,Morris,FALSE,1582,356000,0
2020,1438,Washington township,Morris,TRUE,18197,NA,NA
2020,1439,Wharton borough,Morris,FALSE,7241,566024,0
2020,1501,Barnegat Light borough,Ocean,FALSE,640,628750,0
2020,1502,Bay Head borough,Ocean,FALSE,930,301000,240500
2020,1503,Beach Haven borough,Ocean,FALSE,1027,1465120,240000
2020,1504,Beachwood borough,Ocean,FALSE,10859,1249500,519350
2020,1505,Berkeley township,Ocean,FALSE,43754,5032321,2100000
2020,1506,Brick township,Ocean,FALSE,73620,8799335,3021783
2020,1507,Toms River township,Ocean,FALSE,95438,15437654,3677370
2020,1508,Eagleswood township,Ocean,FALSE,1722,414220,3000
2020,1509,Harvey Cedars borough,Ocean,FALSE,391,623253,65895
2020,1510,Island Heights borough,Ocean,FALSE,1650,487750,0
2020,1511,Jackson township,Ocean,FALSE,58544,4652968.89,268500
2020,1512,Lacey township,Ocean,FALSE,28655,5830900,1305000
2020,1513,Lakehurst borough,Ocean,FALSE,2636,463300,100000
2020,1514,Lakewood township,Ocean,FALSE,135158,13472100,4095431
2020,1515,Lavallette borough,Ocean,FALSE,1787,1201517.41,176500
2020,1516,Little Egg Harbor township,Ocean,FALSE,20784,1948000,900000
2020,1517,Long Beach township,Ocean,FALSE,3153,2770250,1900000
2020,1518,Manchester township,Ocean,FALSE,45115,3718000,0
2020,1519,Mantoloking borough,Ocean,FALSE,331,503893,179100
2020,1520,Ocean township,Ocean,FALSE,8835,1608500,272000
2020,1521,Ocean Gate borough,Ocean,FALSE,1932,180749.32,190000
2020,1522,Pine Beach borough,Ocean,FALSE,2139,339000,0
2020,1523,Plumsted township,Ocean,FALSE,8072,226200,0
2020,1524,Point Pleasant borough,Ocean,TRUE,18941,NA,NA
2020,1525,Point Pleasant Beach borough,Ocean,FALSE,4766,1791001,267000
2020,1526,Seaside Heights borough,Ocean,FALSE,2440,843732,225000
2020,1527,Seaside Park borough,Ocean,FALSE,1436,1233125,150000
2020,1528,Ship Bottom borough,Ocean,FALSE,1098,642500,559500
2020,1529,South Toms River borough,Ocean,FALSE,3643,363018.17,146300
2020,1530,Stafford township,Ocean,FALSE,28617,6549950,1527000
2020,1531,Surf City borough,Ocean,FALSE,1243,777500,175000
2020,1532,Tuckerton borough,Ocean,FALSE,3577,494150,180000
2020,1533,Barnegat township,Ocean,FALSE,24296,3108800,749000
2020,1601,Bloomingdale borough,Passaic,FALSE,7777,957000,882200
2020,1602,Clifton city,Passaic,FALSE,90296,5337900,6225000
2020,1603,Haledon borough,Passaic,FALSE,9052,1433300,271510.18
2020,1604,Hawthorne borough,Passaic,FALSE,19637,3079720,554800
2020,1605,Little Falls township,Passaic,FALSE,13360,2369186,0
2020,1606,North Haledon borough,Passaic,FALSE,8927,2166849.07,269000
2020,1607,Passaic city,Passaic,FALSE,70537,7316050,2470000
2020,1608,Paterson city,Passaic,TRUE,159732,NA,NA
2020,1609,Pompton Lakes borough,Passaic,FALSE,11127,2195028,10919
2020,1610,Prospect Park borough,Passaic,FALSE,6372,461290.86,334000
2020,1611,Ringwood borough,Passaic,FALSE,11735,4114080,0
2020,1612,Totowa borough,Passaic,TRUE,11065,NA,NA
2020,1613,Wanaque borough,Passaic,FALSE,11317,2120050,0
2020,1614,Wayne township,Passaic,TRUE,54838,NA,NA
2020,1615,West Milford township,Passaic,FALSE,24862,4727033,0
2020,1616,Woodland Park borough,Passaic,FALSE,13484,2873730,1385950
2020,1701,Alloway township,Salem,FALSE,3283,316800,108683.79
2020,1702,Elmer borough,Salem,FALSE,1347,152350,38250
2020,1703,Elsinboro township,Salem,FALSE,1001,151000,32700
2020,1704,Lower Alloways Creek township,Salem,FALSE,1717,644000,68000
2020,1705,Mannington township,Salem,FALSE,1475,200600,1500
2020,1706,Oldmans township,Salem,FALSE,1910,136050,130000
2020,1707,Penns Grove borough,Salem,TRUE,4837,NA,NA
2020,1708,Pennsville township,Salem,TRUE,12684,NA,NA
2020,1709,Pilesgrove township,Salem,FALSE,4183,430010,10247.17
2020,1710,Pittsgrove township,Salem,FALSE,8777,665390,183000
2020,1711,Quinton township,Salem,FALSE,2580,386292,12000
2020,1712,Salem city,Salem,FALSE,5296,594588,206579
2020,1713,Carneys Point township,Salem,FALSE,8637,611175,405089.84
2020,1714,Upper Pittsgrove township,Salem,FALSE,3432,328050,139000
2020,1715,Woodstown borough,Salem,FALSE,3678,206019,71200
2020,1801,Bedminster township,Somerset,FALSE,8272,1248425,0
2020,1802,Bernards township,Somerset,TRUE,27830,NA,NA
2020,1803,Bernardsville borough,Somerset,TRUE,7893,NA,NA
2020,1804,Bound Brook borough,Somerset,FALSE,11988,1623221.75,0
2020,1805,Branchburg township,Somerset,FALSE,14940,2330494,0
2020,1806,Bridgewater township,Somerset,FALSE,45977,3199952.61,0
2020,1807,Far Hills borough,Somerset,FALSE,924,181460,0
2020,1808,Franklin township,Somerset,FALSE,68364,3105110,693991
2020,1809,Green Brook township,Somerset,FALSE,7281,578919.13,0
2020,1810,Hillsborough township,Somerset,FALSE,43276,3443710,0
2020,1811,Manville borough,Somerset,FALSE,10953,1970000,0
2020,1812,Millstone borough,Somerset,FALSE,448,90000,0
2020,1813,Montgomery township,Somerset,FALSE,23690,2881450,300000
2020,1814,North Plainfield borough,Somerset,FALSE,22808,1981000,0
2020,1815,Peapack and Gladstone borough,Somerset,FALSE,2558,785806.17,89500
2020,1816,Raritan borough,Somerset,FALSE,7835,1839312,1043945
2020,1817,Rocky Hill borough,Somerset,FALSE,743,161250,0
2020,1818,Somerville borough,Somerset,FALSE,12346,2448050,0
2020,1819,South Bound Brook borough,Somerset,FALSE,4863,960000,0
2020,1820,Warren township,Somerset,FALSE,15923,3495875,0
2020,1821,Watchung borough,Somerset,FALSE,6449,909500,0
2020,1901,Andover borough,Sussex,FALSE,595,27200,17000
2020,1902,Andover township,Sussex,FALSE,5996,1091410,600000
2020,1903,Branchville borough,Sussex,FALSE,791,374974,0
2020,1904,Byram township,Sussex,FALSE,8028,1906250,725600
2020,1905,Frankford township,Sussex,FALSE,5302,1108700,15400
2020,1906,Franklin borough,Sussex,FALSE,4912,556730,460000
2020,1907,Fredon township,Sussex,FALSE,3235,701906,75781
2020,1908,Green township,Sussex,FALSE,3627,797619,440000
2020,1909,Hamburg borough,Sussex,FALSE,3266,223450,0
2020,1910,Hampton township,Sussex,FALSE,4893,1591780,0
2020,1911,Hardyston township,Sussex,FALSE,8125,1116161.3500096002,0
2020,1912,Hopatcong borough,Sussex,FALSE,14362,3524121,0
2020,1913,Lafayette township,Sussex,FALSE,2358,535850,0
2020,1914,Montague township,Sussex,FALSE,3792,469000,0
2020,1915,Newton town,Sussex,FALSE,8374,1036825.5,500
2020,1916,Ogdensburg borough,Sussex,FALSE,2258,281515,217300
2020,1917,Sandyston township,Sussex,FALSE,1977,312000,0
2020,1918,Sparta township,Sussex,FALSE,19600,2618994,0
2020,1919,Stanhope borough,Sussex,FALSE,3526,778790,0
2020,1920,Stillwater township,Sussex,FALSE,4004,902458,0
2020,1921,Sussex borough,Sussex,FALSE,2024,261050,5200
2020,1922,Vernon township,Sussex,FALSE,22358,2896080,0
2020,1923,Walpack township,Sussex,FALSE,7,1600,0
2020,1924,Wantage township,Sussex,FALSE,10811,1209119,0
2020,2001,Berkeley Heights township,Union,FALSE,13285,3177275,0
2020,2002,Clark township,Union,FALSE,15544,2288092,0
2020,2003,Cranford township,Union,FALSE,23847,3618224.89,0
2020,2004,Elizabeth city,Union,FALSE,137298,15997008,10000000
2020,2005,Fanwood borough,Union,TRUE,7774,NA,NA
2020,2006,Garwood borough,Union,FALSE,4454,814560,249300
2020,2007,Hillside township,Union,TRUE,22456,NA,NA
2020,2008,Kenilworth borough,Union,FALSE,8427,1381367.7,299950
2020,2009,Linden city,Union,FALSE,43738,10415450,303700
2020,2010,Mountainside borough,Union,FALSE,7020,1153400,980000
2020,2011,New Providence borough,Union,FALSE,13650,2690500,1646500
2020,2012,Plainfield city,Union,FALSE,54586,5255042,0
2020,2013,Rahway city,Union,FALSE,29556,7056287,0
2020,2014,Roselle borough,Union,FALSE,22695,4176000,2958318
2020,2015,Roselle Park borough,Union,FALSE,13967,2878350,0
2020,2016,Scotch Plains township,Union,FALSE,24968,2607064,0
2020,2017,Springfield township,Union,FALSE,17178,2900010,1674333
2020,2018,Summit city,Union,FALSE,22719,5070394,590783
2020,2019,Union township,Union,FALSE,59728,10982446.14,0
2020,2020,Westfield town,Union,FALSE,31032,5431648.14,200000
2020,2021,Winfield township,Union,FALSE,1423,39000,0
2020,2101,Allamuchy township,Warren,FALSE,5335,538643,0
2020,2102,Alpha borough,Warren,FALSE,2328,457236.5,0
2020,2103,Belvidere town,Warren,FALSE,2520,444250,1500
2020,2104,Blairstown township,Warren,FALSE,5704,551501,12325
2020,2105,Franklin township,Warren,FALSE,2968,388396,0
2020,2106,Frelinghuysen township,Warren,FALSE,2199,309500,0
2020,2107,Greenwich township,Warren,FALSE,5473,493865,0
2020,2108,Hackettstown town,Warren,FALSE,10248,978180,0
2020,2109,Hardwick township,Warren,FALSE,1598,300005,0
2020,2110,Harmony township,Warren,FALSE,2503,449870,4789
2020,2111,Hope township,Warren,FALSE,1835,281000,0
2020,2112,Independence township,Warren,FALSE,5469,488500,0
2020,2113,Knowlton township,Warren,FALSE,2894,463000,9550
2020,2114,Liberty township,Warren,FALSE,2670,391700,0
2020,2115,Lopatcong township,Warren,FALSE,8776,756425,0
2020,2116,Mansfield township,Warren,FALSE,7781,676600,3000
2020,2117,Oxford township,Warren,FALSE,2444,373012,15000
2020,2119,Phillipsburg town,Warren,FALSE,15249,2292605,566000
2020,2120,Pohatcong township,Warren,FALSE,3241,546300,0
2020,2121,Washington borough,Warren,FALSE,7299,1076659,0
2020,2122,Washington township,Warren,FALSE,6492,957600,4000
2020,2123,White township,Warren,FALSE,4606,373100,0
2021,0101,Absecon city,Atlantic,FALSE,9137,592000,714000
2021,0102,Atlantic City,Atlantic,FALSE,38497,11450224,0
2021,0103,Brigantine city,Atlantic,FALSE,7716,4648700,0
2021,0104,Buena borough,Atlantic,FALSE,4501,349675,315170
2021,0105,Buena Vista township,Atlantic,FALSE,7033,1322579,235000
2021,0106,Corbin City city,Atlantic,FALSE,471,93200,0
2021,0107,Egg Harbor City city,Atlantic,FALSE,4396,441690,475000
2021,0108,Egg Harbor township,Atlantic,FALSE,47842,3858633,1693533
2021,0109,Estell Manor city,Atlantic,FALSE,1668,371170,187000
2021,0110,Folsom borough,Atlantic,FALSE,1811,210001,177000
2021,0111,Galloway township,Atlantic,FALSE,37813,2178200,105000
2021,0112,Hamilton township,Atlantic,FALSE,27484,4804500,0
2021,0113,Hammonton town,Atlantic,FALSE,14711,1919791.88,0
2021,0114,Linwood city,Atlantic,FALSE,6971,630781,621377
2021,0115,Longport borough,Atlantic,TRUE,893,NA,NA
2021,0116,Margate City city,Atlantic,FALSE,5317,3214521.9699999997,10000
2021,0117,Mullica township,Atlantic,FALSE,5816,391001,148500
2021,0118,Northfield city,Atlantic,FALSE,8434,824501,797000
2021,0119,Pleasantville city,Atlantic,FALSE,20629,1523900,1474241
2021,0120,Port Republic city,Atlantic,FALSE,1101,202600,99000
2021,0121,Somers Point city,Atlantic,FALSE,10469,1955300,0
2021,0122,Ventnor City city,Atlantic,FALSE,9210,2997063.89,0
2021,0123,Weymouth township,Atlantic,FALSE,2614,383000,62000
2021,0201,Allendale borough,Bergen,FALSE,6848,2036000,0
2021,0202,Alpine borough,Bergen,FALSE,1762,401000,69900
2021,0203,Bergenfield borough,Bergen,FALSE,28321,4272550,1007000
2021,0204,Bogota borough,Bergen,FALSE,8778,1351200,400000
2021,0205,Carlstadt borough,Bergen,FALSE,6372,3068000,0
2021,0206,Cliffside Park borough,Bergen,FALSE,25693,3297000,925000
2021,0207,Closter borough,Bergen,FALSE,8594,2382500,328000
2021,0208,Cresskill borough,Bergen,FALSE,9155,3402800,282000
2021,0209,Demarest borough,Bergen,FALSE,4981,1957473,554200
2021,0210,Dumont borough,Bergen,FALSE,17863,4880934,0
2021,0211,Elmwood Park borough,Bergen,FALSE,21422,1591000,4149232.25
2021,0212,East Rutherford borough,Bergen,FALSE,10022,2902600,460000
2021,0213,Edgewater borough,Bergen,TRUE,14336,NA,NA
2021,0214,Emerson borough,Bergen,FALSE,7290,2074836,147180
2021,0215,Englewood city,Bergen,FALSE,29308,6050750,1296000
2021,0216,Englewood Cliffs borough,Bergen,FALSE,5342,1926610,0
2021,0217,Fair Lawn borough,Bergen,FALSE,34927,4900150,2413000
2021,0218,Fairview borough,Bergen,FALSE,15025,0,102660.53
2021,0219,Fort Lee borough,Bergen,FALSE,40191,5149455,3124593
2021,0220,Franklin Lakes borough,Bergen,FALSE,11079,2998285,8000
2021,0221,Garfield city,Bergen,FALSE,32655,1765414,4247800
2021,0222,Glen Rock borough,Bergen,FALSE,12133,4308359,315000
2021,0223,Hackensack city,Bergen,FALSE,46030,4397900,3310600
2021,0224,Harrington Park borough,Bergen,TRUE,4741,NA,NA
2021,0225,Hasbrouck Heights borough,Bergen,FALSE,12125,2945000,521000
2021,0226,Haworth borough,Bergen,FALSE,3343,1418600,5000
2021,0227,Hillsdale borough,Bergen,FALSE,10143,2290816,14000
2021,0228,Ho-Ho-Kus borough,Bergen,FALSE,4258,1092400,0
2021,0229,Leonia borough,Bergen,FALSE,9304,2286650,0
2021,0230,Little Ferry borough,Bergen,FALSE,10987,1733203,1915323
2021,0231,Lodi borough,Bergen,FALSE,26206,2928500,750000
2021,0232,Lyndhurst township,Bergen,FALSE,22519,2577580,1750000
2021,0233,Mahwah township,Bergen,FALSE,25487,5523165,41730
2021,0234,Maywood borough,Bergen,FALSE,10080,1698300,2500000
2021,0235,Midland Park borough,Bergen,FALSE,7014,1376670,235000
2021,0236,Montvale borough,Bergen,FALSE,8436,533425,810000
2021,0237,Moonachie borough,Bergen,FALSE,3133,1015000,97000
2021,0238,New Milford borough,Bergen,FALSE,16923,3647800,1503638
2021,0239,North Arlington borough,Bergen,FALSE,16457,2134000,0
2021,0240,Northvale borough,Bergen,FALSE,4761,1721100,480000
2021,0241,Norwood borough,Bergen,FALSE,5641,2644073,0
2021,0242,Oakland borough,Bergen,FALSE,12748,3212400,0
2021,0243,Old Tappan borough,Bergen,FALSE,5888,891346,0
2021,0244,Oradell borough,Bergen,FALSE,8244,2549725,252000
2021,0245,Palisades Park borough,Bergen,FALSE,20292,1058000,4144614
2021,0246,Paramus borough,Bergen,FALSE,26698,9415370,1200000
2021,0247,Park Ridge borough,Bergen,FALSE,8883,2279622,96000
2021,0248,Ramsey borough,Bergen,FALSE,14798,2570500,1899000
2021,0249,Ridgefield borough,Bergen,FALSE,11501,2538334,325000
2021,0250,Ridgefield Park village,Bergen,FALSE,13224,2890400,572000
2021,0251,Ridgewood village,Bergen,FALSE,25979,5296989.1556,2198407.7199999997
2021,0252,River Edge borough,Bergen,FALSE,12049,2611341,258000
2021,0253,River Vale township,Bergen,FALSE,9909,2445796,0
2021,0254,Rochelle Park township,Bergen,FALSE,5814,745000,1191574
2021,0255,Rockleigh borough,Bergen,FALSE,407,79195,0
2021,0256,Rutherford borough,Bergen,FALSE,18834,5459650,1000000
2021,0257,Saddle Brook township,Bergen,FALSE,14294,1796000,1000000
2021,0258,Saddle River borough,Bergen,FALSE,3372,1465200,130000
2021,0259,South Hackensack township,Bergen,FALSE,2701,995000,0
2021,0260,Teaneck township,Bergen,FALSE,41246,7532970,0
2021,0261,Tenafly borough,Bergen,FALSE,15409,4731125,448000
2021,0262,Teterboro borough,Bergen,FALSE,61,638000,0
2021,0263,Upper Saddle River borough,Bergen,FALSE,8353,1966050,240000
2021,0264,Waldwick borough,Bergen,FALSE,10058,1971414,2050311
2021,0265,Wallington borough,Bergen,FALSE,11868,1430000,2000
2021,0266,Washington township,Bergen,FALSE,9285,1567145,70000
2021,0267,Westwood borough,Bergen,FALSE,11282,2568907,0
2021,0268,Woodcliff Lake borough,Bergen,FALSE,6128,1679000,218000
2021,0269,Wood-Ridge borough,Bergen,FALSE,10137,2874000,0
2021,0270,Wyckoff township,Bergen,FALSE,16585,3109796,450000
2021,0301,Bass River township,Burlington,FALSE,1355,294000,3100
2021,0302,Beverly city,Burlington,FALSE,2499,276890.06,115000
2021,0303,Bordentown city,Burlington,FALSE,3993,700700,422000
2021,0304,Bordentown township,Burlington,FALSE,11791,1605000,420000
2021,0305,Burlington city,Burlington,FALSE,9743,1648431.59,490500
2021,0306,Burlington township,Burlington,FALSE,23983,3741756,0
2021,0307,Chesterfield township,Burlington,FALSE,9422,468775,0
2021,0308,Cinnaminson township,Burlington,FALSE,17064,3106480,0
2021,0309,Delanco township,Burlington,FALSE,4824,732483,215000
2021,0310,Delran township,Burlington,FALSE,17882,2213657,570000
2021,0311,Eastampton township,Burlington,FALSE,6191,425000,200800
2021,0312,Edgewater Park township,Burlington,FALSE,8930,963886.95,276000
2021,0313,Evesham township,Burlington,FALSE,46826,4985210,2768442
2021,0314,Fieldsboro borough,Burlington,FALSE,526,58700,63250
2021,0315,Florence township,Burlington,FALSE,12812,1708932,31200
2021,0316,Hainesport township,Burlington,FALSE,6035,666800,230000
2021,0317,Lumberton township,Burlington,FALSE,12803,1415850,364600
2021,0318,Mansfield township,Burlington,FALSE,8897,976010,305500
2021,0319,Maple Shade township,Burlington,FALSE,19980,1831100,1320000
2021,0320,Medford township,Burlington,FALSE,24497,2860025,880000
2021,0321,Medford Lakes borough,Burlington,FALSE,4264,601725,182600
2021,0322,Moorestown township,Burlington,FALSE,21355,3297874,776000
2021,0323,Mount Holly township,Burlington,FALSE,9981,1054894,340000
2021,0324,Mount Laurel township,Burlington,FALSE,44633,3091250,3670700
2021,0325,New Hanover township,Burlington,FALSE,6367,125750,70000
2021,0326,North Hanover township,Burlington,FALSE,7963,324756,35800
2021,0327,Palmyra borough,Burlington,FALSE,7438,1150546,270000
2021,0328,Pemberton borough,Burlington,FALSE,1371,5000,50000
2021,0329,Pemberton township,Burlington,FALSE,26903,3091384,1088500
2021,0330,Riverside township,Burlington,FALSE,8003,896450,310000
2021,0331,Riverton borough,Burlington,FALSE,2764,518160,337450
2021,0332,Shamong township,Burlington,FALSE,6460,804788.83,0
2021,0333,Southampton township,Burlington,FALSE,10317,1603028,408000
2021,0334,Springfield township,Burlington,FALSE,3245,340000,100000
2021,0335,Tabernacle township,Burlington,FALSE,6776,1408289,15000
2021,0336,Washington township,Burlington,FALSE,693,98430,108500
2021,0337,Westampton township,Burlington,FALSE,9121,1160400,335710
2021,0338,Willingboro township,Burlington,FALSE,31889,2187720.28,2349902.92
2021,0339,Woodland township,Burlington,FALSE,1544,158385,0
2021,0340,Wrightstown borough,Burlington,FALSE,720,112365,50000
2021,0401,Audubon borough,Camden,FALSE,8707,1487963,495000
2021,0402,Audubon Park borough,Camden,TRUE,991,NA,NA
2021,0403,Barrington borough,Camden,FALSE,7075,945267.4,613714
2021,0404,Bellmawr borough,Camden,FALSE,11707,2563000,0
2021,0405,Berlin borough,Camden,FALSE,7489,907550,389000
2021,0406,Berlin township,Camden,FALSE,5867,1122010,249000
2021,0407,Brooklawn borough,Camden,FALSE,1815,120000,75000
2021,0408,Camden city,Camden,TRUE,71791,NA,NA
2021,0409,Cherry Hill township,Camden,FALSE,74553,10072884,2198750
2021,0410,Chesilhurst borough,Camden,FALSE,1536,531255.4,61000
2021,0411,Clementon borough,Camden,FALSE,5338,474000,152500
2021,0412,Collingswood borough,Camden,FALSE,14186,1201550,480000
2021,0413,Gibbsboro borough,Camden,FALSE,2189,510000,0
2021,0414,Gloucester City city,Camden,TRUE,11484,NA,NA
2021,0415,Gloucester township,Camden,FALSE,66034,10270750,1985000
2021,0416,Haddon township,Camden,FALSE,15407,1970400,500000
2021,0417,Haddonfield borough,Camden,TRUE,12550,NA,NA
2021,0418,Haddon Heights borough,Camden,FALSE,7495,567750,320000
2021,0419,Hi-Nella borough,Camden,FALSE,927,52100,132000
2021,0420,Laurel Springs borough,Camden,FALSE,1978,170100,120500
2021,0421,Lawnside borough,Camden,FALSE,2955,522500,189000
2021,0422,Lindenwold borough,Camden,FALSE,21641,1565664,844100
2021,0423,Magnolia borough,Camden,FALSE,4352,470086,204000
2021,0424,Merchantville borough,Camden,FALSE,3820,555534,160000
2021,0425,Mount Ephraim borough,Camden,FALSE,4651,415630,333402
2021,0426,Oaklyn borough,Camden,FALSE,3930,714624,184100
2021,0427,Pennsauken township,Camden,FALSE,37074,1715755,0
2021,0428,Pine Hill borough,Camden,FALSE,10743,1343672,443800
2021,0429,Pine Valley borough,Camden,FALSE,21,4300,0
2021,0430,Runnemede borough,Camden,FALSE,8324,1153176,337000
2021,0431,Somerdale borough,Camden,FALSE,5566,500618.08,153000
2021,0432,Stratford borough,Camden,FALSE,6981,603497.84,265000
2021,0433,Tavistock borough,Camden,FALSE,9,12400,0
2021,0434,Voorhees township,Camden,FALSE,31069,3561000,1067000
2021,0435,Waterford township,Camden,FALSE,10421,1193900,22750
2021,0436,Winslow township,Camden,FALSE,39907,2530800,4379400
2021,0437,Woodlynne borough,Camden,TRUE,2902,NA,NA
2021,0501,Avalon borough,Cape May,FALSE,1243,3492795.9969631336,280000
2021,0502,Cape May city,Cape May,FALSE,2768,2424000,0
2021,0503,Cape May Point borough,Cape May,FALSE,305,238600,0
2021,0504,Dennis township,Cape May,FALSE,6285,1014700,240000
2021,0505,Lower township,Cape May,FALSE,22057,3190650,825000
2021,0506,Middle township,Cape May,FALSE,20380,2850700,550000
2021,0507,North Wildwood city,Cape May,FALSE,3621,3958031.97,370000
2021,0508,Ocean City city,Cape May,FALSE,11229,10253295,0
2021,0509,Sea Isle City city,Cape May,FALSE,2104,2852345,370000
2021,0510,Stone Harbor borough,Cape May,FALSE,796,2426190,0
2021,0511,Upper township,Cape May,FALSE,12539,3699750,0
2021,0512,West Cape May borough,Cape May,FALSE,1010,185000,179500
2021,0513,West Wildwood borough,Cape May,FALSE,540,245435,28000
2021,0514,Wildwood city,Cape May,FALSE,5157,3630215,470000
2021,0515,Wildwood Crest borough,Cape May,FALSE,3101,2110900,350000
2021,0516,Woodbine borough,Cape May,FALSE,2128,277600,75000
2021,0601,Bridgeton city,Cumberland,FALSE,27263,1286500,0
2021,0602,Commercial township,Cumberland,FALSE,4669,790620,184500
2021,0603,Deerfield township,Cumberland,FALSE,3136,148500,0
2021,0604,Downe township,Cumberland,TRUE,1399,NA,NA
2021,0605,Fairfield township,Cumberland,FALSE,5546,390750,0
2021,0606,Greenwich township,Cumberland,FALSE,771,46216.55,38000
2021,0607,Hopewell township,Cumberland,FALSE,4391,588550,0
2021,0608,Lawrence township,Cumberland,FALSE,3087,279272,149772
2021,0609,Maurice River township,Cumberland,FALSE,6218,824000,142000
2021,0610,Millville city,Cumberland,FALSE,27491,2736270,747200
2021,0611,Shiloh borough,Cumberland,TRUE,444,NA,NA
2021,0612,Stow Creek township,Cumberland,TRUE,1312,NA,NA
2021,0613,Upper Deerfield township,Cumberland,FALSE,7645,622500,200000
2021,0614,Vineland city,Cumberland,FALSE,60780,4424093,0
2021,0701,Belleville township,Essex,TRUE,38222,NA,NA
2021,0702,Bloomfield township,Essex,FALSE,53105,3511281,7966306
2021,0703,Caldwell borough,Essex,FALSE,9027,1540906.47,0
2021,0704,Cedar Grove township,Essex,FALSE,12980,1033177,0
2021,0705,East Orange city,Essex,FALSE,69612,14698010.18,0
2021,0706,Essex Fells borough,Essex,FALSE,2244,349100,0
2021,0707,Fairfield township,Essex,FALSE,7872,1134000,930000
2021,0708,Glen Ridge borough,Essex,FALSE,7802,1571778,1300000
2021,0709,Irvington township,Essex,TRUE,61176,NA,NA
2021,0710,Livingston township,Essex,FALSE,31330,4509816.78,1907020
2021,0711,Maplewood township,Essex,FALSE,25684,4513700,47500
2021,0712,Millburn township,Essex,FALSE,21710,6365700,2158040
2021,0713,Montclair township,Essex,FALSE,40921,5540544.93,3039542.8000000003
2021,0714,Newark city,Essex,FALSE,311549,46217532,12000000
2021,0715,North Caldwell borough,Essex,FALSE,6694,833409,770781
2021,0716,Nutley township,Essex,FALSE,30143,5243860,69000
2021,0717,City of Orange township,Essex,FALSE,34447,6527013,0
2021,0718,Roseland borough,Essex,FALSE,6299,1996386,0
2021,0719,South Orange Village township,Essex,FALSE,18484,3018575,0
2021,0720,Verona township,Essex,FALSE,14572,4170065,12764
2021,0721,West Caldwell township,Essex,FALSE,11012,1401925,513000
2021,0722,West Orange township,Essex,FALSE,48843,12848124.47,0
2021,0801,Clayton borough,Gloucester,FALSE,8807,1247500,311500
2021,0802,Deptford township,Gloucester,FALSE,31977,4035000,1410000
2021,0803,East Greenwich township,Gloucester,FALSE,11706,1229444,0
2021,0804,Elk township,Gloucester,FALSE,4424,613200,253000
2021,0805,Franklin township,Gloucester,FALSE,16380,1506000,825000
2021,0806,Glassboro borough,Gloucester,FALSE,23149,3648698,725500
2021,0807,Greenwich township,Gloucester,FALSE,4917,2072500,220000
2021,0808,Harrison township,Gloucester,FALSE,13641,716843.77,600000
2021,0809,Logan township,Gloucester,FALSE,6000,1237405.81,0
2021,0810,Mantua township,Gloucester,FALSE,15235,1746000,790000
2021,0811,Monroe township,Gloucester,TRUE,37117,NA,NA
2021,0812,National Park borough,Gloucester,FALSE,3026,440336.31,132500
2021,0813,Newfield borough,Gloucester,FALSE,1774,246138.16,0
2021,0814,Paulsboro borough,Gloucester,TRUE,6196,NA,NA
2021,0815,Pitman borough,Gloucester,FALSE,8780,1130213,634745
2021,0816,South Harrison township,Gloucester,FALSE,3395,407650,120000
2021,0817,Swedesboro borough,Gloucester,FALSE,2711,NA,NA
2021,0818,Washington township,Gloucester,TRUE,48677,NA,NA
2021,0819,Wenonah borough,Gloucester,FALSE,2283,209678.22,112000
2021,0820,West Deptford township,Gloucester,FALSE,22197,3412675,1515000
2021,0821,Westville borough,Gloucester,FALSE,4264,928170,0
2021,0822,Woodbury city,Gloucester,FALSE,9963,2245000,10000
2021,0823,Woodbury Heights borough,Gloucester,FALSE,3098,522900,140000
2021,0824,Woolwich township,Gloucester,FALSE,12577,1067550,449000
2021,0901,Bayonne city,Hudson,FALSE,71686,7068000,3650000
2021,0902,East Newark borough,Hudson,FALSE,2594,255500,295500
2021,0903,Guttenberg town,Hudson,FALSE,12017,2027000,0
2021,0904,Harrison town,Hudson,FALSE,19450,4502500,0
2021,0905,Hoboken city,Hudson,FALSE,60419,2841887,6103716
2021,0906,Jersey City city,Hudson,FALSE,292449,37206999,0
2021,0907,Kearny town,Hudson,FALSE,41999,3901466,8201587
2021,0908,North Bergen township,Hudson,FALSE,63361,5452640,7299076
2021,0909,Secaucus town,Hudson,FALSE,22181,12272681,0
2021,0910,Union City city,Hudson,TRUE,68589,NA,NA
2021,0911,Weehawken township,Hudson,TRUE,17197,NA,NA
2021,0912,West New York town,Hudson,FALSE,52912,8250000,0
2021,1001,Alexandria township,Hunterdon,FALSE,4809,686000,0
2021,1002,Bethlehem township,Hunterdon,FALSE,3745,691800,0
2021,1003,Bloomsbury borough,Hunterdon,FALSE,792,110320,78000
2021,1004,Califon borough,Hunterdon,FALSE,1005,119824,0
2021,1005,Clinton town,Hunterdon,FALSE,2773,550323,145000
2021,1006,Clinton township,Hunterdon,FALSE,13505,1356000,0
2021,1007,Delaware township,Hunterdon,FALSE,4560,848013.2,0
2021,1008,East Amwell township,Hunterdon,FALSE,3917,462340,100
2021,1009,Flemington borough,Hunterdon,FALSE,4876,317136,294400
2021,1010,Franklin township,Hunterdon,FALSE,3267,556267,0
2021,1011,Frenchtown borough,Hunterdon,FALSE,1370,210250,120000
2021,1012,Glen Gardner borough,Hunterdon,FALSE,1682,247900,77500
2021,1013,Hampton borough,Hunterdon,FALSE,1438,208100.75,50000
2021,1014,High Bridge borough,Hunterdon,FALSE,3546,431350.97,0
2021,1015,Holland township,Hunterdon,FALSE,5177,1063000,30000
2021,1016,Kingwood township,Hunterdon,FALSE,3802,808500,0
2021,1017,Lambertville city,Hunterdon,FALSE,4139,550947.36,0
2021,1018,Lebanon borough,Hunterdon,FALSE,1665,261500,0
2021,1019,Lebanon township,Hunterdon,FALSE,6195,1022991,0
2021,1020,Milford borough,Hunterdon,FALSE,1232,154000,109000
2021,1021,Raritan township,Hunterdon,FALSE,23447,2720253.77,50000
2021,1022,Readington township,Hunterdon,FALSE,16128,3455076,0
2021,1023,Stockton borough,Hunterdon,FALSE,495,137000,0
2021,1024,Tewksbury township,Hunterdon,FALSE,5870,1358050,0
2021,1025,Union township,Hunterdon,FALSE,6507,505000,35001
2021,1026,West Amwell township,Hunterdon,FALSE,3005,631650,77700
2021,1101,East Windsor township,Mercer,FALSE,30045,1118640.72,0
2021,1102,Ewing township,Mercer,FALSE,37264,3077000,2524958.64
2021,1103,Hamilton township,Mercer,FALSE,92297,15079333,5800000
2021,1104,Hightstown borough,Mercer,FALSE,5900,879266,266500
2021,1105,Hopewell borough,Mercer,FALSE,1918,322350,168025
2021,1106,Hopewell township,Mercer,FALSE,17491,2334430,1000
2021,1107,Lawrence township,Mercer,FALSE,33077,4059750,1872000
2021,1108,Pennington borough,Mercer,FALSE,2802,795237.61,0
2021,1111,Trenton city,Mercer,TRUE,90871,NA,NA
2021,1112,Robbinsville township,Mercer,FALSE,15476,1965505.09,611500
2021,1113,West Windsor township,Mercer,FALSE,29518,4578245,25350
2021,1114,Princeton borough,Mercer,FALSE,30681,6166698,0
2021,1201,Carteret borough,Middlesex,FALSE,25326,4778000,1750000
2021,1202,Cranbury township,Middlesex,FALSE,3842,745859.55,0
2021,1203,Dunellen borough,Middlesex,FALSE,7637,680649,23000
2021,1204,East Brunswick township,Middlesex,FALSE,49715,5024428,3511438
2021,1205,Edison township,Middlesex,FALSE,107588,8157890,1186037
2021,1206,Helmetta borough,Middlesex,FALSE,2455,313900,0
2021,1207,Highland Park borough,Middlesex,FALSE,15072,2153448,420000
2021,1208,Jamesburg borough,Middlesex,FALSE,5783,640049,5000
2021,1209,Old Bridge township,Middlesex,FALSE,66876,5030965,0
2021,1210,Metuchen borough,Middlesex,TRUE,15049,NA,NA
2021,1211,Middlesex borough,Middlesex,FALSE,14636,2046164,400000
2021,1212,Milltown borough,Middlesex,FALSE,7037,1510410,0
2021,1213,Monroe township,Middlesex,FALSE,48594,6813745,192100
2021,1214,New Brunswick city,Middlesex,FALSE,55266,6581550,0
2021,1215,North Brunswick township,Middlesex,TRUE,43905,NA,NA
2021,1216,Perth Amboy city,Middlesex,FALSE,55436,8690400.32,63186.9
2021,1217,Piscataway township,Middlesex,FALSE,60804,4498240,1770000
2021,1218,Plainsboro township,Middlesex,FALSE,24084,1570880,0
2021,1219,Sayreville borough,Middlesex,FALSE,45345,11941222,1285000
2021,1220,South Amboy city,Middlesex,FALSE,9411,2661370,15000
2021,1221,South Brunswick township,Middlesex,FALSE,47043,8498958.03,980289.47
2021,1222,South Plainfield borough,Middlesex,FALSE,24338,2447167,77500
2021,1223,South River borough,Middlesex,FALSE,16118,2001000,545000
2021,1224,Spotswood borough,Middlesex,FALSE,8163,1060479,274881
2021,1225,Woodbridge township,Middlesex,FALSE,103639,16192499,4650000
2021,1301,Allenhurst borough,Monmouth,FALSE,472,752400,0
2021,1302,Allentown borough,Monmouth,FALSE,1734,144800,0
2021,1303,Asbury Park city,Monmouth,FALSE,15188,4530975,0
2021,1304,Atlantic Highlands borough,Monmouth,FALSE,4414,889600,255000
2021,1305,Avon-by-the-Sea borough,Monmouth,FALSE,1933,537845,130000
2021,1306,Belmar borough,Monmouth,FALSE,5907,1452000,460000
2021,1307,Bradley Beach borough,Monmouth,FALSE,4282,1323700,0
2021,1308,Brielle borough,Monmouth,FALSE,4982,795000,713000
2021,1309,Colts Neck township,Monmouth,FALSE,9957,1841348.37,726700
2021,1310,Deal borough,Monmouth,FALSE,900,1026850,250000
2021,1311,Eatontown borough,Monmouth,FALSE,13597,4380321.45,364800
2021,1312,Englishtown borough,Monmouth,FALSE,2346,306700,3300
2021,1313,Fair Haven borough,Monmouth,FALSE,6269,1219460,411500
2021,1314,Farmingdale borough,Monmouth,FALSE,1504,144250,0
2021,1315,Freehold borough,Monmouth,FALSE,12538,1720782,709768
2021,1316,Freehold township,Monmouth,FALSE,35369,4308250,0
2021,1317,Highlands borough,Monmouth,FALSE,4621,553400,644000
2021,1318,Holmdel township,Monmouth,FALSE,17400,3000250,0
2021,1319,Howell township,Monmouth,FALSE,53537,5111705,1075000
2021,1320,Interlaken borough,Monmouth,FALSE,828,320822,28890
2021,1321,Keansburg borough,Monmouth,FALSE,9755,1115150,1110000
2021,1322,Keyport borough,Monmouth,FALSE,7204,1108000,380000
2021,1323,Little Silver borough,Monmouth,FALSE,6131,1653720,262000
2021,1324,Loch Arbour village,Monmouth,FALSE,224,44950,0
2021,1325,Long Branch city,Monmouth,FALSE,31667,5443262,2000000
2021,1326,Manalapan township,Monmouth,FALSE,40905,3430000,4292500
2021,1327,Manasquan borough,Monmouth,FALSE,5938,1026638.59,431500
2021,1328,Marlboro township,Monmouth,FALSE,41502,5343905.16,213810.3
2021,1329,Matawan borough,Monmouth,FALSE,9565,1848384.5,0
2021,1330,Aberdeen township,Monmouth,FALSE,19329,1808304,0
2021,1331,Middletown township,Monmouth,FALSE,67106,18039046,0
2021,1332,Millstone township,Monmouth,FALSE,10376,1320989,23000
2021,1333,Monmouth Beach borough,Monmouth,FALSE,3174,874172.23,308500
2021,1334,Neptune township,Monmouth,FALSE,28061,4288000,2065000
2021,1335,Neptune City borough,Monmouth,FALSE,4626,1128100,60000
2021,1336,Tinton Falls borough,Monmouth,FALSE,19181,3765300,300000
2021,1337,Ocean township,Monmouth,FALSE,27672,4502469,1396939
2021,1338,Oceanport borough,Monmouth,FALSE,6150,653288.31,715000
2021,1339,Hazlet township,Monmouth,FALSE,20125,3191150,0
2021,1340,Red Bank borough,Monmouth,FALSE,12936,2584455.23,760967.67
2021,1341,Roosevelt borough,Monmouth,FALSE,808,164273,38400
2021,1342,Rumson borough,Monmouth,FALSE,7343,2536225.5,660000
2021,1343,Sea Bright borough,Monmouth,FALSE,1449,708500,125000
2021,1344,Sea Girt borough,Monmouth,FALSE,1866,1057900,100000
2021,1345,Shrewsbury borough,Monmouth,FALSE,4184,1102660,233000
2021,1346,Shrewsbury township,Monmouth,FALSE,1076,193500,2600
2021,1347,Lake Como borough,Monmouth,FALSE,1697,454500,80000
2021,1348,Spring Lake borough,Monmouth,FALSE,2789,1868500,175000
2021,1349,Spring Lake Heights borough,Monmouth,FALSE,4890,1042400,255500
2021,1350,Union Beach borough,Monmouth,FALSE,5723,1398700,290500
2021,1351,Upper Freehold township,Monmouth,FALSE,7273,228725,25000
2021,1352,Wall township,Monmouth,FALSE,26525,5737859.72,1605184.84
2021,1353,West Long Branch borough,Monmouth,TRUE,8587,NA,NA
2021,1401,Boonton town,Morris,FALSE,8815,1801408,495400
2021,1402,Boonton township,Morris,FALSE,4380,972661,0
2021,1403,Butler borough,Morris,FALSE,8047,1870389,0
2021,1404,Chatham borough,Morris,FALSE,9212,1416850,0
2021,1405,Chatham township,Morris,FALSE,10983,2277500,0
2021,1406,Chester borough,Morris,FALSE,1681,557750,0
2021,1407,Chester township,Morris,FALSE,7713,1819700,452665
2021,1408,Denville township,Morris,FALSE,17107,2931088,767000
2021,1409,Dover town,Morris,FALSE,18460,3153041.3511442104,0
2021,1410,East Hanover township,Morris,FALSE,11105,2429750,0
2021,1411,Florham Park borough,Morris,FALSE,12585,2663345,216000
2021,1412,Hanover township,Morris,FALSE,14677,3393850,530000
2021,1413,Harding township,Morris,FALSE,3871,1152400,0
2021,1414,Jefferson township,Morris,FALSE,20538,2688640,0
2021,1415,Kinnelon borough,Morris,FALSE,9966,2449961.66,400000
2021,1416,Lincoln Park borough,Morris,FALSE,10915,2891941,0
2021,1417,Madison borough,Morris,FALSE,16937,5368527,0
2021,1418,Mendham borough,Morris,TRUE,4981,NA,NA
2021,1419,Mendham township,Morris,FALSE,6016,1677959,0
2021,1420,Mine Hill township,Morris,FALSE,4015,465000,0
2021,1421,Montville township,Morris,FALSE,22450,2341500,2773174
2021,1422,Morris township,Morris,FALSE,22974,6486594.33,0
2021,1423,Morris Plains borough,Morris,FALSE,6153,2679236,285000
2021,1424,Morristown town,Morris,FALSE,20180,6352078.27,0
2021,1425,Mountain Lakes borough,Morris,FALSE,4472,730185,673888
2021,1426,Mount Arlington borough,Morris,FALSE,5909,840898,112360
2021,1427,Mount Olive township,Morris,FALSE,28886,3099845,0
2021,1428,Netcong borough,Morris,FALSE,3375,487328,45707
2021,1429,Parsippany-Troy Hills township,Morris,FALSE,56162,7777800,1950000
2021,1430,Long Hill township,Morris,FALSE,8629,2277570,0
2021,1431,Pequannock township,Morris,FALSE,15571,995245,0
2021,1432,Randolph township,Morris,TRUE,26504,NA,NA
2021,1433,Riverdale borough,Morris,FALSE,4107,524460,0
2021,1434,Rockaway borough,Morris,FALSE,6598,863877,660400
2021,1435,Rockaway township,Morris,FALSE,25341,3338907,466138
2021,1436,Roxbury township,Morris,FALSE,22950,5260193,0
2021,1437,Victory Gardens borough,Morris,FALSE,1582,356000,0
2021,1438,Washington township,Morris,FALSE,18197,2919500,0
2021,1439,Wharton borough,Morris,FALSE,7241,579449,0
2021,1501,Barnegat Light borough,Ocean,FALSE,640,280500,335000
2021,1502,Bay Head borough,Ocean,FALSE,930,329000,237000
2021,1503,Beach Haven borough,Ocean,FALSE,1027,1483554,240000
2021,1504,Beachwood borough,Ocean,FALSE,10859,1229500,535000
2021,1505,Berkeley township,Ocean,FALSE,43754,5332023,2200000
2021,1506,Brick township,Ocean,FALSE,73620,8977275,3241783
2021,1507,Toms River township,Ocean,FALSE,95438,15302692,3777500
2021,1508,Eagleswood township,Ocean,FALSE,1722,429220,3200
2021,1509,Harvey Cedars borough,Ocean,FALSE,391,722754.4,78228.3
2021,1510,Island Heights borough,Ocean,FALSE,1650,312500,215250
2021,1511,Jackson township,Ocean,FALSE,58544,4412795.056923077,323500
2021,1512,Lacey township,Ocean,FALSE,28655,6488250,1535000
2021,1513,Lakehurst borough,Ocean,FALSE,2636,471800,100000
2021,1514,Lakewood township,Ocean,FALSE,135158,13318604,4139964
2021,1515,Lavallette borough,Ocean,FALSE,1787,1256300,184000
2021,1516,Little Egg Harbor township,Ocean,FALSE,20784,2038000,950000
2021,1517,Long Beach township,Ocean,FALSE,3153,3015500,1890000
2021,1518,Manchester township,Ocean,FALSE,45115,3792000,0
2021,1519,Mantoloking borough,Ocean,TRUE,331,NA,NA
2021,1520,Ocean township,Ocean,TRUE,8835,NA,NA
2021,1521,Ocean Gate borough,Ocean,FALSE,1932,215426.19,190000
2021,1522,Pine Beach borough,Ocean,FALSE,2139,355750,0
2021,1523,Plumsted township,Ocean,FALSE,8072,238600,0
2021,1524,Point Pleasant borough,Ocean,FALSE,18941,3186644,680000
2021,1525,Point Pleasant Beach borough,Ocean,FALSE,4766,1694000,275000
2021,1526,Seaside Heights borough,Ocean,FALSE,2440,950460,90000
2021,1527,Seaside Park borough,Ocean,FALSE,1436,1278500,150000
2021,1528,Ship Bottom borough,Ocean,FALSE,1098,819500,570000
2021,1529,South Toms River borough,Ocean,FALSE,3643,338450,146300
2021,1530,Stafford township,Ocean,FALSE,28617,6586700,1665000
2021,1531,Surf City borough,Ocean,FALSE,1243,778500,175000
2021,1532,Tuckerton borough,Ocean,FALSE,3577,533780,195000
2021,1533,Barnegat township,Ocean,FALSE,24296,3137900,855000
2021,1601,Bloomingdale borough,Passaic,FALSE,7777,1536500,330000
2021,1602,Clifton city,Passaic,FALSE,90296,5098500,5650000
2021,1603,Haledon borough,Passaic,FALSE,9052,1767600,0
2021,1604,Hawthorne borough,Passaic,FALSE,19637,3396408,554800
2021,1605,Little Falls township,Passaic,FALSE,13360,2267916,1565500
2021,1606,North Haledon borough,Passaic,FALSE,8927,2485472,350000
2021,1607,Passaic city,Passaic,FALSE,70537,7427450,2630000
2021,1608,Paterson city,Passaic,FALSE,159732,10607390,12220000
2021,1609,Pompton Lakes borough,Passaic,FALSE,11127,2035869,0
2021,1610,Prospect Park borough,Passaic,FALSE,6372,543805,450499
2021,1611,Ringwood borough,Passaic,FALSE,11735,4219680,0
2021,1612,Totowa borough,Passaic,FALSE,11065,2382069,375000
2021,1613,Wanaque borough,Passaic,FALSE,11317,2158907.59,0
2021,1614,Wayne township,Passaic,TRUE,54838,NA,NA
2021,1615,West Milford township,Passaic,FALSE,24862,5010000,0
2021,1616,Woodland Park borough,Passaic,TRUE,13484,NA,NA
2021,1701,Alloway township,Salem,FALSE,3283,348400,117500
2021,1702,Elmer borough,Salem,TRUE,1347,NA,NA
2021,1703,Elsinboro township,Salem,FALSE,1001,151054,33400
2021,1704,Lower Alloways Creek township,Salem,FALSE,1717,644000,68000
2021,1705,Mannington township,Salem,FALSE,1475,200600,1500
2021,1706,Oldmans township,Salem,FALSE,1910,166000,138900
2021,1707,Penns Grove borough,Salem,FALSE,4837,137955,15000
2021,1708,Pennsville township,Salem,FALSE,12684,2221881,492217
2021,1709,Pilesgrove township,Salem,TRUE,4183,NA,NA
2021,1710,Pittsgrove township,Salem,FALSE,8777,659919.24,205000
2021,1711,Quinton township,Salem,FALSE,2580,471084,12000
2021,1712,Salem city,Salem,FALSE,5296,599950,206579
2021,1713,Carneys Point township,Salem,FALSE,8637,721375,403763.4
2021,1714,Upper Pittsgrove township,Salem,FALSE,3432,340050,139000
2021,1715,Woodstown borough,Salem,FALSE,3678,207735,81200
2021,1801,Bedminster township,Somerset,FALSE,8272,1324803,0
2021,1802,Bernards township,Somerset,FALSE,27830,4993053,305209
2021,1803,Bernardsville borough,Somerset,FALSE,7893,2087675,145200
2021,1804,Bound Brook borough,Somerset,TRUE,11988,NA,NA
2021,1805,Branchburg township,Somerset,FALSE,14940,2372994,0
2021,1806,Bridgewater township,Somerset,TRUE,45977,NA,NA
2021,1807,Far Hills borough,Somerset,FALSE,924,181460,0
2021,1808,Franklin township,Somerset,TRUE,68364,NA,NA
2021,1809,Green Brook township,Somerset,FALSE,7281,623987.13,0
2021,1810,Hillsborough township,Somerset,TRUE,43276,NA,NA
2021,1811,Manville borough,Somerset,FALSE,10953,2050000,0
2021,1812,Millstone borough,Somerset,FALSE,448,87500,0
2021,1813,Montgomery township,Somerset,FALSE,23690,2928250,320000
2021,1814,North Plainfield borough,Somerset,FALSE,22808,1992000,0
2021,1815,Peapack and Gladstone borough,Somerset,FALSE,2558,934950,89500
2021,1816,Raritan borough,Somerset,FALSE,7835,NA,NA
2021,1817,Rocky Hill borough,Somerset,FALSE,743,197170,0
2021,1818,Somerville borough,Somerset,FALSE,12346,1532850,1061856.17
2021,1819,South Bound Brook borough,Somerset,FALSE,4863,648000,0
2021,1820,Warren township,Somerset,FALSE,15923,3471400,0
2021,1821,Watchung borough,Somerset,FALSE,6449,1018500,0
2021,1901,Andover borough,Sussex,FALSE,595,91978,0
2021,1902,Andover township,Sussex,FALSE,5996,1152710,702000
2021,1903,Branchville borough,Sussex,FALSE,791,220000,155000
2021,1904,Byram township,Sussex,FALSE,8028,1878500,751200
2021,1905,Frankford township,Sussex,FALSE,5302,1227700,12900
2021,1906,Franklin borough,Sussex,FALSE,4912,576974,460000
2021,1907,Fredon township,Sussex,FALSE,3235,917872,0
2021,1908,Green township,Sussex,FALSE,3627,786111,440000
2021,1909,Hamburg borough,Sussex,FALSE,3266,222950,0
2021,1910,Hampton township,Sussex,FALSE,4893,1591780,0
2021,1911,Hardyston township,Sussex,FALSE,8125,1148167.1,0
2021,1912,Hopatcong borough,Sussex,TRUE,14362,NA,NA
2021,1913,Lafayette township,Sussex,FALSE,2358,514950,0
2021,1914,Montague township,Sussex,TRUE,3792,NA,NA
2021,1915,Newton town,Sussex,FALSE,8374,1231979,500
2021,1916,Ogdensburg borough,Sussex,FALSE,2258,285665,216525
2021,1917,Sandyston township,Sussex,FALSE,1977,312000,0
2021,1918,Sparta township,Sussex,FALSE,19600,2633306,0
2021,1919,Stanhope borough,Sussex,FALSE,3526,791670,0
2021,1920,Stillwater township,Sussex,TRUE,4004,NA,NA
2021,1921,Sussex borough,Sussex,FALSE,2024,258050,5750
2021,1922,Vernon township,Sussex,FALSE,22358,2873580,0
2021,1923,Walpack township,Sussex,FALSE,7,1600,250
2021,1924,Wantage township,Sussex,FALSE,10811,1003850,0
2021,2001,Berkeley Heights township,Union,FALSE,13285,3254550,0
2021,2002,Clark township,Union,FALSE,15544,2475088,0
2021,2003,Cranford township,Union,FALSE,23847,3773270.91,0
2021,2004,Elizabeth city,Union,FALSE,137298,29444270,10000000
2021,2005,Fanwood borough,Union,FALSE,7774,974600,0
2021,2006,Garwood borough,Union,FALSE,4454,861150,260040
2021,2007,Hillside township,Union,FALSE,22456,2861700,2300000
2021,2008,Kenilworth borough,Union,FALSE,8427,1757700,0
2021,2009,Linden city,Union,FALSE,43738,10013150,281135.25
2021,2010,Mountainside borough,Union,FALSE,7020,1173400,980000
2021,2011,New Providence borough,Union,FALSE,13650,2602200,1775500
2021,2012,Plainfield city,Union,FALSE,54586,4927564,1200000
2021,2013,Rahway city,Union,FALSE,29556,7065000,0
2021,2014,Roselle borough,Union,TRUE,22695,NA,NA
2021,2015,Roselle Park borough,Union,FALSE,13967,3110615,0
2021,2016,Scotch Plains township,Union,FALSE,24968,2831582.32,0
2021,2017,Springfield township,Union,FALSE,17178,4677606,2585000
2021,2018,Summit city,Union,FALSE,22719,5442599,608203
2021,2019,Union township,Union,FALSE,59728,11254560,0
2021,2020,Westfield town,Union,FALSE,31032,5523487.14,200000
2021,2021,Winfield township,Union,FALSE,1423,37500,0
2021,2101,Allamuchy township,Warren,FALSE,5335,550281,0
2021,2102,Alpha borough,Warren,FALSE,2328,565000,0
2021,2103,Belvidere town,Warren,TRUE,2520,NA,NA
2021,2104,Blairstown township,Warren,FALSE,5704,560001,13431.5
2021,2105,Franklin township,Warren,FALSE,2968,403396,0
2021,2106,Frelinghuysen township,Warren,FALSE,2199,315687,0
2021,2107,Greenwich township,Warren,FALSE,5473,531930,0
2021,2108,Hackettstown town,Warren,FALSE,10248,996355,0
2021,2109,Hardwick township,Warren,TRUE,1598,NA,NA
2021,2110,Harmony township,Warren,FALSE,2503,460870,4854
2021,2111,Hope township,Warren,FALSE,1835,297068,0
2021,2112,Independence township,Warren,FALSE,5469,504812,0
2021,2113,Knowlton township,Warren,FALSE,2894,478200,9700
2021,2114,Liberty township,Warren,FALSE,2670,384864,0
2021,2115,Lopatcong township,Warren,FALSE,8776,745825,0
2021,2116,Mansfield township,Warren,FALSE,7781,673500,0
2021,2117,Oxford township,Warren,TRUE,2444,NA,NA
2021,2119,Phillipsburg town,Warren,FALSE,15249,2508070,626000
2021,2120,Pohatcong township,Warren,FALSE,3241,597750,0
2021,2121,Washington borough,Warren,TRUE,7299,NA,NA
2021,2122,Washington township,Warren,FALSE,6492,984526.23,3000
2021,2123,White township,Warren,FALSE,4606,421500,0
2022,0101,Absecon city,Atlantic,FALSE,9136,582000,772000
2022,0102,Atlantic City,Atlantic,FALSE,38466,11961225,0
2022,0103,Brigantine city,Atlantic,FALSE,7669,3213900,1451850
2022,0104,Buena borough,Atlantic,FALSE,4487,355475,315170
2022,0105,Buena Vista township,Atlantic,FALSE,7046,936802,627000
2022,0106,Corbin City city,Atlantic,FALSE,481,96500,0
2022,0107,Egg Harbor City city,Atlantic,FALSE,4396,660190,292500
2022,0108,Egg Harbor township,Atlantic,FALSE,47733,4143480,1743533
2022,0109,Estell Manor city,Atlantic,FALSE,1670,231000,77000
2022,0110,Folsom borough,Atlantic,FALSE,1808,202001,187000
2022,0111,Galloway township,Atlantic,FALSE,37925,2308825,116000
2022,0112,Hamilton township,Atlantic,FALSE,28070,4945000,0
2022,0113,Hammonton town,Atlantic,FALSE,14781,1947883.91,0
2022,0114,Linwood city,Atlantic,FALSE,6947,695607,726328
2022,0115,Longport borough,Atlantic,FALSE,887,485000,162000
2022,0116,Margate City city,Atlantic,FALSE,5247,3146750,10000
2022,0117,Mullica township,Atlantic,FALSE,5799,406251,180500
2022,0118,Northfield city,Atlantic,FALSE,8428,917501,843000
2022,0119,Pleasantville city,Atlantic,FALSE,20595,1664500,1425000
2022,0120,Port Republic city,Atlantic,FALSE,1097,207500,106000
2022,0121,Somers Point city,Atlantic,FALSE,10455,2145200,302011.85
2022,0122,Ventnor City city,Atlantic,FALSE,9203,3552728.53,0
2022,0123,Weymouth township,Atlantic,FALSE,2640,413818,62000
2022,0201,Allendale borough,Bergen,FALSE,6809,2112450,0
2022,0202,Alpine borough,Bergen,FALSE,1754,523650,0
2022,0203,Bergenfield borough,Bergen,FALSE,28206,4630580,1165000
2022,0204,Bogota borough,Bergen,FALSE,9194,1367200,375000
2022,0205,Carlstadt borough,Bergen,FALSE,6341,3280000,0
2022,0206,Cliffside Park borough,Bergen,FALSE,25594,3290000,975000
2022,0207,Closter borough,Bergen,FALSE,8521,2659800,307500
2022,0208,Cresskill borough,Bergen,FALSE,9101,3344200,327000
2022,0209,Demarest borough,Bergen,FALSE,4887,1396975,554200
2022,0210,Dumont borough,Bergen,FALSE,18196,5017581,0
2022,0211,Elmwood Park borough,Bergen,FALSE,21267,1716000,4616862
2022,0212,East Rutherford borough,Bergen,FALSE,9953,3100500,480000
2022,0213,Edgewater borough,Bergen,FALSE,14647,2301251.48,2564000
2022,0214,Emerson borough,Bergen,FALSE,7244,2185300,151000
2022,0215,Englewood city,Bergen,FALSE,29113,7027350,1296000
2022,0216,Englewood Cliffs borough,Bergen,FALSE,5342,1900480,0
2022,0217,Fair Lawn borough,Bergen,FALSE,35159,4844900,2660000
2022,0218,Fairview borough,Bergen,FALSE,14924,0,350000
2022,0219,Fort Lee borough,Bergen,FALSE,39871,5147461,3478870
2022,0220,Franklin Lakes borough,Bergen,FALSE,10982,3235755,333000
2022,0221,Garfield city,Bergen,FALSE,32469,5007050,0
2022,0222,Glen Rock borough,Bergen,FALSE,12064,3855895,944390
2022,0223,Hackensack city,Bergen,FALSE,45646,6362900,1600000
2022,0224,Harrington Park borough,Bergen,FALSE,4963,NA,NA
2022,0225,Hasbrouck Heights borough,Bergen,FALSE,12051,3053750,531000
2022,0226,Haworth borough,Bergen,FALSE,3309,1586975,712900
2022,0227,Hillsdale borough,Bergen,FALSE,10068,2408850,14000
2022,0228,Ho-Ho-Kus borough,Bergen,FALSE,4222,1122000,0
2022,0229,Leonia borough,Bergen,FALSE,9243,2192290,0
2022,0230,Little Ferry borough,Bergen,FALSE,10912,1703482,435000
2022,0231,Lodi borough,Bergen,FALSE,25966,3541000,850000
2022,0232,Lyndhurst township,Bergen,FALSE,22324,3792657,1325000
2022,0233,Mahwah township,Bergen,FALSE,25256,3627007,2697397
2022,0234,Maywood borough,Bergen,FALSE,10014,1834620,2569500
2022,0235,Midland Park borough,Bergen,FALSE,6966,1470900,235000
2022,0236,Montvale borough,Bergen,FALSE,8439,543350,830000
2022,0237,Moonachie borough,Bergen,FALSE,3108,788200,301000
2022,0238,New Milford borough,Bergen,FALSE,16893,3819600,1543120
2022,0239,North Arlington borough,Bergen,FALSE,16339,2939000,1311043
2022,0240,Northvale borough,Bergen,FALSE,4762,1141900,532000
2022,0241,Norwood borough,Bergen,FALSE,5595,2901820,0
2022,0242,Oakland borough,Bergen,FALSE,12669,3552150,0
2022,0243,Old Tappan borough,Bergen,FALSE,5836,1089801,0
2022,0244,Oradell borough,Bergen,FALSE,8181,2630382,261000
2022,0245,Palisades Park borough,Bergen,FALSE,20149,1184811.82,4829541
2022,0246,Paramus borough,Bergen,FALSE,26416,9126526,1200000
2022,0247,Park Ridge borough,Bergen,FALSE,9434,2653820,92000
2022,0248,Ramsey borough,Bergen,FALSE,14693,4308750,675000
2022,0249,Ridgefield borough,Bergen,FALSE,11421,2359311,350000
2022,0250,Ridgefield Park village,Bergen,FALSE,13136,2921150,595000
2022,0251,Ridgewood village,Bergen,FALSE,26202,5514317.83,2080130.3
2022,0252,River Edge borough,Bergen,FALSE,12009,2828612,360000
2022,0253,River Vale township,Bergen,FALSE,9840,2546043,0
2022,0254,Rochelle Park township,Bergen,FALSE,5820,923785,1319942
2022,0255,Rockleigh borough,Bergen,FALSE,397,82514,0
2022,0256,Rutherford borough,Bergen,FALSE,18690,5840150,925000
2022,0257,Saddle Brook township,Bergen,FALSE,14359,1885000,2562248
2022,0258,Saddle River borough,Bergen,FALSE,3351,1765200,130000
2022,0259,South Hackensack township,Bergen,FALSE,2679,845000,125000
2022,0260,Teaneck township,Bergen,FALSE,41678,7732570,0
2022,0261,Tenafly borough,Bergen,FALSE,15232,4814577,468000
2022,0262,Teterboro borough,Bergen,FALSE,69,660000,0
2022,0263,Upper Saddle River borough,Bergen,FALSE,8295,1957100,265000
2022,0264,Waldwick borough,Bergen,FALSE,10076,2056992,2195995
2022,0265,Wallington borough,Bergen,FALSE,11804,1418000,0
2022,0266,Washington township,Bergen,FALSE,9249,1680141,70000
2022,0267,Westwood borough,Bergen,FALSE,11203,2844664,0
2022,0268,Woodcliff Lake borough,Bergen,FALSE,6091,1785100,241363
2022,0269,Wood-Ridge borough,Bergen,FALSE,10089,3287000,0
2022,0270,Wyckoff township,Bergen,FALSE,17037,3282132,466500
2022,0301,Bass River township,Burlington,FALSE,1358,320500,3100
2022,0302,Beverly city,Burlington,FALSE,2491,284350,121000
2022,0303,Bordentown city,Burlington,FALSE,3990,959007.87,473000
2022,0304,Bordentown township,Burlington,FALSE,11934,1676110,405000
2022,0305,Burlington city,Burlington,FALSE,9962,1783504.05,495500
2022,0306,Burlington township,Burlington,FALSE,23952,4034034,0
2022,0307,Chesterfield township,Burlington,FALSE,9567,544400,0
2022,0308,Cinnaminson township,Burlington,FALSE,17207,3106480,0
2022,0309,Delanco township,Burlington,FALSE,4811,1041427,227500
2022,0310,Delran township,Burlington,FALSE,17838,2683745,590000
2022,0311,Eastampton township,Burlington,FALSE,6251,531000,200800
2022,0312,Edgewater Park township,Burlington,FALSE,8915,1026910,236000
2022,0313,Evesham township,Burlington,FALSE,47952,5181500,2934399
2022,0314,Fieldsboro borough,Burlington,FALSE,531,47000,66839.16
2022,0315,Florence township,Burlington,FALSE,12769,1910947,31200
2022,0316,Hainesport township,Burlington,FALSE,6014,864300,230000
2022,0317,Lumberton township,Burlington,FALSE,12779,1224892.2,373840
2022,0318,Mansfield township,Burlington,FALSE,8879,1110593,320500
2022,0319,Maple Shade township,Burlington,FALSE,19935,1959550,1400000
2022,0320,Medford township,Burlington,FALSE,24461,2987711,980000
2022,0321,Medford Lakes borough,Burlington,FALSE,4260,585025,182600
2022,0322,Moorestown township,Burlington,FALSE,21396,3580823,796000
2022,0323,Mount Holly township,Burlington,FALSE,9977,1264027,340000
2022,0324,Mount Laurel township,Burlington,FALSE,45606,2950250,4130700
2022,0325,New Hanover township,Burlington,FALSE,6509,135850,75000
2022,0326,North Hanover township,Burlington,FALSE,7939,330525,96010
2022,0327,Palmyra borough,Burlington,FALSE,7424,1175624,300000
2022,0328,Pemberton borough,Burlington,FALSE,1365,0,55000
2022,0329,Pemberton township,Burlington,FALSE,26808,2219791,5515
2022,0330,Riverside township,Burlington,FALSE,7982,905872,337500
2022,0331,Riverton borough,Burlington,FALSE,2758,517264,108000
2022,0332,Shamong township,Burlington,FALSE,6442,731337.45,0
2022,0333,Southampton township,Burlington,FALSE,10286,1574956,416000
2022,0334,Springfield township,Burlington,FALSE,3228,366000,104000
2022,0335,Tabernacle township,Burlington,FALSE,6808,915550,515000
2022,0336,Washington township,Burlington,FALSE,691,105800,113500
2022,0337,Westampton township,Burlington,FALSE,9104,1418900,336000
2022,0338,Willingboro township,Burlington,FALSE,31822,2739244.88,2865046.8
2022,0339,Woodland township,Burlington,FALSE,1551,236890,0
2022,0340,Wrightstown borough,Burlington,FALSE,717,117000,52000
2022,0401,Audubon borough,Camden,FALSE,8674,1481019,495000
2022,0402,Audubon Park borough,Camden,FALSE,984,96150.46,0
2022,0403,Barrington borough,Camden,FALSE,7029,949267.4,697224
2022,0404,Bellmawr borough,Camden,FALSE,11656,2523717,0
2022,0405,Berlin borough,Camden,FALSE,7497,940619,485000
2022,0406,Berlin township,Camden,FALSE,5924,1194097,15000
2022,0407,Brooklawn borough,Camden,FALSE,1804,251800,85000
2022,0408,Camden city,Camden,FALSE,71773,17641500,0
2022,0409,Cherry Hill township,Camden,FALSE,75474,10619247,2145085
2022,0410,Chesilhurst borough,Camden,FALSE,1539,248645,172000
2022,0411,Clementon borough,Camden,FALSE,5321,519150,197500
2022,0412,Collingswood borough,Camden,FALSE,14121,1504002,527500
2022,0413,Gibbsboro borough,Camden,FALSE,2224,600000,0
2022,0414,Gloucester City city,Camden,FALSE,11441,2230535,600000
2022,0415,Gloucester township,Camden,FALSE,65842,10998250,1835000
2022,0416,Haddon township,Camden,FALSE,15360,2208181,559000
2022,0417,Haddonfield borough,Camden,FALSE,12492,2564950,525000
2022,0418,Haddon Heights borough,Camden,FALSE,7467,543400,340175
2022,0419,Hi-Nella borough,Camden,FALSE,923,612982.81,600
2022,0420,Laurel Springs borough,Camden,FALSE,1973,166400,105500
2022,0421,Lawnside borough,Camden,FALSE,3139,512510,214100
2022,0422,Lindenwold borough,Camden,FALSE,21542,1900960,861100
2022,0423,Magnolia borough,Camden,FALSE,4329,552800,204000
2022,0424,Merchantville borough,Camden,FALSE,3803,546981,191000
2022,0425,Mount Ephraim borough,Camden,FALSE,4628,567085,7500
2022,0426,Oaklyn borough,Camden,FALSE,3913,723181,226600
2022,0427,Pennsauken township,Camden,FALSE,37100,2243200,0
2022,0428,Pine Hill borough,Camden,FALSE,10699,1466528,468800
2022,0430,Runnemede borough,Camden,FALSE,8291,1129387.36,412000
2022,0431,Somerdale borough,Camden,FALSE,5536,537775,175000
2022,0432,Stratford borough,Camden,FALSE,6961,168575.03,682880
2022,0433,Tavistock borough,Camden,FALSE,7,12700,0
2022,0434,Voorhees township,Camden,FALSE,31113,3750700,999000
2022,0435,Waterford township,Camden,FALSE,10400,NA,NA
2022,0436,Winslow township,Camden,FALSE,39888,2787140,4494500
2022,0437,Woodlynne borough,Camden,FALSE,2891,301000,131000
2022,0501,Avalon borough,Cape May,FALSE,1216,3956587.04466,300000
2022,0502,Cape May city,Cape May,FALSE,2834,2866051.89,0
2022,0503,Cape May Point borough,Cape May,FALSE,300,382000,0
2022,0504,Dennis township,Cape May,FALSE,6356,1109249.84,245000
2022,0505,Lower township,Cape May,FALSE,22094,3163650,825000
2022,0506,Middle township,Cape May,FALSE,20716,3044400,550000
2022,0507,North Wildwood city,Cape May,FALSE,3583,4282187.88,410000
2022,0508,Ocean City city,Cape May,FALSE,11190,11042300,0
2022,0509,Sea Isle City city,Cape May,FALSE,2107,3036415,378000
2022,0510,Stone Harbor borough,Cape May,FALSE,787,2613260,0
2022,0511,Upper township,Cape May,FALSE,12465,3787900,0
2022,0512,West Cape May borough,Cape May,FALSE,995,185000,179500
2022,0513,West Wildwood borough,Cape May,FALSE,537,331500,37000
2022,0514,Wildwood city,Cape May,FALSE,5092,4115308,535000
2022,0515,Wildwood Crest borough,Cape May,FALSE,3069,2284600,375000
2022,0516,Woodbine borough,Cape May,FALSE,2320,277600,75000
2022,0601,Bridgeton city,Cumberland,FALSE,26610,1331000,0
2022,0602,Commercial township,Cumberland,FALSE,4701,861200,184500
2022,0603,Deerfield township,Cumberland,FALSE,3155,159250,650
2022,0604,Downe township,Cumberland,FALSE,1408,410101,0
2022,0605,Fairfield township,Cumberland,FALSE,5413,406750,0
2022,0606,Greenwich township,Cumberland,FALSE,774,41822.05,38500
2022,0607,Hopewell township,Cumberland,FALSE,4385,376017.55,205150
2022,0608,Lawrence township,Cumberland,FALSE,3101,304664,165178
2022,0609,Maurice River township,Cumberland,FALSE,5745,856000,146000
2022,0610,Millville city,Cumberland,FALSE,27638,2846550,755700
2022,0611,Shiloh borough,Cumberland,FALSE,445,41250,100
2022,0612,Stow Creek township,Cumberland,FALSE,1326,32150,138850
2022,0613,Upper Deerfield township,Cumberland,FALSE,7770,612000,210000
2022,0614,Vineland city,Cumberland,FALSE,61156,5289660,0
2022,0701,Belleville township,Essex,FALSE,37774,3068082,3625000
2022,0702,Bloomfield township,Essex,FALSE,52829,3531500,4150000
2022,0703,Caldwell borough,Essex,FALSE,8831,1805851,0
2022,0704,Cedar Grove township,Essex,FALSE,13430,1045522,0
2022,0705,East Orange city,Essex,FALSE,68903,16154091.21,0
2022,0706,Essex Fells borough,Essex,FALSE,2182,692208,0
2022,0707,Fairfield township,Essex,FALSE,7818,1146000,940000
2022,0708,Glen Ridge borough,Essex,FALSE,7709,1688191.84,1353975
2022,0709,Irvington township,Essex,FALSE,60403,NA,NA
2022,0710,Livingston township,Essex,FALSE,31087,5674240,1387020
2022,0711,Maplewood township,Essex,FALSE,25373,5249550,0
2022,0712,Millburn township,Essex,FALSE,22059,6533528,3050000
2022,0713,Montclair township,Essex,FALSE,40935,4065126.7,4407580.4399999995
2022,0714,Newark city,Essex,FALSE,307220,51874416,10000000
2022,0715,North Caldwell borough,Essex,FALSE,6625,917230,783766
2022,0716,Nutley township,Essex,FALSE,29786,5285860,70000
2022,0717,City of Orange township,Essex,FALSE,34002,6416807,0
2022,0718,Roseland borough,Essex,FALSE,6219,1986414,0
2022,0719,South Orange Village township,Essex,FALSE,18153,3160500,0
2022,0720,Verona township,Essex,FALSE,14446,4349950,12764
2022,0721,West Caldwell township,Essex,FALSE,10876,1474850,540000
2022,0722,West Orange township,Essex,FALSE,48257,0,0
2022,0801,Clayton borough,Gloucester,FALSE,8960,1284100,313500
2022,0802,Deptford township,Gloucester,FALSE,32322,4405000,1410000
2022,0803,East Greenwich township,Gloucester,FALSE,12106,1128400,0
2022,0804,Elk township,Gloucester,FALSE,4442,NA,NA
2022,0805,Franklin township,Gloucester,FALSE,16568,1541000,826500
2022,0806,Glassboro borough,Gloucester,FALSE,20786,3594430,646000
2022,0807,Greenwich township,Gloucester,FALSE,4994,0,0
2022,0808,Harrison township,Gloucester,FALSE,13841,772255,600000
2022,0809,Logan township,Gloucester,FALSE,6087,1334901,0
2022,0810,Mantua township,Gloucester,FALSE,15464,1782000,790000
2022,0811,Monroe township,Gloucester,FALSE,37853,4624750,1625000
2022,0812,National Park borough,Gloucester,FALSE,3074,459000,149000
2022,0813,Newfield borough,Gloucester,FALSE,1801,262835.46,0
2022,0814,Paulsboro borough,Gloucester,FALSE,6276,750500,760000
2022,0815,Pitman borough,Gloucester,FALSE,8814,NA,NA
2022,0816,South Harrison township,Gloucester,FALSE,3445,256650,120000
2022,0817,Swedesboro borough,Gloucester,FALSE,2744,242200,246800
2022,0818,Washington township,Gloucester,FALSE,49391,8784450,2471000
2022,0819,Wenonah borough,Gloucester,FALSE,2315,200627.89,103000
2022,0820,West Deptford township,Gloucester,FALSE,22463,3582950,1285000
2022,0821,Westville borough,Gloucester,FALSE,4326,941470,0
2022,0822,Woodbury city,Gloucester,FALSE,10086,2305000,10000
2022,0823,Woodbury Heights borough,Gloucester,FALSE,3127,418000,131500
2022,0824,Woolwich township,Gloucester,FALSE,13192,1162000,405000
2022,0901,Bayonne city,Hudson,FALSE,69211,7193000,4000000
2022,0902,East Newark borough,Hudson,FALSE,2477,452500,0
2022,0903,Guttenberg town,Hudson,FALSE,11502,2040000,0
2022,0904,Harrison town,Hudson,FALSE,19212,4312325,0
2022,0905,Hoboken city,Hudson,FALSE,58690,3339431,6342050
2022,0906,Jersey City city,Hudson,FALSE,283927,39664363,0
2022,0907,Kearny town,Hudson,FALSE,40370,4301663,3670000
2022,0908,North Bergen township,Hudson,FALSE,60612,6040955,7637000
2022,0909,Secaucus town,Hudson,FALSE,21295,12741381,0
2022,0910,Union City city,Hudson,FALSE,65638,5058486,7957620
2022,0911,Weehawken township,Hudson,FALSE,17287,2086827,0
2022,0912,West New York town,Hudson,FALSE,52242,8710000,0
2022,1001,Alexandria township,Hunterdon,FALSE,4827,696250,0
2022,1002,Bethlehem township,Hunterdon,FALSE,3748,633000,3000
2022,1003,Bloomsbury borough,Hunterdon,FALSE,794,105600,78400
2022,1004,Califon borough,Hunterdon,FALSE,1010,119824,0
2022,1005,Clinton town,Hunterdon,FALSE,2779,538020,146150
2022,1006,Clinton township,Hunterdon,FALSE,13655,1443000,0
2022,1007,Delaware township,Hunterdon,FALSE,4565,887608.94,0
2022,1008,East Amwell township,Hunterdon,FALSE,3929,472325,100
2022,1009,Flemington borough,Hunterdon,FALSE,4891,330200,442400
2022,1010,Franklin township,Hunterdon,FALSE,3280,517526.34,0
2022,1011,Frenchtown borough,Hunterdon,FALSE,1377,227550,142000
2022,1012,Glen Gardner borough,Hunterdon,FALSE,1677,256875,0
2022,1013,Hampton borough,Hunterdon,FALSE,1441,215400,50000
2022,1014,High Bridge borough,Hunterdon,FALSE,3584,430866,0
2022,1015,Holland township,Hunterdon,FALSE,5193,1035000,30000
2022,1016,Kingwood township,Hunterdon,FALSE,3824,878850,0
2022,1017,Lambertville city,Hunterdon,FALSE,4149,275368,313023.4
2022,1018,Lebanon borough,Hunterdon,FALSE,1666,173000,160000
2022,1019,Lebanon township,Hunterdon,FALSE,6210,982005,0
2022,1020,Milford borough,Hunterdon,FALSE,1231,149000,210000
2022,1021,Raritan township,Hunterdon,FALSE,23855,2645087,50000
2022,1022,Readington township,Hunterdon,FALSE,16218,3558401,0
2022,1023,Stockton borough,Hunterdon,FALSE,496,172000,0
2022,1024,Tewksbury township,Hunterdon,FALSE,5881,1387050,0
2022,1025,Union township,Hunterdon,FALSE,6629,530000,30001
2022,1026,West Amwell township,Hunterdon,FALSE,3015,1161612.33,2500
2022,1101,East Windsor township,Mercer,FALSE,29823,1186505,0
2022,1102,Ewing township,Mercer,FALSE,37402,2757900,2605000
2022,1103,Hamilton township,Mercer,FALSE,91605,15561572.29,5916000
2022,1104,Hightstown borough,Mercer,FALSE,5871,1031325,246500
2022,1105,Hopewell borough,Mercer,FALSE,1896,450490.47,97350
2022,1106,Hopewell township,Mercer,FALSE,17371,2453625,1000
2022,1107,Lawrence township,Mercer,FALSE,33016,4180600,1872000
2022,1108,Pennington borough,Mercer,FALSE,2793,772951.82,0
2022,1111,Trenton city,Mercer,FALSE,90457,NA,NA
2022,1112,Robbinsville township,Mercer,FALSE,15345,1855391.89,644500
2022,1113,West Windsor township,Mercer,FALSE,29447,2558383,2277613
2022,1114,Princeton borough,Mercer,FALSE,30872,6490746,0
2022,1201,Carteret borough,Middlesex,FALSE,25152,3406500,1750000
2022,1202,Cranbury township,Middlesex,FALSE,3943,767473,0
2022,1203,Dunellen borough,Middlesex,FALSE,7568,664060,23460
2022,1204,East Brunswick township,Middlesex,FALSE,49285,5317508,3582000
2022,1205,Edison township,Middlesex,FALSE,107626,8404798.28,17657611.39
2022,1206,Helmetta borough,Middlesex,FALSE,2437,330900,0
2022,1207,Highland Park borough,Middlesex,FALSE,14968,2192964,435088
2022,1208,Jamesburg borough,Middlesex,FALSE,5731,695600,5000
2022,1209,Old Bridge township,Middlesex,FALSE,67284,5055166,0
2022,1210,Metuchen borough,Middlesex,FALSE,14949,2606698.46,350000
2022,1211,Middlesex borough,Middlesex,FALSE,14501,2065114,400000
2022,1212,Milltown borough,Middlesex,FALSE,6981,1519710,0
2022,1213,Monroe township,Middlesex,FALSE,48279,7292588,192100
2022,1214,New Brunswick city,Middlesex,FALSE,55708,5384866.54,0
2022,1215,North Brunswick township,Middlesex,FALSE,43599,4652000,990000
2022,1216,Perth Amboy city,Middlesex,FALSE,55291,8747081.67,64626.03
2022,1217,Piscataway township,Middlesex,FALSE,61042,4545789.79,0
2022,1218,Plainsboro township,Middlesex,FALSE,23906,1586930,0
2022,1219,Sayreville borough,Middlesex,FALSE,45086,12352283,1285000
2022,1220,South Amboy city,Middlesex,FALSE,9327,2751395,16000
2022,1221,South Brunswick township,Middlesex,FALSE,46649,7712690,824018
2022,1222,South Plainfield borough,Middlesex,FALSE,24243,2524696,82500
2022,1223,South River borough,Middlesex,FALSE,15957,2133000,600000
2022,1224,Spotswood borough,Middlesex,FALSE,8083,1090704,263000
2022,1225,Woodbridge township,Middlesex,FALSE,103212,16589831,4650000
2022,1301,Allenhurst borough,Monmouth,FALSE,470,616945.21,0
2022,1302,Allentown borough,Monmouth,FALSE,1736,386800,0
2022,1303,Asbury Park city,Monmouth,FALSE,15194,2811008,1748402
2022,1304,Atlantic Highlands borough,Monmouth,FALSE,4417,913507.5,230000
2022,1305,Avon-by-the-Sea borough,Monmouth,FALSE,1912,574900,130000
2022,1306,Belmar borough,Monmouth,FALSE,5881,1492415,460000
2022,1307,Bradley Beach borough,Monmouth,FALSE,4273,NA,NA
2022,1308,Brielle borough,Monmouth,FALSE,4982,800000,533000
2022,1309,Colts Neck township,Monmouth,FALSE,9953,2487590.34,0
2022,1310,Deal borough,Monmouth,FALSE,895,1041450,260000
2022,1311,Eatontown borough,Monmouth,FALSE,13593,4542140,414800
2022,1312,Englishtown borough,Monmouth,FALSE,2355,265500,3300
2022,1313,Fair Haven borough,Monmouth,FALSE,6204,1353760,417500
2022,1314,Farmingdale borough,Monmouth,FALSE,1502,149050,0
2022,1315,Freehold borough,Monmouth,FALSE,12532,1726999,729768
2022,1316,Freehold township,Monmouth,FALSE,35596,4309250,0
2022,1317,Highlands borough,Monmouth,FALSE,4636,812350,679000
2022,1318,Holmdel township,Monmouth,FALSE,17401,3172500,0
2022,1319,Howell township,Monmouth,FALSE,53801,5641156,1075000
2022,1320,Interlaken borough,Monmouth,FALSE,825,327455,28500
2022,1321,Keansburg borough,Monmouth,FALSE,9751,1130000,1097000
2022,1322,Keyport borough,Monmouth,FALSE,7196,1121500,340000
2022,1323,Little Silver borough,Monmouth,FALSE,6091,1335000,360000
2022,1324,Loch Arbour village,Monmouth,FALSE,230,45400,0
2022,1325,Long Branch city,Monmouth,FALSE,32383,6496822,2050000
2022,1326,Manalapan township,Monmouth,FALSE,40877,3276500,4432500
2022,1327,Manasquan borough,Monmouth,FALSE,5940,1106382.36,424000
2022,1328,Marlboro township,Monmouth,FALSE,41547,6267663.38,213305
2022,1329,Matawan borough,Monmouth,FALSE,9643,1868449,0
2022,1330,Aberdeen township,Monmouth,FALSE,19327,1236461,0
2022,1331,Middletown township,Monmouth,FALSE,67054,18712592,0
2022,1332,Millstone township,Monmouth,FALSE,10379,1328903,24000
2022,1333,Monmouth Beach borough,Monmouth,FALSE,3212,879534,303500
2022,1334,Neptune township,Monmouth,FALSE,28267,4360000,2095000
2022,1335,Neptune City borough,Monmouth,FALSE,4618,1313050,60000
2022,1336,Tinton Falls borough,Monmouth,FALSE,19343,3814300,250000
2022,1337,Ocean township,Monmouth,FALSE,27912,4771837,1399000
2022,1338,Oceanport borough,Monmouth,FALSE,6134,1162883.74,350000
2022,1339,Hazlet township,Monmouth,FALSE,20337,3262410,0
2022,1340,Red Bank borough,Monmouth,FALSE,12920,2762180,675000
2022,1341,Roosevelt borough,Monmouth,FALSE,810,163573,38400
2022,1342,Rumson borough,Monmouth,FALSE,7280,2514455,625000
2022,1343,Sea Bright borough,Monmouth,FALSE,1451,753000,120000
2022,1344,Sea Girt borough,Monmouth,FALSE,1877,1074675,100000
2022,1345,Shrewsbury borough,Monmouth,FALSE,4177,1116306,233000
2022,1346,Shrewsbury township,Monmouth,FALSE,1081,221500,2600
2022,1347,Lake Como borough,Monmouth,FALSE,1692,NA,NA
2022,1348,Spring Lake borough,Monmouth,FALSE,2796,1921000,178000
2022,1349,Spring Lake Heights borough,Monmouth,FALSE,4887,1097900,246770
2022,1350,Union Beach borough,Monmouth,FALSE,5723,606150,730500
2022,1351,Upper Freehold township,Monmouth,FALSE,7270,253245,30000
2022,1352,Wall township,Monmouth,FALSE,26467,5995197.13,1600000
2022,1353,West Long Branch borough,Monmouth,FALSE,8524,1473370,370000
2022,1401,Boonton town,Morris,FALSE,8802,1815544,514000
2022,1402,Boonton township,Morris,FALSE,4380,972524,0
2022,1403,Butler borough,Morris,FALSE,8116,1929885,0
2022,1404,Chatham borough,Morris,FALSE,9253,1381670,0
2022,1405,Chatham township,Morris,FALSE,10935,2122500,0
2022,1406,Chester borough,Morris,FALSE,1672,555550,0
2022,1407,Chester township,Morris,FALSE,7709,2318954,10750
2022,1408,Denville township,Morris,FALSE,17100,3026001.83,767000
2022,1409,Dover town,Morris,FALSE,18427,1517711.3933157895,1229429.7233333332
2022,1410,East Hanover township,Morris,FALSE,11094,2453125,0
2022,1411,Florham Park borough,Morris,FALSE,13149,2660727,180000
2022,1412,Hanover township,Morris,FALSE,14640,3474550,555000
2022,1413,Harding township,Morris,FALSE,3877,1168000,0
2022,1414,Jefferson township,Morris,FALSE,20495,2757691,0
2022,1415,Kinnelon borough,Morris,FALSE,9965,2435313,422000
2022,1416,Lincoln Park borough,Morris,FALSE,10900,3067427.5,0
2022,1417,Madison borough,Morris,FALSE,16948,5604403,0
2022,1418,Mendham borough,Morris,FALSE,4973,1299129.2000000002,156000
2022,1419,Mendham township,Morris,FALSE,6006,1888388.65,0
2022,1420,Mine Hill township,Morris,FALSE,3996,366602,0
2022,1421,Montville township,Morris,FALSE,22409,2447424,2802500
2022,1422,Morris township,Morris,FALSE,23237,6521660.61,0
2022,1423,Morris Plains borough,Morris,FALSE,6135,2716600,285000
2022,1424,Morristown town,Morris,FALSE,20276,6624744.93,0
2022,1425,Mountain Lakes borough,Morris,FALSE,4565,728498.37,681672.48
2022,1426,Mount Arlington borough,Morris,FALSE,5905,1082228,52625
2022,1427,Mount Olive township,Morris,FALSE,28895,3445062,0
2022,1428,Netcong borough,Morris,FALSE,3658,472577,46520
2022,1429,Parsippany-Troy Hills township,Morris,FALSE,56120,7768496,1960653.44
2022,1430,Long Hill township,Morris,FALSE,8607,2299650,0
2022,1431,Pequannock township,Morris,FALSE,15552,1000870,0
2022,1432,Randolph township,Morris,FALSE,26480,6705330,402000
2022,1433,Riverdale borough,Morris,FALSE,4103,913610,5500
2022,1434,Rockaway borough,Morris,FALSE,6587,939600,660000
2022,1435,Rockaway township,Morris,FALSE,25869,3313823,435552
2022,1436,Roxbury township,Morris,FALSE,23161,5519438,0
2022,1437,Victory Gardens borough,Morris,FALSE,1580,373200,0
2022,1438,Washington township,Morris,FALSE,18166,NA,NA
2022,1439,Wharton borough,Morris,FALSE,7239,559004,0
2022,1501,Barnegat Light borough,Ocean,FALSE,653,284000,346500
2022,1502,Bay Head borough,Ocean,FALSE,949,339000,237000
2022,1503,Beach Haven borough,Ocean,FALSE,1057,NA,NA
2022,1504,Beachwood borough,Ocean,FALSE,11014,1432700,601850
2022,1505,Berkeley township,Ocean,FALSE,44348,5413626.17,2200000
2022,1506,Brick township,Ocean,FALSE,74903,9334625,3271800
2022,1507,Toms River township,Ocean,FALSE,97304,15622116,3818625
2022,1508,Eagleswood township,Ocean,FALSE,1747,433220,3200
2022,1509,Harvey Cedars borough,Ocean,FALSE,402,740394.32,78292.87
2022,1510,Island Heights borough,Ocean,FALSE,1678,574383,0
2022,1511,Jackson township,Ocean,FALSE,59614,4537462.433333334,324000
2022,1512,Lacey township,Ocean,FALSE,29273,6976363,1573650
2022,1513,Lakehurst borough,Ocean,FALSE,2670,430200,334000
2022,1514,Lakewood township,Ocean,FALSE,138070,15009365,5971461
2022,1515,Lavallette borough,Ocean,FALSE,1821,1301300,189000
2022,1516,Little Egg Harbor township,Ocean,FALSE,21127,2066000,950000
2022,1517,Long Beach township,Ocean,FALSE,3143,3032000,1900000
2022,1518,Manchester township,Ocean,FALSE,45649,4158125,0
2022,1519,Mantoloking borough,Ocean,FALSE,326,598767,165000
2022,1520,Ocean township,Ocean,FALSE,8922,982000,879000
2022,1521,Ocean Gate borough,Ocean,FALSE,1968,215976,195000
2022,1522,Pine Beach borough,Ocean,FALSE,2169,353650,0
2022,1523,Plumsted township,Ocean,FALSE,8310,265050,0
2022,1524,Point Pleasant borough,Ocean,FALSE,19205,3222049,720000
2022,1525,Point Pleasant Beach borough,Ocean,FALSE,4828,1913001,319000
2022,1526,Seaside Heights borough,Ocean,FALSE,2470,984867.2,100000
2022,1527,Seaside Park borough,Ocean,FALSE,1463,1315000,160000
2022,1528,Ship Bottom borough,Ocean,FALSE,1114,654500,672500
2022,1529,South Toms River borough,Ocean,FALSE,3694,539200,9500
2022,1530,Stafford township,Ocean,FALSE,29498,6568700,2290000
2022,1531,Surf City borough,Ocean,FALSE,1275,772500,180000
2022,1532,Tuckerton borough,Ocean,FALSE,3628,619560,200000
2022,1533,Barnegat township,Ocean,FALSE,24706,3852100,894000
2022,1601,Bloomingdale borough,Passaic,TRUE,7685,NA,NA
2022,1602,Clifton city,Passaic,FALSE,89367,3501768,6400000
2022,1603,Haledon borough,Passaic,FALSE,8932,1448000,320000
2022,1604,Hawthorne borough,Passaic,FALSE,19360,3588652,554800
2022,1605,Little Falls township,Passaic,FALSE,13357,2192745,1187559
2022,1606,North Haledon borough,Passaic,FALSE,8866,2622700,350000
2022,1607,Passaic city,Passaic,FALSE,69633,8128700,2735000
2022,1608,Paterson city,Passaic,FALSE,157794,10546006,14000000
2022,1609,Pompton Lakes borough,Passaic,FALSE,10980,2260650,10919
2022,1610,Prospect Park borough,Passaic,FALSE,6285,421397,519000
2022,1611,Ringwood borough,Passaic,FALSE,11568,4311880,0
2022,1612,Totowa borough,Passaic,FALSE,10917,2552265,375000
2022,1613,Wanaque borough,Passaic,FALSE,11190,2247385,0
2022,1614,Wayne township,Passaic,FALSE,54306,11130650,0
2022,1615,West Milford township,Passaic,FALSE,24579,5461643,0
2022,1616,Woodland Park borough,Passaic,FALSE,13298,3522800,0
2022,1701,Alloway township,Salem,FALSE,3286,357400,171269.38
2022,1702,Elmer borough,Salem,FALSE,1364,192950,65300
2022,1703,Elsinboro township,Salem,FALSE,999,151109,34100
2022,1704,Lower Alloways Creek township,Salem,FALSE,1715,1036000,85000
2022,1705,Mannington township,Salem,FALSE,1559,200600,1500
2022,1706,Oldmans township,Salem,FALSE,1905,172000,140500
2022,1707,Penns Grove borough,Salem,FALSE,4818,137955,15000
2022,1708,Pennsville township,Salem,FALSE,12626,2278450,499886
2022,1709,Pilesgrove township,Salem,FALSE,4214,440260,2816.61
2022,1710,Pittsgrove township,Salem,FALSE,8801,735820,212500
2022,1711,Quinton township,Salem,FALSE,2583,469352,12000
2022,1712,Salem city,Salem,FALSE,5297,690700,215000
2022,1713,Carneys Point township,Salem,FALSE,8748,802150,399984.88
2022,1714,Upper Pittsgrove township,Salem,FALSE,3454,346050,148000
2022,1715,Woodstown borough,Salem,FALSE,3677,235747.77,84200
2022,1801,Bedminster township,Somerset,FALSE,8162,1440724,0
2022,1802,Bernards township,Somerset,FALSE,27747,4953714,307725
2022,1803,Bernardsville borough,Somerset,FALSE,7808,2146100,145200
2022,1804,Bound Brook borough,Somerset,FALSE,11919,1652100,0
2022,1805,Branchburg township,Somerset,FALSE,14752,2460500,0
2022,1806,Bridgewater township,Somerset,FALSE,46350,3056000,0
2022,1807,Far Hills borough,Somerset,FALSE,912,181460,0
2022,1808,Franklin township,Somerset,FALSE,68428,3681300.13,744478
2022,1809,Green Brook township,Somerset,FALSE,7275,654780.13,0
2022,1810,Hillsborough township,Somerset,FALSE,42986,4110816,0
2022,1811,Manville borough,Somerset,FALSE,10812,2138135,0
2022,1812,Millstone borough,Somerset,FALSE,438,88600,0
2022,1813,Montgomery township,Somerset,FALSE,23502,3318000,0
2022,1814,North Plainfield borough,Somerset,FALSE,22497,2057114,0
2022,1815,Peapack and Gladstone borough,Somerset,FALSE,2596,884430,84500
2022,1816,Raritan borough,Somerset,FALSE,9096,1835450,1310000
2022,1817,Rocky Hill borough,Somerset,FALSE,736,0,0
2022,1818,Somerville borough,Somerset,FALSE,12559,2508900,0
2022,1819,South Bound Brook borough,Somerset,FALSE,4804,677000,0
2022,1820,Warren township,Somerset,FALSE,15782,3402500,0
2022,1821,Watchung borough,Somerset,FALSE,6486,1092100,0
2022,1901,Andover borough,Sussex,FALSE,598,16425,21900
2022,1902,Andover township,Sussex,FALSE,6172,1256260,702000
2022,1903,Branchville borough,Sussex,FALSE,794,403100,0
2022,1904,Byram township,Sussex,FALSE,8061,1920600,773200
2022,1905,Frankford township,Sussex,FALSE,5362,1165000,14000
2022,1906,Franklin borough,Sussex,FALSE,4938,578500,460000
2022,1907,Fredon township,Sussex,FALSE,3257,941461,0
2022,1908,Green township,Sussex,FALSE,3651,756489,450000
2022,1909,Hamburg borough,Sussex,FALSE,3282,209000,0
2022,1910,Hampton township,Sussex,FALSE,4914,1660080,0
2022,1911,Hardyston township,Sussex,FALSE,8225,1224311.6,0
2022,1912,Hopatcong borough,Sussex,FALSE,14435,3742950,0
2022,1913,Lafayette township,Sussex,FALSE,2381,509900,0
2022,1914,Montague township,Sussex,FALSE,3803,556900,0
2022,1915,Newton town,Sussex,FALSE,8524,1241839,400
2022,1916,Ogdensburg borough,Sussex,FALSE,2267,483811,0
2022,1917,Sandyston township,Sussex,FALSE,1987,251189,0
2022,1918,Sparta township,Sussex,FALSE,19976,2701285,0
2022,1919,Stanhope borough,Sussex,FALSE,3545,815642,0
2022,1920,Stillwater township,Sussex,FALSE,4020,927227,0
2022,1921,Sussex borough,Sussex,FALSE,2034,275250,0
2022,1922,Vernon township,Sussex,FALSE,22446,2945150,0
2022,1923,Walpack township,Sussex,FALSE,5,1850,0
2022,1924,Wantage township,Sussex,FALSE,10866,1006091,0
2022,2001,Berkeley Heights township,Union,FALSE,13169,3517970,0
2022,2002,Clark township,Union,FALSE,15393,2448383,0
2022,2003,Cranford township,Union,FALSE,23983,3748047.57,0
2022,2004,Elizabeth city,Union,FALSE,135407,16762110,12850000
2022,2005,Fanwood borough,Union,FALSE,7699,973948.19,0
2022,2006,Garwood borough,Union,FALSE,4393,912616,265400
2022,2007,Hillside township,Union,FALSE,22180,5081000,0
2022,2008,Kenilworth borough,Union,FALSE,8335,1811300,0
2022,2009,Linden city,Union,FALSE,43594,9689350,95500
2022,2010,Mountainside borough,Union,FALSE,7014,1256000,897568.81
2022,2011,New Providence borough,Union,FALSE,13617,3531770,920000
2022,2012,Plainfield city,Union,FALSE,54936,4956774,1200000
2022,2013,Rahway city,Union,FALSE,29911,7616000,0
2022,2014,Roselle borough,Union,FALSE,22432,5062068.91,0
2022,2015,Roselle Park borough,Union,FALSE,13911,3188740,0
2022,2016,Scotch Plains township,Union,FALSE,24676,2750168.69,0
2022,2017,Springfield township,Union,FALSE,16979,3236250,1863200
2022,2018,Summit city,Union,FALSE,22526,5020942,970000
2022,2019,Union township,Union,FALSE,59800,14126800,0
2022,2020,Westfield town,Union,FALSE,30754,5738112,200000
2022,2021,Winfield township,Union,FALSE,1405,17000,22000
2022,2101,Allamuchy township,Warren,FALSE,5423,628300,0
2022,2102,Alpha borough,Warren,FALSE,2337,603100,0
2022,2103,Belvidere town,Warren,FALSE,2521,528778.4299999999,1500
2022,2104,Blairstown township,Warren,FALSE,5736,485000,5000
2022,2105,Franklin township,Warren,FALSE,2976,457744,0
2022,2106,Frelinghuysen township,Warren,FALSE,2222,327550,0
2022,2107,Greenwich township,Warren,FALSE,5472,532423,0
2022,2108,Hackettstown town,Warren,FALSE,10355,1016700,0
2022,2109,Hardwick township,Warren,FALSE,1609,333251,0
2022,2110,Harmony township,Warren,FALSE,2516,489000,4991
2022,2111,Hope township,Warren,FALSE,1832,277508,0
2022,2112,Independence township,Warren,FALSE,5481,544600,0
2022,2113,Knowlton township,Warren,FALSE,2904,500425,2000
2022,2114,Liberty township,Warren,FALSE,2680,400000,0
2022,2115,Lopatcong township,Warren,FALSE,9412,903025,0
2022,2116,Mansfield township,Warren,FALSE,7811,725500,0
2022,2117,Oxford township,Warren,FALSE,2447,408495,0
2022,2119,Phillipsburg town,Warren,FALSE,15291,2758728,641000
2022,2120,Pohatcong township,Warren,FALSE,3254,609970,0
2022,2121,Washington borough,Warren,FALSE,7314,765888.18,0
2022,2122,Washington township,Warren,FALSE,6508,1047600,3000
2022,2123,White township,Warren,FALSE,4630,453000,0
2023,0101,Absecon city,Atlantic,FALSE,9155,599000,849000
2023,0102,Atlantic City,Atlantic,FALSE,38561,13743392,0
2023,0103,Brigantine city,Atlantic,FALSE,7665,3213900,1493350
2023,0104,Buena borough,Atlantic,FALSE,4500,317550,392000
2023,0105,Buena Vista township,Atlantic,FALSE,7079,1390000,278500
2023,0106,Corbin City city,Atlantic,FALSE,481,107000,0
2023,0107,Egg Harbor City city,Atlantic,FALSE,4408,420190,537500
2023,0108,Egg Harbor township,Atlantic,FALSE,47946,4422700,1943533
2023,0109,Estell Manor city,Atlantic,FALSE,1677,130000,192000
2023,0110,Folsom borough,Atlantic,FALSE,1810,213154,193960
2023,0111,Galloway township,Atlantic,FALSE,37870,2482425,116000
2023,0112,Hamilton township,Atlantic,FALSE,28155,5144700,0
2023,0113,Hammonton town,Atlantic,FALSE,14833,2055181.99,0
2023,0114,Linwood city,Atlantic,FALSE,6962,1260851,706508
2023,0115,Longport borough,Atlantic,FALSE,884,540600,169500
2023,0116,Margate City city,Atlantic,FALSE,5216,3286730,10000
2023,0117,Mullica township,Atlantic,FALSE,5820,421351.2,197500
2023,0118,Northfield city,Atlantic,FALSE,8451,865950.97,843000
2023,0119,Pleasantville city,Atlantic,FALSE,20662,1710262,1509925
2023,0120,Port Republic city,Atlantic,FALSE,1111,212500,96000
2023,0121,Somers Point city,Atlantic,FALSE,10495,2349600,319213.55
2023,0122,Ventnor City city,Atlantic,FALSE,9246,3587450,0
2023,0123,Weymouth township,Atlantic,FALSE,2651,403000,62000
2023,0201,Allendale borough,Bergen,FALSE,6803,2200000,0
2023,0202,Alpine borough,Bergen,FALSE,1747,538200,0
2023,0203,Bergenfield borough,Bergen,FALSE,28163,4699690,1319160
2023,0204,Bogota borough,Bergen,FALSE,9284,1743300,400000
2023,0205,Carlstadt borough,Bergen,FALSE,6319,3349330,0
2023,0206,Cliffside Park borough,Bergen,FALSE,25560,4017429,697571
2023,0207,Closter borough,Bergen,FALSE,8514,2812725,354750
2023,0208,Cresskill borough,Bergen,FALSE,9072,3355228,352000
2023,0209,Demarest borough,Bergen,FALSE,4873,2013228,0
2023,0210,Dumont borough,Bergen,FALSE,18182,5042169,0
2023,0211,Elmwood Park borough,Bergen,FALSE,21233,1656000,1877458.08
2023,0212,East Rutherford borough,Bergen,FALSE,10397,3400960,508040
2023,0213,Edgewater borough,Bergen,FALSE,14604,2506100,1203500
2023,0214,Emerson borough,Bergen,FALSE,7233,2480851,268000
2023,0215,Englewood city,Bergen,FALSE,29034,6830000,1336000
2023,0216,Englewood Cliffs borough,Bergen,TRUE,5313,NA,NA
2023,0217,Fair Lawn borough,Bergen,FALSE,35279,5075750,2669500
2023,0218,Fairview borough,Bergen,FALSE,14893,0,350000
2023,0219,Fort Lee borough,Bergen,FALSE,39688,5636969,3500000
2023,0220,Franklin Lakes borough,Bergen,FALSE,10936,3095785,659745
2023,0221,Garfield city,Bergen,FALSE,32412,5497973.94,0
2023,0222,Glen Rock borough,Bergen,FALSE,12039,2309643,2623585
2023,0223,Hackensack city,Bergen,FALSE,45633,4013200,11389350
2023,0224,Harrington Park borough,Bergen,FALSE,4954,1457596,0
2023,0225,Hasbrouck Heights borough,Bergen,FALSE,12018,3011000,505000
2023,0226,Haworth borough,Bergen,FALSE,3313,1559115,667807
2023,0227,Hillsdale borough,Bergen,FALSE,10044,3158875,12500
2023,0228,Ho-Ho-Kus borough,Bergen,FALSE,4216,1192000,0
2023,0229,Leonia borough,Bergen,FALSE,9245,2346852,0
2023,0230,Little Ferry borough,Bergen,FALSE,10892,1613870,420000
2023,0231,Lodi borough,Bergen,FALSE,25786,3810000,900000
2023,0232,Lyndhurst township,Bergen,FALSE,22286,3923900,1350000
2023,0233,Mahwah township,Bergen,FALSE,25291,6523747,62573
2023,0234,Maywood borough,Bergen,FALSE,10000,2629200,420000
2023,0235,Midland Park borough,Bergen,FALSE,6958,1529018,226182
2023,0236,Montvale borough,Bergen,FALSE,8428,1381350,1066125
2023,0237,Moonachie borough,Bergen,FALSE,3103,815200,313255
2023,0238,New Milford borough,Bergen,FALSE,16875,4127100,1591573
2023,0239,North Arlington borough,Bergen,FALSE,16309,2997000,1340949
2023,0240,Northvale borough,Bergen,TRUE,4759,NA,NA
2023,0241,Norwood borough,Bergen,FALSE,5700,2203146,0
2023,0242,Oakland borough,Bergen,FALSE,12653,3829450.0004,0
2023,0243,Old Tappan borough,Bergen,FALSE,5829,1214833,0
2023,0244,Oradell borough,Bergen,FALSE,8165,2652144,286000
2023,0245,Palisades Park borough,Bergen,FALSE,20106,1524664.39,4988142
2023,0246,Paramus borough,Bergen,FALSE,26359,9879470,1062814
2023,0247,Park Ridge borough,Bergen,FALSE,9426,2622164,105000
2023,0248,Ramsey borough,Bergen,FALSE,14671,2753667.15,2834000
2023,0249,Ridgefield borough,Bergen,FALSE,11392,2439039,358000
2023,0250,Ridgefield Park village,Bergen,FALSE,13110,2921150,595000
2023,0251,Ridgewood village,Bergen,FALSE,26168,5851781.083,2192522.9
2023,0252,River Edge borough,Bergen,FALSE,11986,3479585,402000
2023,0253,River Vale township,Bergen,FALSE,9888,2592020,0
2023,0254,Rochelle Park township,Bergen,FALSE,5813,667000,1521043
2023,0255,Rockleigh borough,Bergen,FALSE,403,92738,0
2023,0256,Rutherford borough,Bergen,FALSE,18662,5948900,850000
2023,0257,Saddle Brook township,Bergen,FALSE,14340,2062000,2707313
2023,0258,Saddle River borough,Bergen,FALSE,3354,1784200,130000
2023,0259,South Hackensack township,Bergen,FALSE,2676,925000,135000
2023,0260,Teaneck township,Bergen,FALSE,41631,7920050,0
2023,0261,Tenafly borough,Bergen,FALSE,15219,4137588,1395000
2023,0262,Teterboro borough,Bergen,FALSE,70,687000,0
2023,0263,Upper Saddle River borough,Bergen,FALSE,8266,1068400,1179000
2023,0264,Waldwick borough,Bergen,FALSE,10048,2192222,2200321
2023,0265,Wallington borough,Bergen,FALSE,11786,1695500,0
2023,0266,Washington township,Bergen,FALSE,9235,1492295,65000
2023,0267,Westwood borough,Bergen,FALSE,11186,3041625,0
2023,0268,Woodcliff Lake borough,Bergen,FALSE,6082,1871300,234000
2023,0269,Wood-Ridge borough,Bergen,FALSE,10074,3722790,0
2023,0270,Wyckoff township,Bergen,FALSE,17011,4322564,575000
2023,0301,Bass River township,Burlington,FALSE,1365,309600,3000
2023,0302,Beverly city,Burlington,FALSE,2507,317550,121000
2023,0303,Bordentown city,Burlington,FALSE,4014,1003361,374369
2023,0304,Bordentown township,Burlington,FALSE,12009,1783500,425000
2023,0305,Burlington city,Burlington,FALSE,10016,1993070,567068
2023,0306,Burlington township,Burlington,FALSE,24061,4275347,0
2023,0307,Chesterfield township,Burlington,FALSE,9036,544350,0
2023,0308,Cinnaminson township,Burlington,FALSE,17368,1821336,1363500
2023,0309,Delanco township,Burlington,FALSE,4843,1180557.85,252500
2023,0310,Delran township,Burlington,FALSE,17930,2777777,659750
2023,0311,Eastampton township,Burlington,FALSE,6290,618017.3,195000
2023,0312,Edgewater Park township,Burlington,FALSE,8967,1085450.98,281000
2023,0313,Evesham township,Burlington,FALSE,48255,5073770,3034899
2023,0314,Fieldsboro borough,Burlington,FALSE,538,54100,81452.56
2023,0315,Florence township,Burlington,FALSE,12852,860757,1028476
2023,0316,Hainesport township,Burlington,FALSE,6055,718860,230000
2023,0317,Lumberton township,Burlington,FALSE,12852,1269100,372000
2023,0318,Mansfield township,Burlington,FALSE,8944,1088864.93,320500
2023,0319,Maple Shade township,Burlington,FALSE,20010,1970625,1400000
2023,0320,Medford township,Burlington,FALSE,24603,3052227,980000
2023,0321,Medford Lakes borough,Burlington,FALSE,4287,589375,180000
2023,0322,Moorestown township,Burlington,FALSE,21500,3692767,816000
2023,0323,Mount Holly township,Burlington,FALSE,10018,1392745,380000
2023,0324,Mount Laurel township,Burlington,FALSE,45901,5111850,1575000
2023,0325,New Hanover township,Burlington,FALSE,6207,136100,86250
2023,0326,North Hanover township,Burlington,FALSE,7984,330425,138010
2023,0327,Palmyra borough,Burlington,FALSE,7470,1588611,270000
2023,0328,Pemberton borough,Burlington,FALSE,1375,102820.7,58000
2023,0329,Pemberton township,Burlington,FALSE,26961,4579499.5,63587
2023,0330,Riverside township,Burlington,FALSE,8034,913300,332500
2023,0331,Riverton borough,Burlington,FALSE,2773,538324,110000
2023,0332,Shamong township,Burlington,FALSE,6480,685800,0
2023,0333,Southampton township,Burlington,FALSE,10346,1582487,425000
2023,0334,Springfield township,Burlington,FALSE,3252,366028,104000
2023,0335,Tabernacle township,Burlington,FALSE,6851,915000,565000
2023,0336,Washington township,Burlington,FALSE,699,107819,121000
2023,0337,Westampton township,Burlington,FALSE,9170,1492914,353000
2023,0338,Willingboro township,Burlington,FALSE,32015,3629029.28,2776597
2023,0339,Woodland township,Burlington,FALSE,1548,180600,0
2023,0340,Wrightstown borough,Burlington,FALSE,717,116738.26,55509.4
2023,0401,Audubon borough,Camden,FALSE,8691,1538906,512325
2023,0402,Audubon Park borough,Camden,FALSE,987,102000,0
2023,0403,Barrington borough,Camden,FALSE,7036,1007734.51,727589
2023,0404,Bellmawr borough,Camden,FALSE,11683,2749206.99,0
2023,0405,Berlin borough,Camden,FALSE,7506,999300,445000
2023,0406,Berlin township,Camden,FALSE,5949,1146907,340000
2023,0407,Brooklawn borough,Camden,FALSE,1806,247400,85000
2023,0408,Camden city,Camden,FALSE,70996,10403300,13500000
2023,0409,Cherry Hill township,Camden,FALSE,76723,11040363,2735000
2023,0410,Chesilhurst borough,Camden,FALSE,1534,231014,118233
2023,0411,Clementon borough,Camden,FALSE,5333,538850,219500
2023,0412,Collingswood borough,Camden,FALSE,14150,1718977,645725
2023,0413,Gibbsboro borough,Camden,FALSE,2228,615000,0
2023,0414,Gloucester City city,Camden,FALSE,11464,2230535,600000
2023,0415,Gloucester township,Camden,FALSE,65989,10394950,2195000
2023,0416,Haddon township,Camden,FALSE,15401,2747872.24,700000
2023,0417,Haddonfield borough,Camden,FALSE,12514,2634150,678000
2023,0418,Haddon Heights borough,Camden,FALSE,7484,625465,340175
2023,0419,Hi-Nella borough,Camden,FALSE,925,92261,0
2023,0420,Laurel Springs borough,Camden,FALSE,1976,166000,100500
2023,0421,Lawnside borough,Camden,FALSE,3289,600610,210100
2023,0422,Lindenwold borough,Camden,FALSE,21595,1975743,861100
2023,0423,Magnolia borough,Camden,FALSE,4340,615000,204000
2023,0424,Merchantville borough,Camden,FALSE,3812,566165,203000
2023,0425,Mount Ephraim borough,Camden,FALSE,4639,588357,7500
2023,0426,Oaklyn borough,Camden,FALSE,3923,735599,236600
2023,0427,Pennsauken township,Camden,FALSE,37139,2374600,0
2023,0428,Pine Hill borough,Camden,FALSE,10738,1493444,493800
2023,0430,Runnemede borough,Camden,FALSE,8309,1202510,583590
2023,0431,Somerdale borough,Camden,FALSE,5546,504396,195000
2023,0432,Stratford borough,Camden,FALSE,6965,227141.83,666290
2023,0433,Tavistock borough,Camden,FALSE,7,14200,0
2023,0434,Voorhees township,Camden,FALSE,31025,3811600,1007000
2023,0435,Waterford township,Camden,FALSE,10402,NA,NA
2023,0436,Winslow township,Camden,FALSE,39904,2801570,4519856
2023,0437,Woodlynne borough,Camden,FALSE,2899,308000,135830
2023,0501,Avalon borough,Cape May,FALSE,1218,4005667.0029,305000
2023,0502,Cape May city,Cape May,FALSE,2778,2676500,0
2023,0503,Cape May Point borough,Cape May,FALSE,301,407217,0
2023,0504,Dennis township,Cape May,FALSE,6247,1112100.43,260000
2023,0505,Lower township,Cape May,FALSE,22129,3299650,825000
2023,0506,Middle township,Cape May,FALSE,20533,3323093.22,575000
2023,0507,North Wildwood city,Cape May,FALSE,3629,4406351.24,410000
2023,0508,Ocean City city,Cape May,FALSE,11303,10757400,0
2023,0509,Sea Isle City city,Cape May,FALSE,2130,3260098.5,0
2023,0510,Stone Harbor borough,Cape May,FALSE,796,2776805,0
2023,0511,Upper township,Cape May,FALSE,12617,4020300,0
2023,0512,West Cape May borough,Cape May,TRUE,1010,NA,NA
2023,0513,West Wildwood borough,Cape May,FALSE,544,284030,158000
2023,0514,Wildwood city,Cape May,FALSE,5157,4009803,430000
2023,0515,Wildwood Crest borough,Cape May,FALSE,3100,2388650,375000
2023,0516,Woodbine borough,Cape May,FALSE,2142,278600,75000
2023,0601,Bridgeton city,Cumberland,FALSE,26410,1414500,0
2023,0602,Commercial township,Cumberland,FALSE,4633,867700,208300
2023,0603,Deerfield township,Cumberland,FALSE,3125,163000,650
2023,0604,Downe township,Cumberland,FALSE,1386,410101,0
2023,0605,Fairfield township,Cumberland,FALSE,5322,844647.41,0
2023,0606,Greenwich township,Cumberland,FALSE,763,48325,38500
2023,0607,Hopewell township,Cumberland,FALSE,4344,195000,185455.08
2023,0608,Lawrence township,Cumberland,FALSE,3052,326824,168865
2023,0609,Maurice River township,Cumberland,FALSE,4989,905500,146000
2023,0610,Millville city,Cumberland,FALSE,27308,2906896.84,832525
2023,0611,Shiloh borough,Cumberland,FALSE,439,24088.1,30100
2023,0612,Stow Creek township,Cumberland,FALSE,1311,30428.05,142000
2023,0613,Upper Deerfield township,Cumberland,FALSE,7783,603500,230000
2023,0614,Vineland city,Cumberland,FALSE,60491,5406426,0
2023,0701,Belleville township,Essex,FALSE,37480,7860000,0
2023,0702,Bloomfield township,Essex,FALSE,52948,2668500,5000000
2023,0703,Caldwell borough,Essex,FALSE,8847,1654373,102000
2023,0704,Cedar Grove township,Essex,FALSE,13314,1131985,0
2023,0705,East Orange city,Essex,FALSE,68446,18983307.46,0
2023,0706,Essex Fells borough,Essex,FALSE,2168,722660.349,0
2023,0707,Fairfield township,Essex,FALSE,7761,1199000,921150
2023,0708,Glen Ridge borough,Essex,FALSE,7969,3166000,0
2023,0709,Irvington township,Essex,FALSE,59977,4345215.98,6297000
2023,0710,Livingston township,Essex,FALSE,31000,6212251,1319629
2023,0711,Maplewood township,Essex,FALSE,25220,5449550,0
2023,0712,Millburn township,Essex,FALSE,21863,6701144,2780000
2023,0713,Montclair township,Essex,FALSE,39821,4121554.1,4834553.92
2023,0714,Newark city,Essex,FALSE,305344,51967589,9648700
2023,0715,North Caldwell borough,Essex,FALSE,6581,870351,854891
2023,0716,Nutley township,Essex,FALSE,29565,5247504,75000
2023,0717,City of Orange township,Essex,FALSE,33678,6770362,0
2023,0718,Roseland borough,Essex,FALSE,6173,2052385,0
2023,0719,South Orange Village township,Essex,FALSE,18220,3295900,0
2023,0720,Verona township,Essex,FALSE,14338,4359800,12764
2023,0721,West Caldwell township,Essex,FALSE,10807,1563582,510000
2023,0722,West Orange township,Essex,FALSE,47957,5807258.48,5407824.87
2023,0801,Clayton borough,Gloucester,FALSE,8920,1345200,316500
2023,0802,Deptford township,Gloucester,FALSE,32280,4565000,1410000
2023,0803,East Greenwich township,Gloucester,FALSE,12110,1234200,0
2023,0804,Elk township,Gloucester,FALSE,4459,612100,229000
2023,0805,Franklin township,Gloucester,FALSE,16494,1409750,1043000
2023,0806,Glassboro borough,Gloucester,FALSE,23600,3669294,671000
2023,0807,Greenwich township,Gloucester,FALSE,4971,1491200,207302.54
2023,0808,Harrison township,Gloucester,FALSE,13788,413810,600000
2023,0809,Logan township,Gloucester,FALSE,6055,1375000,0
2023,0810,Mantua township,Gloucester,FALSE,15396,1787000,790000
2023,0811,Monroe township,Gloucester,FALSE,37736,4423900,1665000
2023,0812,National Park borough,Gloucester,FALSE,3054,309000,155000
2023,0813,Newfield borough,Gloucester,FALSE,1793,258931.27,0
2023,0814,Paulsboro borough,Gloucester,FALSE,6249,692437.5,760000
2023,0815,Pitman borough,Gloucester,FALSE,8861,1230970,629500
2023,0816,South Harrison township,Gloucester,FALSE,3429,281950,100000
2023,0817,Swedesboro borough,Gloucester,FALSE,2732,326708,121500
2023,0818,Washington township,Gloucester,FALSE,49234,8631450,2471000
2023,0819,Wenonah borough,Gloucester,FALSE,2302,224817.47,92000
2023,0820,West Deptford township,Gloucester,FALSE,22413,3548680,1200000
2023,0821,Westville borough,Gloucester,FALSE,4304,957250,0
2023,0822,Woodbury city,Gloucester,FALSE,10048,2530500,10000
2023,0823,Woodbury Heights borough,Gloucester,FALSE,3113,405800,118000
2023,0824,Woolwich township,Gloucester,FALSE,13260,1197350,462000
2023,0901,Bayonne city,Hudson,FALSE,69527,11222500,4200000
2023,0902,East Newark borough,Hudson,FALSE,2452,484000,0
2023,0903,Guttenberg town,Hudson,FALSE,11446,2504000,0
2023,0904,Harrison town,Hudson,FALSE,19801,4706150,0
2023,0905,Hoboken city,Hudson,FALSE,57703,3076602.37,7104025.77
2023,0906,Jersey City city,Hudson,FALSE,286670,36780805,0
2023,0907,Kearny town,Hudson,FALSE,39862,4501000,8673413
2023,0908,North Bergen township,Hudson,FALSE,60235,6205885,7932000
2023,0909,Secaucus town,Hudson,FALSE,21108,13322280,0
2023,0910,Union City city,Hudson,FALSE,65366,6258665,7042000
2023,0911,Weehawken township,Hudson,FALSE,17215,3090550.85,0
2023,0912,West New York town,Hudson,FALSE,51981,8775450,0
2023,1001,Alexandria township,Hunterdon,FALSE,4837,719975,0
2023,1002,Bethlehem township,Hunterdon,FALSE,3759,684400,3500
2023,1003,Bloomsbury borough,Hunterdon,FALSE,797,99270,78500
2023,1004,Califon borough,Hunterdon,FALSE,1018,119824,0
2023,1005,Clinton town,Hunterdon,FALSE,2787,459145,28700
2023,1006,Clinton township,Hunterdon,FALSE,13326,1540700,0
2023,1007,Delaware township,Hunterdon,FALSE,4580,971500,0
2023,1008,East Amwell township,Hunterdon,FALSE,3938,491728.4,100
2023,1009,Flemington borough,Hunterdon,FALSE,4906,328200,470400
2023,1010,Franklin township,Hunterdon,FALSE,3254,534431,0
2023,1011,Frenchtown borough,Hunterdon,FALSE,1380,237700,152000
2023,1012,Glen Gardner borough,Hunterdon,FALSE,1684,240384,72500
2023,1013,Hampton borough,Hunterdon,FALSE,1447,233900,50000
2023,1014,High Bridge borough,Hunterdon,FALSE,3594,438672,0
2023,1015,Holland township,Hunterdon,FALSE,5218,1059000,30000
2023,1016,Kingwood township,Hunterdon,FALSE,3831,889356,0
2023,1017,Lambertville city,Hunterdon,FALSE,4154,300148.92000000004,359505.67
2023,1018,Lebanon borough,Hunterdon,FALSE,1672,256400,0
2023,1019,Lebanon township,Hunterdon,FALSE,6225,1018016,0
2023,1020,Milford borough,Hunterdon,FALSE,1218,176950,215193.56
2023,1021,Raritan township,Hunterdon,FALSE,24087,2918138.1,52500
2023,1022,Readington township,Hunterdon,FALSE,16277,2760820,875000
2023,1023,Stockton borough,Hunterdon,FALSE,498,186500,0
2023,1024,Tewksbury township,Hunterdon,FALSE,5899,1373350,0
2023,1025,Union township,Hunterdon,FALSE,6366,550000,32501
2023,1026,West Amwell township,Hunterdon,FALSE,3025,662000,3000
2023,1101,East Windsor township,Mercer,FALSE,29813,1158846,0
2023,1102,Ewing township,Mercer,FALSE,34589,2773000,3106540
2023,1103,Hamilton township,Mercer,FALSE,91543,16332532.5,6263000
2023,1104,Hightstown borough,Mercer,FALSE,5855,1063625,246500
2023,1105,Hopewell borough,Mercer,FALSE,1895,445400,83350
2023,1106,Hopewell township,Mercer,FALSE,17410,2600000,1000
2023,1107,Lawrence township,Mercer,FALSE,31808,4439100,1947463.96
2023,1108,Pennington borough,Mercer,FALSE,2784,761525,0
2023,1111,Trenton city,Mercer,FALSE,89661,13177124.49,6500000
2023,1112,Robbinsville township,Mercer,FALSE,15341,2037543.2,629500
2023,1113,West Windsor township,Mercer,FALSE,29612,2569779,2277613
2023,1114,Princeton borough,Mercer,FALSE,30377,6748333,0
2023,1201,Carteret borough,Middlesex,FALSE,25176,4162500,1850000
2023,1202,Cranbury township,Middlesex,FALSE,3921,819567,0
2023,1203,Dunellen borough,Middlesex,FALSE,7575,763580,23460
2023,1204,East Brunswick township,Middlesex,FALSE,49339,5415692,3582000
2023,1205,Edison township,Middlesex,FALSE,107361,8796896.68,0
2023,1206,Helmetta borough,Middlesex,FALSE,2439,334860,0
2023,1207,Highland Park borough,Middlesex,FALSE,14988,2145265,682109
2023,1208,Jamesburg borough,Middlesex,FALSE,5741,333400,0
2023,1209,Old Bridge township,Middlesex,FALSE,67738,5089372,0
2023,1210,Metuchen borough,Middlesex,FALSE,14985,2820000,400000
2023,1211,Middlesex borough,Middlesex,FALSE,14512,2182374,400000
2023,1212,Milltown borough,Middlesex,FALSE,6987,1532510,0
2023,1213,Monroe township,Middlesex,FALSE,48420,7693475,177500
2023,1214,New Brunswick city,Middlesex,FALSE,55998,5199498.73,0
2023,1215,North Brunswick township,Middlesex,FALSE,43896,3691525,1893700
2023,1216,Perth Amboy city,Middlesex,FALSE,55357,8834613.24,62274.36
2023,1217,Piscataway township,Middlesex,FALSE,60366,4296292.5,1870000
2023,1218,Plainsboro township,Middlesex,FALSE,23931,1654380,0
2023,1219,Sayreville borough,Middlesex,FALSE,45123,6053038,1300000
2023,1220,South Amboy city,Middlesex,FALSE,9329,2735575,16000
2023,1221,South Brunswick township,Middlesex,FALSE,46702,7617511,853179
2023,1222,South Plainfield borough,Middlesex,FALSE,24228,2608518,95000
2023,1223,South River borough,Middlesex,FALSE,15990,2209000,600000
2023,1224,Spotswood borough,Middlesex,FALSE,8087,616500,448000
2023,1225,Woodbridge township,Middlesex,FALSE,103229,16523698,4800000
2023,1301,Allenhurst borough,Monmouth,FALSE,469,614373,0
2023,1302,Allentown borough,Monmouth,FALSE,1733,168500,238000
2023,1303,Asbury Park city,Monmouth,FALSE,15146,2788500,2022000
2023,1304,Atlantic Highlands borough,Monmouth,FALSE,4399,746200,521500
2023,1305,Avon-by-the-Sea borough,Monmouth,FALSE,1940,651200,130000
2023,1306,Belmar borough,Monmouth,FALSE,5857,1639738,460000
2023,1307,Bradley Beach borough,Monmouth,FALSE,4263,1364627,460000
2023,1308,Brielle borough,Monmouth,FALSE,4957,815000,905000
2023,1309,Colts Neck township,Monmouth,FALSE,9937,2431024.29,40000
2023,1310,Deal borough,Monmouth,FALSE,894,1049450,260000
2023,1311,Eatontown borough,Monmouth,FALSE,13545,5009810,424800
2023,1312,Englishtown borough,Monmouth,FALSE,2349,198500,3300
2023,1313,Fair Haven borough,Monmouth,FALSE,6166,1485680,530000
2023,1314,Farmingdale borough,Monmouth,FALSE,1501,151550,0
2023,1315,Freehold borough,Monmouth,FALSE,12497,1680369,735768
2023,1316,Freehold township,Monmouth,FALSE,35576,4573250,0
2023,1317,Highlands borough,Monmouth,FALSE,4620,828000,758500
2023,1318,Holmdel township,Monmouth,FALSE,17384,3277900,0
2023,1319,Howell township,Monmouth,FALSE,53706,5484769,1155000
2023,1320,Interlaken borough,Monmouth,FALSE,822,334675,28500
2023,1321,Keansburg borough,Monmouth,FALSE,9706,1230000,1118000
2023,1322,Keyport borough,Monmouth,FALSE,7161,1151000,340000
2023,1323,Little Silver borough,Monmouth,FALSE,6076,2032681,242000
2023,1324,Loch Arbour village,Monmouth,FALSE,230,45080,0
2023,1325,Long Branch city,Monmouth,FALSE,32434,7689675,2050000
2023,1326,Manalapan township,Monmouth,FALSE,40661,3348850,4531251
2023,1327,Manasquan borough,Monmouth,FALSE,5920,1309250,424000
2023,1328,Marlboro township,Monmouth,FALSE,41478,6117124.55,189008
2023,1329,Matawan borough,Monmouth,FALSE,9601,1898652,0
2023,1330,Aberdeen township,Monmouth,FALSE,19264,1296912,0
2023,1331,Middletown township,Monmouth,FALSE,66807,20360188,0
2023,1332,Millstone township,Monmouth,FALSE,10356,1406800,18000
2023,1333,Monmouth Beach borough,Monmouth,FALSE,3200,881925,303500
2023,1334,Neptune township,Monmouth,FALSE,28170,4611000,2095000
2023,1335,Neptune City borough,Monmouth,FALSE,4599,1316500,80000
2023,1336,Tinton Falls borough,Monmouth,FALSE,19462,3818800,250000
2023,1337,Ocean township,Monmouth,FALSE,27814,5011278,1452469
2023,1338,Oceanport borough,Monmouth,FALSE,6121,1278900,350000
2023,1339,Hazlet township,Monmouth,FALSE,20614,3262410,0
2023,1340,Red Bank borough,Monmouth,FALSE,12856,2111200,702000
2023,1341,Roosevelt borough,Monmouth,FALSE,808,162708,38245
2023,1342,Rumson borough,Monmouth,FALSE,7230,2537541,625000
2023,1343,Sea Bright borough,Monmouth,FALSE,1434,805000,115000
2023,1344,Sea Girt borough,Monmouth,FALSE,1854,1083032,100000
2023,1345,Shrewsbury borough,Monmouth,FALSE,4174,1129291,248000
2023,1346,Shrewsbury township,Monmouth,FALSE,1076,213000,244100
2023,1347,Lake Como borough,Monmouth,FALSE,1693,514000,90000
2023,1348,Spring Lake borough,Monmouth,FALSE,2776,2006750,207500
2023,1349,Spring Lake Heights borough,Monmouth,FALSE,4865,1132900,255500
2023,1350,Union Beach borough,Monmouth,FALSE,5705,1584500,0
2023,1351,Upper Freehold township,Monmouth,FALSE,7239,297100,30000
2023,1352,Wall township,Monmouth,FALSE,26375,6176485.22,1600000
2023,1353,West Long Branch borough,Monmouth,FALSE,8578,1528370,370000
2023,1401,Boonton town,Morris,FALSE,8815,1719770,541500
2023,1402,Boonton township,Morris,FALSE,4398,971530,0
2023,1403,Butler borough,Morris,FALSE,8119,2418955,0
2023,1404,Chatham borough,Morris,FALSE,9226,1486340,0
2023,1405,Chatham township,Morris,FALSE,10962,2440350,0
2023,1406,Chester borough,Morris,FALSE,1675,561200,0
2023,1407,Chester township,Morris,FALSE,7719,1857600,171000
2023,1408,Denville township,Morris,FALSE,17127,3754994,767000
2023,1409,Dover town,Morris,FALSE,18422,1836489,1565000
2023,1410,East Hanover township,Morris,FALSE,11120,2501100,0
2023,1411,Florham Park borough,Morris,FALSE,13325,2799742,125000
2023,1412,Hanover township,Morris,FALSE,14646,3608650,555000
2023,1413,Harding township,Morris,FALSE,3885,1119900,130400
2023,1414,Jefferson township,Morris,FALSE,20517,3181587,0
2023,1415,Kinnelon borough,Morris,FALSE,9985,2540702,1060473
2023,1416,Lincoln Park borough,Morris,FALSE,10923,3427276,0
2023,1417,Madison borough,Morris,FALSE,16261,5666112,0
2023,1418,Mendham borough,Morris,FALSE,4958,1232701.44,204406.85
2023,1419,Mendham township,Morris,FALSE,6014,1964245.84,0
2023,1420,Mine Hill township,Morris,FALSE,4003,370800,0
2023,1421,Montville township,Morris,FALSE,22440,2490337,3447796
2023,1422,Morris township,Morris,FALSE,23268,6782564.3,0
2023,1423,Morris Plains borough,Morris,FALSE,6145,2954931.45,290250
2023,1424,Morristown town,Morris,FALSE,20339,7104405.005726877,0
2023,1425,Mountain Lakes borough,Morris,FALSE,4598,762607.18,1044572.1
2023,1426,Mount Arlington borough,Morris,FALSE,5908,1192290,47731
2023,1427,Mount Olive township,Morris,FALSE,28977,3553913,0
2023,1428,Netcong borough,Morris,FALSE,3661,542342,48145
2023,1429,Parsippany-Troy Hills township,Morris,FALSE,56163,7852349,2140000
2023,1430,Long Hill township,Morris,FALSE,8621,1440125,873000
2023,1431,Pequannock township,Morris,FALSE,15569,1091360,0
2023,1432,Randolph township,Morris,FALSE,26497,6952990,621001
2023,1433,Riverdale borough,Morris,FALSE,4105,519660,0
2023,1434,Rockaway borough,Morris,FALSE,6592,1288650,835450
2023,1435,Rockaway township,Morris,FALSE,26036,3273796,419672
2023,1436,Roxbury township,Morris,FALSE,23140,5731234,0
2023,1437,Victory Gardens borough,Morris,FALSE,1582,368168,0
2023,1438,Washington township,Morris,FALSE,18165,2972856,0
2023,1439,Wharton borough,Morris,FALSE,7245,611019,0
2023,1501,Barnegat Light borough,Ocean,FALSE,654,288000,381000
2023,1502,Bay Head borough,Ocean,FALSE,956,464150,244350
2023,1503,Beach Haven borough,Ocean,FALSE,1065,1609000,240000
2023,1504,Beachwood borough,Ocean,FALSE,11128,2140850,0
2023,1505,Berkeley township,Ocean,FALSE,44748,5513936,2275000
2023,1506,Brick township,Ocean,FALSE,75651,8942325,3224588.88
2023,1507,Toms River township,Ocean,FALSE,98326,16055760,4155389
2023,1508,Eagleswood township,Ocean,FALSE,1768,423220,3200
2023,1509,Harvey Cedars borough,Ocean,FALSE,401,760657,78358.73
2023,1510,Island Heights borough,Ocean,FALSE,1695,342874,117250
2023,1511,Jackson township,Ocean,FALSE,60207,4893123.7,364000
2023,1512,Lacey township,Ocean,FALSE,29632,7192005,1640150
2023,1513,Lakehurst borough,Ocean,FALSE,2696,472750,103500
2023,1514,Lakewood township,Ocean,FALSE,139506,14190569,6240000
2023,1515,Lavallette borough,Ocean,FALSE,1838,1333500,194000
2023,1516,Little Egg Harbor township,Ocean,FALSE,21350,2066000,975000
2023,1517,Long Beach township,Ocean,FALSE,3143,3050000,1900000
2023,1518,Manchester township,Ocean,FALSE,46070,NA,NA
2023,1519,Mantoloking borough,Ocean,FALSE,332,618043,191365
2023,1520,Ocean township,Ocean,FALSE,9001,1477845,705000
2023,1521,Ocean Gate borough,Ocean,FALSE,1983,155784,205000
2023,1522,Pine Beach borough,Ocean,FALSE,2190,372250,1571.56
2023,1523,Plumsted township,Ocean,FALSE,8506,203000,0
2023,1524,Point Pleasant borough,Ocean,FALSE,19382,3300769,715000
2023,1525,Point Pleasant Beach borough,Ocean,FALSE,4869,1921501,275000
2023,1526,Seaside Heights borough,Ocean,FALSE,2493,1122600,125000
2023,1527,Seaside Park borough,Ocean,FALSE,1473,1353200,173000
2023,1528,Ship Bottom borough,Ocean,FALSE,1115,711750,644287
2023,1529,South Toms River borough,Ocean,FALSE,3725,534450,0
2023,1530,Stafford township,Ocean,FALSE,29881,6809700,1830000
2023,1531,Surf City borough,Ocean,FALSE,1282,882650,180000
2023,1532,Tuckerton borough,Ocean,FALSE,3671,463846,160000
2023,1533,Barnegat township,Ocean,FALSE,24998,4349100,916000
2023,1601,Bloomingdale borough,Passaic,FALSE,7621,1179200,360000
2023,1602,Clifton city,Passaic,FALSE,88709,5956000,8610000
2023,1603,Haledon borough,Passaic,FALSE,8870,1048596,232000
2023,1604,Hawthorne borough,Passaic,FALSE,19231,3746692,562400
2023,1605,Little Falls township,Passaic,FALSE,14044,2244478,1668390
2023,1606,North Haledon borough,Passaic,FALSE,8635,2555905,350000
2023,1607,Passaic city,Passaic,FALSE,69128,8180100,2765000
2023,1608,Paterson city,Passaic,FALSE,156661,10628678,15550000
2023,1609,Pompton Lakes borough,Passaic,FALSE,10907,1867600,507750
2023,1610,Prospect Park borough,Passaic,FALSE,6245,399397,489000
2023,1611,Ringwood borough,Passaic,FALSE,11489,4307280,0
2023,1612,Totowa borough,Passaic,FALSE,10822,2650562,375000
2023,1613,Wanaque borough,Passaic,FALSE,11041,0,0
2023,1614,Wayne township,Passaic,FALSE,52960,11986982,66000
2023,1615,West Milford township,Passaic,FALSE,24382,5955818,0
2023,1616,Woodland Park borough,Passaic,FALSE,13191,3513849,0
2023,1701,Alloway township,Salem,FALSE,3306,420620,125739.34
2023,1702,Elmer borough,Salem,FALSE,1358,186879,65500
2023,1703,Elsinboro township,Salem,FALSE,1004,153415,34800
2023,1704,Lower Alloways Creek township,Salem,FALSE,1728,760000,264000
2023,1705,Mannington township,Salem,FALSE,1474,194600,1500
2023,1706,Oldmans township,Salem,FALSE,1919,150000,100500
2023,1707,Penns Grove borough,Salem,FALSE,4847,218800,512000
2023,1708,Pennsville township,Salem,FALSE,12718,2441790,503944
2023,1709,Pilesgrove township,Salem,FALSE,4207,451480,2623.17
2023,1710,Pittsgrove township,Salem,FALSE,8811,0,0
2023,1711,Quinton township,Salem,FALSE,2602,488388,12000
2023,1712,Salem city,Salem,FALSE,5324,724250,250000
2023,1713,Carneys Point township,Salem,FALSE,8670,900850,383700
2023,1714,Upper Pittsgrove township,Salem,FALSE,3448,310060,142000
2023,1715,Woodstown borough,Salem,FALSE,3701,239600,88500
2023,1801,Bedminster township,Somerset,FALSE,8207,1395616,0
2023,1802,Bernards township,Somerset,FALSE,27896,5115336,313522
2023,1803,Bernardsville borough,Somerset,FALSE,7859,2202420,158200
2023,1804,Bound Brook borough,Somerset,FALSE,11971,2024325,0
2023,1805,Branchburg township,Somerset,FALSE,14835,2609500,0
2023,1806,Bridgewater township,Somerset,FALSE,46318,2955500,0
2023,1807,Far Hills borough,Somerset,FALSE,915,158460,0
2023,1808,Franklin township,Somerset,FALSE,68578,3971192.96,863734.19
2023,1809,Green Brook township,Somerset,FALSE,7315,836034,0
2023,1810,Hillsborough township,Somerset,FALSE,43228,4066455,0
2023,1811,Manville borough,Somerset,FALSE,10875,2265762,0
2023,1812,Millstone borough,Somerset,FALSE,447,92250,0
2023,1813,Montgomery township,Somerset,FALSE,23559,3596200,0
2023,1814,North Plainfield borough,Somerset,FALSE,22637,2166614,0
2023,1815,Peapack and Gladstone borough,Somerset,FALSE,2547,959010,84500
2023,1816,Raritan borough,Somerset,FALSE,9123,1869270,1400000
2023,1817,Rocky Hill borough,Somerset,FALSE,738,181000,90533.51
2023,1818,Somerville borough,Somerset,FALSE,12712,1531400,1170000
2023,1819,South Bound Brook borough,Somerset,FALSE,4833,778933,0
2023,1820,Warren township,Somerset,FALSE,15854,3471300,0
2023,1821,Watchung borough,Somerset,FALSE,6428,1295700,0
2023,1901,Andover borough,Sussex,FALSE,601,16524,23587
2023,1902,Andover township,Sussex,FALSE,6081,1236810,702000
2023,1903,Branchville borough,Sussex,FALSE,802,223200,155000
2023,1904,Byram township,Sussex,FALSE,8115,2092341.26,988200
2023,1905,Frankford township,Sussex,FALSE,5319,1294000,14200
2023,1906,Franklin borough,Sussex,FALSE,4967,636438,564000
2023,1907,Fredon township,Sussex,FALSE,3277,1032963,0
2023,1908,Green township,Sussex,FALSE,3666,729501,450000
2023,1909,Hamburg borough,Sussex,FALSE,3308,210700,0
2023,1910,Hampton township,Sussex,FALSE,4906,1672900,0
2023,1911,Hardyston township,Sussex,FALSE,8278,1261867.6,0
2023,1912,Hopatcong borough,Sussex,FALSE,14531,3809445,0
2023,1913,Lafayette township,Sussex,FALSE,2385,491900,0
2023,1914,Montague township,Sussex,FALSE,3826,554500,0
2023,1915,Newton town,Sussex,FALSE,8466,1338097,400
2023,1916,Ogdensburg borough,Sussex,FALSE,2283,258800,245601
2023,1917,Sandyston township,Sussex,FALSE,2000,252000,0
2023,1918,Sparta township,Sussex,FALSE,20085,2789290,0
2023,1919,Stanhope borough,Sussex,FALSE,3560,480967,427861
2023,1920,Stillwater township,Sussex,FALSE,4048,958850,0
2023,1921,Sussex borough,Sussex,FALSE,2048,258500,6500
2023,1922,Vernon township,Sussex,FALSE,22591,3122000,0
2023,1923,Walpack township,Sussex,FALSE,8,1250,0
2023,1924,Wantage township,Sussex,FALSE,10933,1117845,0
2023,2001,Berkeley Heights township,Union,FALSE,13071,1671470,550000
2023,2002,Clark township,Union,FALSE,15244,2441275,0
2023,2003,Cranford township,Union,FALSE,23801,3637671.82,0
2023,2004,Elizabeth city,Union,FALSE,134283,19223220,12850000
2023,2005,Fanwood borough,Union,FALSE,7655,965000,0
2023,2006,Garwood borough,Union,FALSE,5008,918574,310300
2023,2007,Hillside township,Union,FALSE,22031,5453600,0
2023,2008,Kenilworth borough,Union,FALSE,8277,1807880,0
2023,2009,Linden city,Union,FALSE,43352,9693400,93500
2023,2010,Mountainside borough,Union,FALSE,6957,1296000,880000
2023,2011,New Providence borough,Union,FALSE,13519,2828158,365000
2023,2012,Plainfield city,Union,FALSE,54513,4515773,6
2023,2013,Rahway city,Union,FALSE,29693,7097000,0
2023,2014,Roselle borough,Union,FALSE,22327,4035700,1254000
2023,2015,Roselle Park borough,Union,FALSE,13819,3370424,0
2023,2016,Scotch Plains township,Union,FALSE,24496,2944304.661346667,0
2023,2017,Springfield township,Union,FALSE,16872,2984640,2231468
2023,2018,Summit city,Union,FALSE,22342,5133554,990000
2023,2019,Union township,Union,FALSE,60620,13852280.83,0
2023,2020,Westfield town,Union,FALSE,30539,6394340,200000
2023,2021,Winfield township,Union,FALSE,1396,60000,0
2023,2101,Allamuchy township,Warren,FALSE,5441,629150,0
2023,2102,Alpha borough,Warren,FALSE,2344,604567,0
2023,2103,Belvidere town,Warren,FALSE,2534,461200,1500
2023,2104,Blairstown township,Warren,FALSE,5745,541501,0
2023,2105,Franklin township,Warren,FALSE,2996,468500,0
2023,2106,Frelinghuysen township,Warren,FALSE,2217,313725,0
2023,2107,Greenwich township,Warren,FALSE,5499,500410,0
2023,2108,Hackettstown town,Warren,FALSE,10130,1031100,0
2023,2109,Hardwick township,Warren,FALSE,1612,365002,0
2023,2110,Harmony township,Warren,FALSE,2526,495000,5271
2023,2111,Hope township,Warren,FALSE,1844,279082,0
2023,2112,Independence township,Warren,FALSE,5509,567800,0
2023,2113,Knowlton township,Warren,FALSE,2923,495800,9400
2023,2114,Liberty township,Warren,FALSE,2693,400500,0
2023,2115,Lopatcong township,Warren,FALSE,9421,844550,0
2023,2116,Mansfield township,Warren,FALSE,7839,982200,0
2023,2117,Oxford township,Warren,FALSE,2458,417100,0
2023,2119,Phillipsburg town,Warren,FALSE,15320,2798176.96,651000
2023,2120,Pohatcong township,Warren,FALSE,3269,604038,0
2023,2121,Washington borough,Warren,FALSE,7345,906450,0
2023,2122,Washington township,Warren,FALSE,6580,1076550,3000
2023,2123,White township,Warren,FALSE,4681,454500,0
2024,0101,Absecon city,Atlantic,FALSE,9130,590000,863000
2024,0102,Atlantic City,Atlantic,FALSE,38464,13371330,0
2024,0103,Brigantine city,Atlantic,FALSE,7602,4808716,0
2024,0104,Buena borough,Atlantic,FALSE,4489,768736,0
2024,0105,Buena Vista township,Atlantic,FALSE,7090,1398000,294200
2024,0106,Corbin City city,Atlantic,FALSE,481,107000,0
2024,0107,Egg Harbor City city,Atlantic,FALSE,4385,540190,540000
2024,0108,Egg Harbor township,Atlantic,FALSE,47861,4801796,2043533
2024,0109,Estell Manor city,Atlantic,TRUE,1679,NA,NA
2024,0110,Folsom borough,Atlantic,FALSE,1813,211901,195000
2024,0111,Galloway township,Atlantic,FALSE,37876,2643190,0
2024,0112,Hamilton township,Atlantic,FALSE,28266,5260500,0
2024,0113,Hammonton town,Atlantic,FALSE,14797,2184576.89,0
2024,0114,Linwood city,Atlantic,FALSE,6957,1166613,810845
2024,0115,Longport borough,Atlantic,FALSE,878,529600,173500
2024,0116,Margate City city,Atlantic,FALSE,5162,3443430,10000
2024,0117,Mullica township,Atlantic,FALSE,5802,434572,200000
2024,0118,Northfield city,Atlantic,FALSE,8426,846201,872495
2024,0119,Pleasantville city,Atlantic,FALSE,20613,1436850,1470000
2024,0120,Port Republic city,Atlantic,FALSE,1109,220799,96000
2024,0121,Somers Point city,Atlantic,FALSE,10465,2192900,342000
2024,0122,Ventnor City city,Atlantic,FALSE,9226,3710200,0
2024,0123,Weymouth township,Atlantic,FALSE,2642,405000,74000
2024,0201,Allendale borough,Bergen,FALSE,6791,2460000,0
2024,0202,Alpine borough,Bergen,FALSE,1750,579400,0
2024,0203,Bergenfield borough,Bergen,FALSE,28274,5593950,1215000
2024,0204,Bogota borough,Bergen,FALSE,9606,1729500,375000
2024,0205,Carlstadt borough,Bergen,FALSE,6333,3566000,0
2024,0206,Cliffside Park borough,Bergen,FALSE,25570,3720000,1000000
2024,0207,Closter borough,Bergen,FALSE,8544,2953310,368750
2024,0208,Cresskill borough,Bergen,FALSE,9118,3567235,375000
2024,0209,Demarest borough,Bergen,FALSE,4846,2164732,0
2024,0210,Dumont borough,Bergen,FALSE,18234,5236979,2217596
2024,0211,Elmwood Park borough,Bergen,FALSE,21256,1917900,2047387
2024,0212,East Rutherford borough,Bergen,FALSE,10421,3740100,490000
2024,0213,Edgewater borough,Bergen,FALSE,14678,2703350,1186000
2024,0214,Emerson borough,Bergen,FALSE,7251,2759476,279250
2024,0215,Englewood city,Bergen,FALSE,29624,6922200,1386000
2024,0216,Englewood Cliffs borough,Bergen,FALSE,5321,1410000,1588889
2024,0217,Fair Lawn borough,Bergen,FALSE,35564,6170458,2841500
2024,0218,Fairview borough,Bergen,FALSE,14927,2082081,167400
2024,0219,Fort Lee borough,Bergen,FALSE,39700,5615265,3938000
2024,0220,Franklin Lakes borough,Bergen,FALSE,11021,3711695,459000
2024,0221,Garfield city,Bergen,FALSE,32456,5579520.45,0
2024,0222,Glen Rock borough,Bergen,FALSE,12076,2535436,2600184
2024,0223,Hackensack city,Bergen,FALSE,45736,6503950,1588077
2024,0224,Harrington Park borough,Bergen,FALSE,4990,876743,755000
2024,0225,Hasbrouck Heights borough,Bergen,FALSE,12030,3099700,563000
2024,0226,Haworth borough,Bergen,FALSE,3322,1703851,8000
2024,0227,Hillsdale borough,Bergen,FALSE,10062,3364082.4695,0
2024,0228,Ho-Ho-Kus borough,Bergen,FALSE,4232,1315000,0
2024,0229,Leonia borough,Bergen,FALSE,9303,2469647,0
2024,0230,Little Ferry borough,Bergen,FALSE,10914,1700767,735000
2024,0231,Lodi borough,Bergen,TRUE,25832,NA,NA
2024,0232,Lyndhurst township,Bergen,FALSE,22276,3976500,1340000
2024,0233,Mahwah township,Bergen,FALSE,25344,6540889,41730
2024,0234,Maywood borough,Bergen,FALSE,10023,3194600,0
2024,0235,Midland Park borough,Bergen,FALSE,6970,1591750,215000
2024,0236,Montvale borough,Bergen,FALSE,9361,1498194,1100000
2024,0237,Moonachie borough,Bergen,FALSE,3108,1209800,111000
2024,0238,New Milford borough,Bergen,FALSE,16889,4281500,1637487
2024,0239,North Arlington borough,Bergen,FALSE,16370,2335785,796178
2024,0240,Northvale borough,Bergen,FALSE,4821,1164400,1585544
2024,0241,Norwood borough,Bergen,FALSE,5729,2048600,0
2024,0242,Oakland borough,Bergen,FALSE,12680,4151099.30627,0
2024,0243,Old Tappan borough,Bergen,FALSE,6074,1360556,0
2024,0244,Oradell borough,Bergen,FALSE,8188,2863118,305210
2024,0245,Palisades Park borough,Bergen,FALSE,20102,1322000,4984558
2024,0246,Paramus borough,Bergen,FALSE,26282,10323100,1275000
2024,0247,Park Ridge borough,Bergen,FALSE,9440,2705568,90000
2024,0248,Ramsey borough,Bergen,FALSE,14706,2749000,2863000
2024,0249,Ridgefield borough,Bergen,FALSE,11417,2623435,389000
2024,0250,Ridgefield Park village,Bergen,FALSE,13135,3036800,635000
2024,0251,Ridgewood village,Bergen,FALSE,26194,6038850.27,2188158.94
2024,0252,River Edge borough,Bergen,FALSE,11995,3827535,463500
2024,0253,River Vale township,Bergen,FALSE,10111,2724130,0
2024,0254,Rochelle Park township,Bergen,FALSE,5833,714685,1794066
2024,0255,Rockleigh borough,Bergen,FALSE,405,99972,0
2024,0256,Rutherford borough,Bergen,FALSE,18852,4308400,900000
2024,0257,Saddle Brook township,Bergen,FALSE,14386,4155800,105000
2024,0258,Saddle River borough,Bergen,FALSE,3368,1812200,130000
2024,0259,South Hackensack township,Bergen,FALSE,2700,1001000,135000
2024,0260,Teaneck township,Bergen,FALSE,41697,8957275,0
2024,0261,Tenafly borough,Bergen,FALSE,15178,4323888,1593000
2024,0262,Teterboro borough,Bergen,FALSE,71,760883.14,0
2024,0263,Upper Saddle River borough,Bergen,FALSE,8480,1978600,230000
2024,0264,Waldwick borough,Bergen,FALSE,10105,2110106,2228002
2024,0265,Wallington borough,Bergen,FALSE,11825,1495500,0
2024,0266,Washington township,Bergen,FALSE,9263,1637189,82000
2024,0267,Westwood borough,Bergen,FALSE,11210,3221045,0
2024,0268,Woodcliff Lake borough,Bergen,FALSE,6122,1910600,236000
2024,0269,Wood-Ridge borough,Bergen,FALSE,10197,4270000,0
2024,0270,Wyckoff township,Bergen,FALSE,17047,4579477,598000
2024,0301,Bass River township,Burlington,FALSE,1369,335500,3000
2024,0302,Beverly city,Burlington,FALSE,2514,321750,118000
2024,0303,Bordentown city,Burlington,FALSE,4021,248500,207000
2024,0304,Bordentown township,Burlington,FALSE,12038,1878360,400000
2024,0305,Burlington city,Burlington,FALSE,10024,2155300,566000
2024,0306,Burlington township,Burlington,FALSE,24108,4507045,0
2024,0307,Chesterfield township,Burlington,FALSE,9330,647700,0
2024,0308,Cinnaminson township,Burlington,FALSE,17506,1856501,1898500
2024,0309,Delanco township,Burlington,FALSE,4897,1196267,232500
2024,0310,Delran township,Burlington,FALSE,18291,2562379,1160000
2024,0311,Eastampton township,Burlington,FALSE,6438,650000,220800
2024,0312,Edgewater Park township,Burlington,FALSE,8986,1074150,256000
2024,0313,Evesham township,Burlington,FALSE,48441,5149500,3185000
2024,0314,Fieldsboro borough,Burlington,FALSE,538,100500,76145.74
2024,0315,Florence township,Burlington,FALSE,12895,1804502,55200
2024,0316,Hainesport township,Burlington,FALSE,6057,704110,230000
2024,0317,Lumberton township,Burlington,FALSE,12886,1351200,380000
2024,0318,Mansfield township,Burlington,FALSE,8991,1151963,320500
2024,0319,Maple Shade township,Burlington,FALSE,20088,1966650,1473200
2024,0320,Medford township,Burlington,FALSE,25000,3780122,1191000
2024,0321,Medford Lakes borough,Burlington,FALSE,4291,599220,183000
2024,0322,Moorestown township,Burlington,FALSE,21577,3726822,855000
2024,0323,Mount Holly township,Burlington,FALSE,10151,1411572,380000
2024,0324,Mount Laurel township,Burlington,FALSE,46403,2820950,4279000
2024,0325,New Hanover township,Burlington,FALSE,6348,136100,89350
2024,0326,North Hanover township,Burlington,FALSE,8007,344425,144010
2024,0327,Palmyra borough,Burlington,FALSE,7489,1669013,285000
2024,0328,Pemberton borough,Burlington,FALSE,1376,0,139220
2024,0329,Pemberton township,Burlington,FALSE,27011,4699343.19,67370
2024,0330,Riverside township,Burlington,FALSE,8056,1029120,361600
2024,0331,Riverton borough,Burlington,FALSE,2781,591743,121000
2024,0332,Shamong township,Burlington,FALSE,6503,686000,0
2024,0333,Southampton township,Burlington,FALSE,10334,1412947,433500
2024,0334,Springfield township,Burlington,FALSE,3251,322859,131000
2024,0335,Tabernacle township,Burlington,FALSE,6877,924500,560000
2024,0336,Washington township,Burlington,FALSE,703,117207.37,128500
2024,0337,Westampton township,Burlington,FALSE,9195,1536466,381729
2024,0338,Willingboro township,Burlington,FALSE,32122,3511242.33,2899222.54
2024,0339,Woodland township,Burlington,FALSE,1552,236400,0
2024,0340,Wrightstown borough,Burlington,FALSE,722,135806.55,64000
2024,0401,Audubon borough,Camden,FALSE,8716,1510125,400000
2024,0402,Audubon Park borough,Camden,FALSE,990,76000,0
2024,0403,Barrington borough,Camden,FALSE,7069,1018851.29,729525
2024,0404,Bellmawr borough,Camden,FALSE,11724,2932858.49,0
2024,0405,Berlin borough,Camden,FALSE,7534,1033100,460000
2024,0406,Berlin township,Camden,FALSE,5972,1143157,340000
2024,0407,Brooklawn borough,Camden,FALSE,1813,255940,90000
2024,0408,Camden city,Camden,FALSE,71100,25685400,0
2024,0409,Cherry Hill township,Camden,FALSE,77317,11255434,2877500
2024,0410,Chesilhurst borough,Camden,FALSE,1546,305338,223969
2024,0411,Clementon borough,Camden,FALSE,5465,492600,173100
2024,0412,Collingswood borough,Camden,FALSE,14204,1525250,582500
2024,0413,Gibbsboro borough,Camden,FALSE,2239,640000,0
2024,0414,Gloucester City city,Camden,FALSE,11507,2518950,595000
2024,0415,Gloucester township,Camden,FALSE,66239,10662000,2280000
2024,0416,Haddon township,Camden,FALSE,15461,2978843,700000
2024,0417,Haddonfield borough,Camden,FALSE,12571,2819789,700000
2024,0418,Haddon Heights borough,Camden,FALSE,7511,768030,420000
2024,0419,Hi-Nella borough,Camden,FALSE,928,87650,621.39
2024,0420,Laurel Springs borough,Camden,FALSE,1984,180901,100500
2024,0421,Lawnside borough,Camden,FALSE,3301,583510,293000
2024,0422,Lindenwold borough,Camden,FALSE,21685,2004572,885092
2024,0423,Magnolia borough,Camden,FALSE,4356,688000,209000
2024,0424,Merchantville borough,Camden,FALSE,3823,547021.50125,206000
2024,0425,Mount Ephraim borough,Camden,FALSE,4654,636239,7500
2024,0426,Oaklyn borough,Camden,FALSE,3940,778004.5,240600
2024,0427,Pennsauken township,Camden,FALSE,37288,2613400,0
2024,0428,Pine Hill borough,Camden,FALSE,10783,1421187,424000
2024,0430,Runnemede borough,Camden,FALSE,8338,1304100,429000
2024,0431,Somerdale borough,Camden,FALSE,5567,590000,215250
2024,0432,Stratford borough,Camden,FALSE,7000,209362.16,671066.87
2024,0433,Tavistock borough,Camden,FALSE,7,14800,0
2024,0434,Voorhees township,Camden,FALSE,31169,4008063,1030000
2024,0435,Waterford township,Camden,TRUE,10439,NA,NA
2024,0436,Winslow township,Camden,FALSE,40047,2843900,4842530
2024,0437,Woodlynne borough,Camden,FALSE,2909,346000,151000
2024,0501,Avalon borough,Cape May,FALSE,1218,4126737,305000
2024,0502,Cape May city,Cape May,FALSE,2757,2896750,0
2024,0503,Cape May Point borough,Cape May,FALSE,299,432860,0
2024,0504,Dennis township,Cape May,FALSE,6149,1113280,265000
2024,0505,Lower township,Cape May,FALSE,21886,3558050,825000
2024,0506,Middle township,Cape May,FALSE,20184,3477150,580000
2024,0507,North Wildwood city,Cape May,FALSE,3585,4549847.14,410000
2024,0508,Ocean City city,Cape May,FALSE,11242,12388200,3440000
2024,0509,Sea Isle City city,Cape May,FALSE,2122,3348798.13,0
2024,0510,Stone Harbor borough,Cape May,FALSE,791,2886169,0
2024,0511,Upper township,Cape May,FALSE,12510,4139600,0
2024,0512,West Cape May borough,Cape May,TRUE,1003,NA,NA
2024,0513,West Wildwood borough,Cape May,FALSE,542,308500,161000
2024,0514,Wildwood city,Cape May,FALSE,5123,4204379,430000
2024,0515,Wildwood Crest borough,Cape May,FALSE,3063,2516350,375000
2024,0516,Woodbine borough,Cape May,FALSE,2136,314100,75000
2024,0601,Bridgeton city,Cumberland,FALSE,26763,1489698,0
2024,0602,Commercial township,Cumberland,FALSE,4643,842878,208300
2024,0603,Deerfield township,Cumberland,FALSE,3147,188751,655
2024,0604,Downe township,Cumberland,FALSE,1382,278600,162000
2024,0605,Fairfield township,Cumberland,FALSE,5340,413750,0
2024,0606,Greenwich township,Cumberland,FALSE,763,53825,40000
2024,0607,Hopewell township,Cumberland,FALSE,4353,169500,193650
2024,0608,Lawrence township,Cumberland,FALSE,3073,370700,153279
2024,0609,Maurice River township,Cumberland,FALSE,5117,996525.23,151000
2024,0610,Millville city,Cumberland,FALSE,27358,1775600,97000
2024,0611,Shiloh borough,Cumberland,FALSE,443,46750,100
2024,0612,Stow Creek township,Cumberland,FALSE,1317,122000,52000
2024,0613,Upper Deerfield township,Cumberland,FALSE,7830,599000,212000
2024,0614,Vineland city,Cumberland,FALSE,60797,5508666,0
2024,0701,Belleville township,Essex,FALSE,37453,3551000,4300000
2024,0702,Bloomfield township,Essex,FALSE,53702,3917510,5400000
2024,0703,Caldwell borough,Essex,FALSE,8834,1807533.01,0
2024,0704,Cedar Grove township,Essex,FALSE,13321,1091631,0
2024,0705,East Orange city,Essex,FALSE,69556,19838764.94,0
2024,0706,Essex Fells borough,Essex,FALSE,2138,746830,0
2024,0707,Fairfield township,Essex,FALSE,7941,1242000,1388000
2024,0708,Glen Ridge borough,Essex,FALSE,7952,3228060,0
2024,0709,Irvington township,Essex,TRUE,59925,NA,NA
2024,0710,Livingston township,Essex,FALSE,31089,6972235.9,1272020
2024,0711,Maplewood township,Essex,FALSE,25321,5482284.09,0
2024,0712,Millburn township,Essex,FALSE,21859,6920246,2935700
2024,0713,Montclair township,Essex,FALSE,39797,5246511.73,3431674.42
2024,0714,Newark city,Essex,FALSE,304960,49154490,8023136
2024,0715,North Caldwell borough,Essex,FALSE,6574,884353,800725
2024,0716,Nutley township,Essex,FALSE,29538,2688638,2750499
2024,0717,City of Orange township,Essex,TRUE,33787,NA,NA
2024,0718,Roseland borough,Essex,FALSE,6168,1173689,638188
2024,0719,South Orange Village township,Essex,FALSE,18208,3380200,0
2024,0720,Verona township,Essex,FALSE,14324,4583300,12764
2024,0721,West Caldwell township,Essex,FALSE,10799,1718424.16,475000
2024,0722,West Orange township,Essex,FALSE,47871,6543533.93,3976670.07
2024,0801,Clayton borough,Gloucester,FALSE,8948,1379550,326500
2024,0802,Deptford township,Gloucester,FALSE,32313,4765000,1400000
2024,0803,East Greenwich township,Gloucester,FALSE,12394,985300,0
2024,0804,Elk township,Gloucester,FALSE,4473,621100,235000
2024,0805,Franklin township,Gloucester,FALSE,16543,1411750,1043000
2024,0806,Glassboro borough,Gloucester,FALSE,23987,3553341,768850
2024,0807,Greenwich township,Gloucester,FALSE,4993,1612449.76,200000
2024,0808,Harrison township,Gloucester,FALSE,13806,887050,605000
2024,0809,Logan township,Gloucester,FALSE,6070,1210000,0
2024,0810,Mantua township,Gloucester,FALSE,15446,1807900,690000
2024,0811,Monroe township,Gloucester,FALSE,37752,4763300,1958000
2024,0812,National Park borough,Gloucester,FALSE,3063,313500,154000
2024,0813,Newfield borough,Gloucester,FALSE,1798,221989.27,0
2024,0814,Paulsboro borough,Gloucester,FALSE,6267,1132000,315000
2024,0815,Pitman borough,Gloucester,FALSE,8880,1284245,685000
2024,0816,South Harrison township,Gloucester,FALSE,3444,306000,102000
2024,0817,Swedesboro borough,Gloucester,FALSE,2741,363000,147500
2024,0818,Washington township,Gloucester,FALSE,49378,8552940,4062710
2024,0819,Wenonah borough,Gloucester,FALSE,2309,198400.92,97000
2024,0820,West Deptford township,Gloucester,FALSE,22472,3615680,1220000
2024,0821,Westville borough,Gloucester,FALSE,4317,1009250,0
2024,0822,Woodbury city,Gloucester,FALSE,10063,2802000,10000
2024,0823,Woodbury Heights borough,Gloucester,FALSE,3127,378500,122500
2024,0824,Woolwich township,Gloucester,FALSE,13839,1343850,487000
2024,0901,Bayonne city,Hudson,FALSE,70300,9424323,3900000
2024,0902,East Newark borough,Hudson,FALSE,2428,272000,311500
2024,0903,Guttenberg town,Hudson,FALSE,11365,2725000,0
2024,0904,Harrison town,Hudson,FALSE,20520,2785670,2190000
2024,0905,Hoboken city,Hudson,FALSE,57010,3053348,8117486
2024,0906,Jersey City city,Hudson,FALSE,291657,40000435,0
2024,0907,Kearny town,Hudson,FALSE,39370,4601000,9384908
2024,0908,North Bergen township,Hudson,FALSE,59394,6749315,8246613
2024,0909,Secaucus town,Hudson,FALSE,21005,10260353,1712000
2024,0910,Union City city,Hudson,FALSE,64462,7200000,5446825
2024,0911,Weehawken township,Hudson,TRUE,17207,NA,NA
2024,0912,West New York town,Hudson,FALSE,50754,8945000,0
2024,1001,Alexandria township,Hunterdon,FALSE,4817,770717.87,0
2024,1002,Bethlehem township,Hunterdon,FALSE,3756,645100,0
2024,1003,Bloomsbury borough,Hunterdon,FALSE,796,92650,88200
2024,1004,Califon borough,Hunterdon,FALSE,1013,164000,0
2024,1005,Clinton town,Hunterdon,FALSE,2781,472635,50625
2024,1006,Clinton township,Hunterdon,FALSE,13137,1591700,0
2024,1007,Delaware township,Hunterdon,FALSE,4571,944150,0
2024,1008,East Amwell township,Hunterdon,FALSE,3937,490796,100
2024,1009,Flemington borough,Hunterdon,FALSE,4902,364100,494400
2024,1010,Franklin township,Hunterdon,FALSE,3286,486185,0
2024,1011,Frenchtown borough,Hunterdon,FALSE,1472,393000,152000
2024,1012,Glen Gardner borough,Hunterdon,FALSE,1682,227380,75500
2024,1013,Hampton borough,Hunterdon,FALSE,1443,252900,47500
2024,1014,High Bridge borough,Hunterdon,TRUE,3592,NA,NA
2024,1015,Holland township,Hunterdon,FALSE,5208,1046000,0
2024,1016,Kingwood township,Hunterdon,FALSE,3843,879000,15000
2024,1017,Lambertville city,Hunterdon,FALSE,4157,300000.74,360540.32
2024,1018,Lebanon borough,Hunterdon,FALSE,1670,317510,84000
2024,1019,Lebanon township,Hunterdon,FALSE,6212,962043,0
2024,1020,Milford borough,Hunterdon,FALSE,1222,164900,215193
2024,1021,Raritan township,Hunterdon,FALSE,24637,2323767,52500
2024,1022,Readington township,Hunterdon,FALSE,16257,2561163,182500
2024,1023,Stockton borough,Hunterdon,FALSE,494,195612,0
2024,1024,Tewksbury township,Hunterdon,FALSE,5887,1418680,0
2024,1025,Union township,Hunterdon,FALSE,6391,610000,34001
2024,1026,West Amwell township,Hunterdon,FALSE,3020,696000,3000
2024,1101,East Windsor township,Mercer,FALSE,29758,1171024,0
2024,1102,Ewing township,Mercer,FALSE,34753,2980500,2863000
2024,1103,Hamilton township,Mercer,FALSE,91640,19575134.86,5700000
2024,1104,Hightstown borough,Mercer,TRUE,5853,NA,NA
2024,1105,Hopewell borough,Mercer,FALSE,1894,449050,91550
2024,1106,Hopewell township,Mercer,FALSE,17383,2460000,1000
2024,1107,Lawrence township,Mercer,FALSE,31771,4715252.6,1349000
2024,1108,Pennington borough,Mercer,FALSE,2840,747450,0
2024,1111,Trenton city,Mercer,FALSE,89620,14867713,6500000
2024,1112,Robbinsville township,Mercer,FALSE,15361,2249373.56,640016.96
2024,1113,West Windsor township,Mercer,FALSE,30509,2754815,2277613
2024,1114,Princeton borough,Mercer,FALSE,30289,7010839,0
2024,1201,Carteret borough,Middlesex,FALSE,25281,4962500,0
2024,1202,Cranbury township,Middlesex,FALSE,3960,1030730,0
2024,1203,Dunellen borough,Middlesex,FALSE,8176,781513,24000
2024,1204,East Brunswick township,Middlesex,TRUE,49447,NA,NA
2024,1205,Edison township,Middlesex,FALSE,106836,9658459.57,0
2024,1206,Helmetta borough,Middlesex,FALSE,2437,334860,0
2024,1207,Highland Park borough,Middlesex,FALSE,14959,2299031.2,695000
2024,1208,Jamesburg borough,Middlesex,FALSE,5735,637067,0
2024,1209,Old Bridge township,Middlesex,FALSE,68165,5343674,0
2024,1210,Metuchen borough,Middlesex,FALSE,14977,3049550,400000
2024,1211,Middlesex borough,Middlesex,FALSE,14461,2300829,425000
2024,1212,Milltown borough,Middlesex,FALSE,6968,1880096.75,0
2024,1213,Monroe township,Middlesex,FALSE,48568,7978778,177500
2024,1214,New Brunswick city,Middlesex,FALSE,55846,4835548.22,0
2024,1215,North Brunswick township,Middlesex,FALSE,44108,4662825,1015000
2024,1216,Perth Amboy city,Middlesex,FALSE,55249,9046292.28,62196.84
2024,1217,Piscataway township,Middlesex,FALSE,60944,4529949,0
2024,1218,Plainsboro township,Middlesex,FALSE,23874,1769043,0
2024,1219,Sayreville borough,Middlesex,FALSE,45496,6198896,2958485
2024,1220,South Amboy city,Middlesex,FALSE,10237,2765500,16000
2024,1221,South Brunswick township,Middlesex,TRUE,46565,NA,NA
2024,1222,South Plainfield borough,Middlesex,FALSE,24131,3047483,111500
2024,1223,South River borough,Middlesex,FALSE,15931,2398000,600000
2024,1224,Spotswood borough,Middlesex,FALSE,8078,835500,280000
2024,1225,Woodbridge township,Middlesex,FALSE,103194,17052845,4697195
2024,1301,Allenhurst borough,Monmouth,FALSE,466,484200,0
2024,1302,Allentown borough,Monmouth,FALSE,1724,492803,0
2024,1303,Asbury Park city,Monmouth,FALSE,15391,2834550,2135000
2024,1304,Atlantic Highlands borough,Monmouth,FALSE,4383,820500,555000
2024,1305,Avon-by-the-Sea borough,Monmouth,FALSE,1933,638700,130000
2024,1306,Belmar borough,Monmouth,TRUE,5816,NA,NA
2024,1307,Bradley Beach borough,Monmouth,FALSE,4219,1659950,0
2024,1308,Brielle borough,Monmouth,FALSE,4920,815000,955000
2024,1309,Colts Neck township,Monmouth,FALSE,9906,2455240.38,40000
2024,1310,Deal borough,Monmouth,FALSE,888,1076950,255000
2024,1311,Eatontown borough,Monmouth,FALSE,13496,5123533,500000
2024,1312,Englishtown borough,Monmouth,FALSE,2342,107300,3300
2024,1313,Fair Haven borough,Monmouth,FALSE,6109,1614950,493000
2024,1314,Farmingdale borough,Monmouth,FALSE,1491,154550,0
2024,1315,Freehold borough,Monmouth,FALSE,12430,1810502,648500
2024,1316,Freehold township,Monmouth,FALSE,35531,4601250,0
2024,1317,Highlands borough,Monmouth,FALSE,4329,841000,695000
2024,1318,Holmdel township,Monmouth,FALSE,17402,3370780,0
2024,1319,Howell township,Monmouth,FALSE,53862,5689023,1155000
2024,1320,Interlaken borough,Monmouth,FALSE,817,345634,28500
2024,1321,Keansburg borough,Monmouth,FALSE,9648,1262450,1193000
2024,1322,Keyport borough,Monmouth,FALSE,7099,1241100,360000
2024,1323,Little Silver borough,Monmouth,FALSE,6053,2149368,252000
2024,1324,Loch Arbour village,Monmouth,FALSE,224,45800,0
2024,1325,Long Branch city,Monmouth,FALSE,32745,8896300,2000000
2024,1326,Manalapan township,Monmouth,FALSE,40506,3269550,4927250
2024,1327,Manasquan borough,Monmouth,FALSE,5877,1391550,424000
2024,1328,Marlboro township,Monmouth,FALSE,41398,5525027.627306284,202049
2024,1329,Matawan borough,Monmouth,FALSE,9704,2009133.31,0
2024,1330,Aberdeen township,Monmouth,TRUE,19230,NA,NA
2024,1331,Middletown township,Monmouth,FALSE,66478,20791791,0
2024,1332,Millstone township,Monmouth,FALSE,10320,1083578.25,402000
2024,1333,Monmouth Beach borough,Monmouth,FALSE,3204,900335,303500
2024,1334,Neptune township,Monmouth,FALSE,27986,4393000,2165000
2024,1335,Neptune City borough,Monmouth,FALSE,4581,1326600,100000
2024,1336,Tinton Falls borough,Monmouth,FALSE,19354,3896600,275000
2024,1337,Ocean township,Monmouth,FALSE,27796,5282418,1495984
2024,1338,Oceanport borough,Monmouth,FALSE,6166,1380361.55,358492.97
2024,1339,Hazlet township,Monmouth,FALSE,20524,3239650,0
2024,1340,Red Bank borough,Monmouth,FALSE,12779,3155498,700000
2024,1341,Roosevelt borough,Monmouth,TRUE,799,NA,NA
2024,1342,Rumson borough,Monmouth,FALSE,7178,2761586.24,625000
2024,1343,Sea Bright borough,Monmouth,FALSE,1425,756000,115000
2024,1344,Sea Girt borough,Monmouth,FALSE,1841,1096782,100000
2024,1345,Shrewsbury borough,Monmouth,FALSE,4149,1180423,248000
2024,1346,Shrewsbury township,Monmouth,FALSE,1071,211000,23000
2024,1347,Lake Como borough,Monmouth,FALSE,1665,560125,92000
2024,1348,Spring Lake borough,Monmouth,FALSE,2751,2096500,207500
2024,1349,Spring Lake Heights borough,Monmouth,FALSE,4834,1124403.39,255500
2024,1350,Union Beach borough,Monmouth,FALSE,5671,1669000,0
2024,1351,Upper Freehold township,Monmouth,FALSE,7203,285944,30000
2024,1352,Wall township,Monmouth,FALSE,26530,6268263.26,0
2024,1353,West Long Branch borough,Monmouth,FALSE,8555,1553370,395000
2024,1401,Boonton town,Morris,FALSE,8821,1866225,543500
2024,1402,Boonton township,Morris,FALSE,4412,1057712,0
2024,1403,Butler borough,Morris,FALSE,8133,2388268,0
2024,1404,Chatham borough,Morris,FALSE,9275,1580910,0
2024,1405,Chatham township,Morris,FALSE,11127,2464880,0
2024,1406,Chester borough,Morris,FALSE,1678,558640,4362.23
2024,1407,Chester township,Morris,FALSE,7706,1858200,0
2024,1408,Denville township,Morris,FALSE,17148,3843478,767000
2024,1409,Dover town,Morris,FALSE,18435,4155270,0
2024,1410,East Hanover township,Morris,FALSE,11137,2768750,0
2024,1411,Florham Park borough,Morris,FALSE,14092,3069303,0
2024,1412,Hanover township,Morris,FALSE,14648,3601750,605000
2024,1413,Harding township,Morris,FALSE,3891,1096900,98000
2024,1414,Jefferson township,Morris,FALSE,20534,2898839,0
2024,1415,Kinnelon borough,Morris,FALSE,10009,2898566.2232,442000
2024,1416,Lincoln Park borough,Morris,FALSE,10951,3610594.5,0
2024,1417,Madison borough,Morris,FALSE,16432,5933299,0
2024,1418,Mendham borough,Morris,FALSE,4970,1248330.1,197431.25
2024,1419,Mendham township,Morris,FALSE,5989,1932495.99,0
2024,1420,Mine Hill township,Morris,FALSE,4006,500000,0
2024,1421,Montville township,Morris,FALSE,22493,2560325,3738180
2024,1422,Morris township,Morris,FALSE,23507,6909179.28,0
2024,1423,Morris Plains borough,Morris,FALSE,6538,2995429.53,300400
2024,1424,Morristown town,Morris,FALSE,20571,8233731.3377369,0
2024,1425,Mountain Lakes borough,Morris,FALSE,4608,778165.81,1082980.54
2024,1426,Mount Arlington borough,Morris,FALSE,5931,1204874.06,48149
2024,1427,Mount Olive township,Morris,FALSE,29249,3284398,0
2024,1428,Netcong borough,Morris,FALSE,3665,351720,5100
2024,1429,Parsippany-Troy Hills township,Morris,FALSE,56289,8307885,2289500
2024,1430,Long Hill township,Morris,FALSE,8613,1489700,875000
2024,1431,Pequannock township,Morris,FALSE,15603,1121050,0
2024,1432,Randolph township,Morris,FALSE,26547,7376901,662000
2024,1433,Riverdale borough,Morris,FALSE,4105,855075,5000
2024,1434,Rockaway borough,Morris,FALSE,6596,1362975,859900
2024,1435,Rockaway township,Morris,FALSE,26368,3421124,454380
2024,1436,Roxbury township,Morris,FALSE,23205,6083419,0
2024,1437,Victory Gardens borough,Morris,TRUE,1583,NA,NA
2024,1438,Washington township,Morris,FALSE,18212,3042350,0
2024,1439,Wharton borough,Morris,FALSE,7346,634549,0
2024,1501,Barnegat Light borough,Ocean,FALSE,652,292000,408500
2024,1502,Bay Head borough,Ocean,FALSE,965,353202,352000
2024,1503,Beach Haven borough,Ocean,FALSE,1069,1582750,240000
2024,1504,Beachwood borough,Ocean,FALSE,11153,1747564.88,600000
2024,1505,Berkeley township,Ocean,FALSE,44856,5847000,2277000
2024,1506,Brick township,Ocean,FALSE,76021,8895854.12,3111541.84
2024,1507,Toms River township,Ocean,FALSE,99091,16732670,4225500
2024,1508,Eagleswood township,Ocean,FALSE,1783,423220,3200
2024,1509,Harvey Cedars borough,Ocean,FALSE,397,805443.74,76358.73
2024,1510,Island Heights borough,Ocean,FALSE,1699,434426,0
2024,1511,Jackson township,Ocean,TRUE,60275,NA,NA
2024,1512,Lacey township,Ocean,FALSE,29714,7133195,1399500
2024,1513,Lakehurst borough,Ocean,FALSE,2703,420750,145000
2024,1514,Lakewood township,Ocean,FALSE,139866,15612200.379,6000000
2024,1515,Lavallette borough,Ocean,FALSE,1843,1469300,199000
2024,1516,Little Egg Harbor township,Ocean,FALSE,21483,2366000,950000
2024,1517,Long Beach township,Ocean,FALSE,3145,3081860,2382000
2024,1518,Manchester township,Ocean,FALSE,46053,4347000,0
2024,1519,Mantoloking borough,Ocean,FALSE,332,647779,260000
2024,1520,Ocean township,Ocean,FALSE,9027,1137500,1353223
2024,1521,Ocean Gate borough,Ocean,FALSE,1991,139476.64,220000
2024,1522,Pine Beach borough,Ocean,FALSE,2193,398670,0
2024,1523,Plumsted township,Ocean,FALSE,8894,231500,0
2024,1524,Point Pleasant borough,Ocean,FALSE,19429,3272600,760000
2024,1525,Point Pleasant Beach borough,Ocean,FALSE,4897,1829001,319000
2024,1526,Seaside Heights borough,Ocean,FALSE,2486,1303441.83,140000
2024,1527,Seaside Park borough,Ocean,FALSE,1471,1480955,173000
2024,1528,Ship Bottom borough,Ocean,FALSE,1114,936750,665000
2024,1529,South Toms River borough,Ocean,FALSE,3736,520850,0
2024,1530,Stafford township,Ocean,FALSE,30261,6991200,1715000
2024,1531,Surf City borough,Ocean,FALSE,1288,1008000,190000
2024,1532,Tuckerton borough,Ocean,FALSE,3681,431500,180000
2024,1533,Barnegat township,Ocean,FALSE,25629,4478300,958000
2024,1601,Bloomingdale borough,Passaic,FALSE,7598,1634014,0
2024,1602,Clifton city,Passaic,FALSE,88461,5793100,9050000
2024,1603,Haledon borough,Passaic,FALSE,8834,1362898,944000
2024,1604,Hawthorne borough,Passaic,FALSE,19496,3564988,562400
2024,1605,Little Falls township,Passaic,FALSE,14399,2381528,616000
2024,1606,North Haledon borough,Passaic,FALSE,8633,2515470,288000
2024,1607,Passaic city,Passaic,FALSE,68903,8406400,2932000
2024,1608,Paterson city,Passaic,TRUE,156452,NA,NA
2024,1609,Pompton Lakes borough,Passaic,FALSE,10874,2144649,405500
2024,1610,Prospect Park borough,Passaic,FALSE,6219,484352,629775
2024,1611,Ringwood borough,Passaic,FALSE,11451,4560780,0
2024,1612,Totowa borough,Passaic,FALSE,10785,2818462,375000
2024,1613,Wanaque borough,Passaic,FALSE,11048,2005241.11,470000
2024,1614,Wayne township,Passaic,FALSE,52764,12570905,66000
2024,1615,West Milford township,Passaic,FALSE,24340,6306699,0
2024,1616,Woodland Park borough,Passaic,FALSE,13138,2069313,1524250
2024,1701,Alloway township,Salem,FALSE,3319,347500,119000
2024,1702,Elmer borough,Salem,FALSE,1368,182602,65700
2024,1703,Elsinboro township,Salem,FALSE,1006,155719,35500
2024,1704,Lower Alloways Creek township,Salem,FALSE,1736,796000,293000
2024,1705,Mannington township,Salem,FALSE,1468,207600,1500
2024,1706,Oldmans township,Salem,FALSE,1928,153000,114350
2024,1707,Penns Grove borough,Salem,FALSE,4865,289208,558680
2024,1708,Pennsville township,Salem,FALSE,12765,2629045,586400
2024,1709,Pilesgrove township,Salem,FALSE,4224,528470,2511.12
2024,1710,Pittsgrove township,Salem,FALSE,8888,792720,237500
2024,1711,Quinton township,Salem,FALSE,2614,540424,12879
2024,1712,Salem city,Salem,FALSE,5325,753105,304000
2024,1713,Carneys Point township,Salem,FALSE,8640,946150,392000
2024,1714,Upper Pittsgrove township,Salem,FALSE,3464,383000,151500
2024,1715,Woodstown borough,Salem,FALSE,3728,246500,86500
2024,1801,Bedminster township,Somerset,FALSE,8179,1514143,0
2024,1802,Bernards township,Somerset,FALSE,28100,5210928,268957
2024,1803,Bernardsville borough,Somerset,FALSE,7837,2155872,163200
2024,1804,Bound Brook borough,Somerset,FALSE,12371,2080432.42,0
2024,1805,Branchburg township,Somerset,FALSE,15246,2929000,0
2024,1806,Bridgewater township,Somerset,FALSE,45814,2907142.12,0
2024,1807,Far Hills borough,Somerset,FALSE,914,140960,0
2024,1808,Franklin township,Somerset,FALSE,68233,3782344.23,514127
2024,1809,Green Brook township,Somerset,FALSE,7291,835135,0
2024,1810,Hillsborough township,Somerset,FALSE,44135,4054374.45,0
2024,1811,Manville borough,Somerset,FALSE,10779,2370250,0
2024,1812,Millstone borough,Somerset,FALSE,446,92500,0
2024,1813,Montgomery township,Somerset,FALSE,23719,3318114.15,321000
2024,1814,North Plainfield borough,Somerset,FALSE,22566,2280000,0
2024,1815,Peapack and Gladstone borough,Somerset,FALSE,2538,1113320,89000
2024,1816,Raritan borough,Somerset,FALSE,8422,1756700,0
2024,1817,Rocky Hill borough,Somerset,FALSE,740,373142.66,94444.87
2024,1818,Somerville borough,Somerset,FALSE,14112,1763700,1180000
2024,1819,South Bound Brook borough,Somerset,FALSE,4811,492726.53,310000
2024,1820,Warren township,Somerset,FALSE,16155,3790780,0
2024,1821,Watchung borough,Somerset,FALSE,6434,1481000,0
2024,1901,Andover borough,Sussex,FALSE,603,15500,24059
2024,1902,Andover township,Sussex,FALSE,5635,1290395,702000
2024,1903,Branchville borough,Sussex,FALSE,808,226275,160000
2024,1904,Byram township,Sussex,FALSE,8152,2131524,1028200
2024,1905,Frankford township,Sussex,FALSE,5304,1120000,16500
2024,1906,Franklin borough,Sussex,FALSE,5008,610963,582000
2024,1907,Fredon township,Sussex,FALSE,3293,1034923,0
2024,1908,Green township,Sussex,FALSE,3683,792801,465000
2024,1909,Hamburg borough,Sussex,FALSE,3331,223900,0
2024,1910,Hampton township,Sussex,FALSE,4902,1717100,0
2024,1911,Hardyston township,Sussex,FALSE,8409,1306284.2,0
2024,1912,Hopatcong borough,Sussex,FALSE,14622,2342310,1498500
2024,1913,Lafayette township,Sussex,FALSE,2400,505010,0
2024,1914,Montague township,Sussex,FALSE,3850,561600,0
2024,1915,Newton town,Sussex,FALSE,8240,1434801,400
2024,1916,Ogdensburg borough,Sussex,FALSE,2293,324650,265051
2024,1917,Sandyston township,Sussex,FALSE,2006,268600,1300
2024,1918,Sparta township,Sussex,FALSE,20195,2911562,0
2024,1919,Stanhope borough,Sussex,FALSE,3575,495389,483321
2024,1920,Stillwater township,Sussex,FALSE,4063,967550,0
2024,1921,Sussex borough,Sussex,FALSE,2050,294000,8000
2024,1922,Vernon township,Sussex,FALSE,22711,3362850,0
2024,1923,Walpack township,Sussex,FALSE,6,1800,0
2024,1924,Wantage township,Sussex,FALSE,10993,1174289,0
2024,2001,Berkeley Heights township,Union,FALSE,13293,4367170,0
2024,2002,Clark township,Union,FALSE,15431,2318947,0
2024,2003,Cranford township,Union,FALSE,23741,4005300,0
2024,2004,Elizabeth city,Union,FALSE,135829,25411974,12850000
2024,2005,Fanwood borough,Union,FALSE,7655,942084.3,0
2024,2006,Garwood borough,Union,FALSE,5161,970775,317200
2024,2007,Hillside township,Union,FALSE,21991,5215000,0
2024,2008,Kenilworth borough,Union,FALSE,8259,1852452,0
2024,2009,Linden city,Union,FALSE,43950,12172800,93500
2024,2010,Mountainside borough,Union,FALSE,6924,1176000,1080000
2024,2011,New Providence borough,Union,FALSE,13488,1873200,2950967
2024,2012,Plainfield city,Union,FALSE,54670,4656741,0
2024,2013,Rahway city,Union,FALSE,29813,7479000,0
2024,2014,Roselle borough,Union,FALSE,22342,4217403.75,1302000
2024,2015,Roselle Park borough,Union,FALSE,13932,3444988,0
2024,2016,Scotch Plains township,Union,FALSE,24430,3061559.0768986666,0
2024,2017,Springfield township,Union,FALSE,16846,2969870,2160500
2024,2018,Summit city,Union,FALSE,22344,4665607,1020000
2024,2019,Union township,Union,FALSE,60676,13095630,0
2024,2020,Westfield town,Union,FALSE,30559,6316921.76,200000
2024,2021,Winfield township,Union,FALSE,1392,58000,0
2024,2101,Allamuchy township,Warren,FALSE,5446,620238,0
2024,2102,Alpha borough,Warren,FALSE,2348,616400,0
2024,2103,Belvidere town,Warren,FALSE,2536,426200,1500
2024,2104,Blairstown township,Warren,FALSE,5757,518501,6275
2024,2105,Franklin township,Warren,FALSE,3000,450000,14200
2024,2106,Frelinghuysen township,Warren,FALSE,2224,314285,0
2024,2107,Greenwich township,Warren,FALSE,5503,537026,0
2024,2108,Hackettstown town,Warren,FALSE,10125,1071884,0
2024,2109,Hardwick township,Warren,FALSE,1610,385000,2
2024,2110,Harmony township,Warren,FALSE,2525,549664,5392
2024,2111,Hope township,Warren,FALSE,1851,286500,0
2024,2112,Independence township,Warren,FALSE,5519,532679,0
2024,2113,Knowlton township,Warren,FALSE,2926,499800,9400
2024,2114,Liberty township,Warren,FALSE,2688,408500,0
2024,2115,Lopatcong township,Warren,FALSE,9431,941900,0
2024,2116,Mansfield township,Warren,FALSE,7876,829605,0
2024,2117,Oxford township,Warren,FALSE,2464,472200,0
2024,2119,Phillipsburg town,Warren,FALSE,15328,2619180,651000
2024,2120,Pohatcong township,Warren,FALSE,3276,618400,0
2024,2121,Washington borough,Warren,FALSE,7335,864447.37,0
2024,2122,Washington township,Warren,FALSE,6780,1121200,0
2024,2123,White township,Warren,FALSE,4704,481500,0
2025,0101,Absecon city,Atlantic,FALSE,9249,497000,894000
2025,0102,Atlantic City,Atlantic,FALSE,38959,15066731,0
2025,0103,Brigantine city,Atlantic,FALSE,7697,5330840,0
2025,0104,Buena borough,Atlantic,FALSE,4555,436675,421000
2025,0105,Buena Vista township,Atlantic,FALSE,7197,1374250,294600
2025,0106,Corbin City city,Atlantic,FALSE,486,78601,0
2025,0107,Egg Harbor City city,Atlantic,FALSE,4442,477690,557500
2025,0108,Egg Harbor township,Atlantic,FALSE,48538,5280892,2043533
2025,0109,Estell Manor city,Atlantic,FALSE,1699,129100,214000
2025,0110,Folsom borough,Atlantic,FALSE,1840,214001,209500
2025,0111,Galloway township,Atlantic,FALSE,38347,2838740,131800
2025,0112,Hamilton township,Atlantic,FALSE,28669,5228800,0
2025,0113,Hammonton town,Atlantic,FALSE,15036,2053941.3,0
2025,0114,Linwood city,Atlantic,FALSE,7072,1274270,858520
2025,0115,Longport borough,Atlantic,FALSE,884,535000,182500
2025,0116,Margate City city,Atlantic,FALSE,5239,3496300,10000
2025,0117,Mullica township,Atlantic,FALSE,5878,467501,210000
2025,0118,Northfield city,Atlantic,FALSE,8527,848201,910000
2025,0119,Pleasantville city,Atlantic,FALSE,20924,3224190,0
2025,0120,Port Republic city,Atlantic,FALSE,1131,203500,98000
2025,0121,Somers Point city,Atlantic,FALSE,10611,2271200,342000
2025,0122,Ventnor City city,Atlantic,FALSE,9372,203500,98000
2025,0123,Weymouth township,Atlantic,FALSE,2762,309200,182000
2025,0201,Allendale borough,Bergen,FALSE,6928,1393000,922000
2025,0202,Alpine borough,Bergen,FALSE,1774,550100,0
2025,0203,Bergenfield borough,Bergen,FALSE,28921,5745234,1221526
2025,0204,Bogota borough,Bergen,FALSE,9799,1765100,385000
2025,0205,Carlstadt borough,Bergen,FALSE,6454,3483335.29,0
2025,0206,Cliffside Park borough,Bergen,FALSE,26183,3577000,1000000
2025,0207,Closter borough,Bergen,FALSE,8730,3046087,322750
2025,0208,Cresskill borough,Bergen,FALSE,9311,3546650,392000
2025,0209,Demarest borough,Bergen,FALSE,4941,2182943,0
2025,0210,Dumont borough,Bergen,FALSE,18606,2672157,2669000
2025,0211,Elmwood Park borough,Bergen,FALSE,21680,1940000,2585000
2025,0212,East Rutherford borough,Bergen,FALSE,10624,3808000,500000
2025,0213,Edgewater borough,Bergen,FALSE,15116,2778850,1186000
2025,0214,Emerson borough,Bergen,FALSE,7413,2599482,212036
2025,0215,Englewood city,Bergen,FALSE,30221,7007400,1561000
2025,0216,Englewood Cliffs borough,Bergen,FALSE,5443,2608340,600000
2025,0217,Fair Lawn borough,Bergen,FALSE,36489,6019150,2890000
2025,0218,Fairview borough,Bergen,FALSE,15606,2486600,0
2025,0219,Fort Lee borough,Bergen,FALSE,40566,5800954,4420080
2025,0220,Franklin Lakes borough,Bergen,FALSE,11251,3731892,502000
2025,0221,Garfield city,Bergen,FALSE,33530,5578930,0
2025,0222,Glen Rock borough,Bergen,FALSE,12346,4467401,1204945
2025,0223,Hackensack city,Bergen,FALSE,46630,6405000,2000000
2025,0224,Harrington Park borough,Bergen,FALSE,5088,871278,757000
2025,0225,Hasbrouck Heights borough,Bergen,FALSE,12253,3085900,575000
2025,0226,Haworth borough,Bergen,FALSE,3450,1824711,0
2025,0227,Hillsdale borough,Bergen,FALSE,10266,3385603.9738,0
2025,0228,Ho-Ho-Kus borough,Bergen,FALSE,4342,1313000,0
2025,0229,Leonia borough,Bergen,FALSE,9492,2556300,0
2025,0230,Little Ferry borough,Bergen,FALSE,11137,1903369,760000
2025,0231,Lodi borough,Bergen,FALSE,26358,2950300,120000
2025,0232,Lyndhurst township,Bergen,FALSE,22642,4103300,1311995
2025,0233,Mahwah township,Bergen,FALSE,25806,6654325,41730
2025,0234,Maywood borough,Bergen,FALSE,10221,2950300,120000
2025,0235,Midland Park borough,Bergen,FALSE,7104,1686900,225000
2025,0236,Montvale borough,Bergen,FALSE,9663,1418400,1140000
2025,0237,Moonachie borough,Bergen,FALSE,3168,930000,408200
2025,0238,New Milford borough,Bergen,FALSE,17229,4455500,1695653
2025,0239,North Arlington borough,Bergen,FALSE,16694,2195000,790000
2025,0240,Northvale borough,Bergen,FALSE,4979,1221900,1660000
2025,0241,Norwood borough,Bergen,FALSE,5854,2099740,0
2025,0242,Oakland borough,Bergen,FALSE,12926,4234199.998785,0
2025,0243,Old Tappan borough,Bergen,FALSE,6342,1360556,0
2025,0244,Oradell borough,Bergen,FALSE,8344,3019294,326700
2025,0245,Palisades Park borough,Bergen,FALSE,20520,1340000,5153809.74
2025,0246,Paramus borough,Bergen,FALSE,26786,11213200,1125000
2025,0247,Park Ridge borough,Bergen,FALSE,9634,2618358,90000
2025,0248,Ramsey borough,Bergen,FALSE,15003,2813695.68,2915000
2025,0249,Ridgefield borough,Bergen,FALSE,11666,2692880,444515
2025,0250,Ridgefield Park village,Bergen,FALSE,13400,3184000,997000
2025,0251,Ridgewood village,Bergen,TRUE,26701,NA,NA
2025,0252,River Edge borough,Bergen,FALSE,12235,3903300,463500
2025,0253,River Vale township,Bergen,FALSE,10407,2719530,0
2025,0254,Rochelle Park township,Bergen,FALSE,6002,778000,1770282
2025,0255,Rockleigh borough,Bergen,FALSE,406,103221,250
2025,0256,Rutherford borough,Bergen,FALSE,19214,4328900,910000
2025,0257,Saddle Brook township,Bergen,FALSE,14516,4104600,105000
2025,0258,Saddle River borough,Bergen,FALSE,3443,1962200,138000
2025,0259,South Hackensack township,Bergen,FALSE,2752,1035000,140000
2025,0260,Teaneck township,Bergen,FALSE,42578,9213610,0
2025,0261,Tenafly borough,Bergen,FALSE,15455,5727597,0
2025,0262,Teterboro borough,Bergen,FALSE,71,690000,0
2025,0263,Upper Saddle River borough,Bergen,FALSE,8696,1151550,1224000
2025,0264,Waldwick borough,Bergen,FALSE,10308,2327500,360000
2025,0265,Wallington borough,Bergen,FALSE,12060,1733000,0
2025,0266,Washington township,Bergen,FALSE,9437,1737737,82000
2025,0267,Westwood borough,Bergen,FALSE,11434,3358000,26335
2025,0268,Woodcliff Lake borough,Bergen,FALSE,6234,1917400,236000
2025,0269,Wood-Ridge borough,Bergen,FALSE,10397,4360000,0
2025,0270,Wyckoff township,Bergen,FALSE,17366,4685587,660000
2025,0301,Bass River township,Burlington,FALSE,1382,371000,5300
2025,0302,Beverly city,Burlington,FALSE,2543,332150,118000
2025,0303,Bordentown city,Burlington,FALSE,4068,1103147,214245
2025,0304,Bordentown township,Burlington,FALSE,12732,2000162,400000
2025,0305,Burlington city,Burlington,FALSE,10143,2302900,494000
2025,0306,Burlington township,Burlington,FALSE,24392,4639267,0
2025,0307,Chesterfield township,Burlington,FALSE,9022,795700,0
2025,0308,Cinnaminson township,Burlington,FALSE,17724,1890154,1964947
2025,0309,Delanco township,Burlington,FALSE,4953,1059052,242915
2025,0310,Delran township,Burlington,FALSE,18717,3258634,685000
2025,0311,Eastampton township,Burlington,FALSE,6524,697800,255800
2025,0312,Edgewater Park township,Burlington,FALSE,9196,1115050,281000
2025,0313,Evesham township,Burlington,FALSE,49050,5599950,3190000
2025,0314,Fieldsboro borough,Burlington,FALSE,547,51300,79178.2
2025,0315,Florence township,Burlington,FALSE,13247,1916588,55700
2025,0316,Hainesport township,Burlington,FALSE,6128,733153,342597
2025,0317,Lumberton township,Burlington,FALSE,13040,1291200,0
2025,0318,Mansfield township,Burlington,FALSE,9091,1573504.3,357000
2025,0319,Maple Shade township,Burlington,FALSE,20322,1973065,1525000
2025,0320,Medford township,Burlington,FALSE,25294,3436070,1053950
2025,0321,Medford Lakes borough,Burlington,FALSE,4347,657975,200000
2025,0322,Moorestown township,Burlington,FALSE,21796,3894355,855000
2025,0323,Mount Holly township,Burlington,FALSE,10172,1462303,385000
2025,0324,Mount Laurel township,Burlington,FALSE,47211,5830250,1860000
2025,0325,New Hanover township,Burlington,FALSE,6339,144350,81000
2025,0326,North Hanover township,Burlington,FALSE,8102,370025,139010
2025,0327,Palmyra borough,Burlington,FALSE,7587,1508464,300000
2025,0328,Pemberton borough,Burlington,FALSE,1392,18000,156186.85
2025,0329,Pemberton township,Burlington,FALSE,27333,3455728.09,2450288
2025,0330,Riverside township,Burlington,FALSE,8146,1178448.36,419250
2025,0331,Riverton borough,Burlington,FALSE,2816,638278,128000
2025,0332,Shamong township,Burlington,FALSE,6582,620572.55,0
2025,0333,Southampton township,Burlington,FALSE,10458,1582775,435000
2025,0334,Springfield township,Burlington,FALSE,3293,348499,133000
2025,0335,Tabernacle township,Burlington,FALSE,6948,1520850,15000
2025,0336,Washington township,Burlington,FALSE,717,120500,136000
2025,0337,Westampton township,Burlington,FALSE,9350,1536466,381729
2025,0338,Willingboro township,Burlington,FALSE,32511,3729623.18,3026000
2025,0339,Woodland township,Burlington,FALSE,1569,232425,0
2025,0340,Wrightstown borough,Burlington,FALSE,731,117409.52,89740
2025,0401,Audubon borough,Camden,FALSE,8801,1863012,414982
2025,0402,Audubon Park borough,Camden,FALSE,1000,97000,0
2025,0403,Barrington borough,Camden,FALSE,7140,1149528.4,718102
2025,0404,Bellmawr borough,Camden,FALSE,11846,2718514.24,0
2025,0405,Berlin borough,Camden,FALSE,7614,1121900,460000
2025,0406,Berlin township,Camden,FALSE,6044,1212987,365000
2025,0407,Brooklawn borough,Camden,FALSE,1831,117800,92500
2025,0408,Camden city,Camden,FALSE,71749,31505400,0
2025,0409,Cherry Hill township,Camden,FALSE,78988,11502147,3027500
2025,0410,Chesilhurst borough,Camden,FALSE,1558,278899,233512
2025,0411,Clementon borough,Camden,FALSE,5600,543850,198500
2025,0412,Collingswood borough,Camden,FALSE,14344,1661851,592500
2025,0413,Gibbsboro borough,Camden,FALSE,2264,671100,0
2025,0414,Gloucester City city,Camden,FALSE,11618,2518950,595000
2025,0415,Gloucester township,Camden,FALSE,66896,10990450,2420000
2025,0416,Haddon township,Camden,FALSE,15612,3192950,700000
2025,0417,Haddonfield borough,Camden,FALSE,12707,2898580,700000
2025,0418,Haddon Heights borough,Camden,FALSE,7588,958462.56,424000
2025,0419,Hi-Nella borough,Camden,FALSE,938,81750,0
2025,0420,Laurel Springs borough,Camden,FALSE,2003,228400,107500
2025,0421,Lawnside borough,Camden,FALSE,3333,638710,275000
2025,0422,Lindenwold borough,Camden,FALSE,21919,2089264,878900
2025,0423,Magnolia borough,Camden,FALSE,4396,721000,203000
2025,0424,Merchantville borough,Camden,FALSE,4226,586395,198000
2025,0425,Mount Ephraim borough,Camden,FALSE,4700,674000,8000
2025,0426,Oaklyn borough,Camden,FALSE,3979,911156.75,234412
2025,0427,Pennsauken township,Camden,FALSE,37665,2646850,0
2025,0428,Pine Hill borough,Camden,FALSE,10894,1527656,622322
2025,0430,Runnemede borough,Camden,FALSE,8425,1312100,415000
2025,0431,Somerdale borough,Camden,FALSE,5712,572000,220000
2025,0432,Stratford borough,Camden,FALSE,7185,213975.99,682125.29
2025,0433,Tavistock borough,Camden,FALSE,2,6525,0
2025,0434,Voorhees township,Camden,FALSE,31473,4109023,1040000
2025,0435,Waterford township,Camden,FALSE,10539,3713500,0
2025,0436,Winslow township,Camden,FALSE,40458,2315050,5076862
2025,0437,Woodlynne borough,Camden,FALSE,2941,278500,151000
2025,0501,Avalon borough,Cape May,FALSE,1216,4080863,305000
2025,0502,Cape May city,Cape May,FALSE,2742,2998700,0
2025,0503,Cape May Point borough,Cape May,FALSE,297,443475,0
2025,0504,Dennis township,Cape May,FALSE,6098,1125000,265000
2025,0505,Lower township,Cape May,FALSE,21705,3785350,825000
2025,0506,Middle township,Cape May,FALSE,19944,3896250,580000
2025,0507,North Wildwood city,Cape May,FALSE,3555,4794891.52,400000
2025,0508,Ocean City city,Cape May,FALSE,11219,13105400,0
2025,0509,Sea Isle City city,Cape May,FALSE,2122,3469975.13,0
2025,0510,Stone Harbor borough,Cape May,FALSE,784,3185120,0
2025,0511,Upper township,Cape May,FALSE,12406,4379400,0
2025,0512,West Cape May borough,Cape May,FALSE,995,226150,172500
2025,0513,West Wildwood borough,Cape May,FALSE,536,429500,40000
2025,0514,Wildwood city,Cape May,FALSE,5098,4369882,430000
2025,0515,Wildwood Crest borough,Cape May,FALSE,3036,2691400,350000
2025,0516,Woodbine borough,Cape May,FALSE,2122,324149,75000
2025,0601,Bridgeton city,Cumberland,FALSE,27722,1555650,0
2025,0602,Commercial township,Cumberland,FALSE,4724,897492,199500
2025,0603,Deerfield township,Cumberland,FALSE,3216,188751,655
2025,0604,Downe township,Cumberland,FALSE,1401,270483,152772
2025,0605,Fairfield township,Cumberland,FALSE,5395,421250,0
2025,0606,Greenwich township,Cumberland,FALSE,773,43835,40000
2025,0607,Hopewell township,Cumberland,FALSE,4452,201900,193425
2025,0608,Lawrence township,Cumberland,FALSE,3130,380000,159000
2025,0609,Maurice River township,Cumberland,FALSE,5184,905000,166000
2025,0610,Millville city,Cumberland,FALSE,27838,1720950,100000
2025,0611,Shiloh borough,Cumberland,FALSE,453,48750,100
2025,0612,Stow Creek township,Cumberland,FALSE,1342,118500,55000
2025,0613,Upper Deerfield township,Cumberland,FALSE,7978,607000,229770
2025,0614,Vineland city,Cumberland,FALSE,62070,5573362,0
2025,0701,Belleville township,Essex,FALSE,38672,4057500,4150000
2025,0702,Bloomfield township,Essex,FALSE,55416,3361600,5300000
2025,0703,Caldwell borough,Essex,FALSE,9326,1743600,0
2025,0704,Cedar Grove township,Essex,FALSE,13766,971660,0
2025,0705,East Orange city,Essex,FALSE,71850,20182980,0
2025,0706,Essex Fells borough,Essex,FALSE,2220,742595,0
2025,0707,Fairfield township,Essex,FALSE,8204,1299000,1425000
2025,0708,Glen Ridge borough,Essex,FALSE,8204,3283900,0
2025,0709,Irvington township,Essex,FALSE,61838,4889957.92,6267000
2025,0710,Livingston township,Essex,FALSE,32160,6979722,1270020
2025,0711,Maplewood township,Essex,FALSE,26127,5575800,0
2025,0712,Millburn township,Essex,FALSE,22756,7000500,3145700
2025,0713,Montclair township,Essex,FALSE,41076,5247390.574,4565177.45
2025,0714,Newark city,Essex,TRUE,317303,NA,NA
2025,0715,North Caldwell borough,Essex,FALSE,6769,818010,810585.57
2025,0716,Nutley township,Essex,FALSE,30508,2627750,2967152
2025,0717,City of Orange township,Essex,FALSE,35079,7241434,0
2025,0718,Roseland borough,Essex,FALSE,6370,1286935,687600
2025,0719,South Orange Village township,Essex,FALSE,18736,3380813,0
2025,0720,Verona township,Essex,FALSE,14779,4713800,12764
2025,0721,West Caldwell township,Essex,FALSE,11157,1695614.43,450000
2025,0722,West Orange township,Essex,TRUE,49211,NA,NA
2025,0801,Clayton borough,Gloucester,FALSE,9016,1405450,326500
2025,0802,Deptford township,Gloucester,FALSE,32570,4975000,1400000
2025,0803,East Greenwich township,Gloucester,FALSE,12565,961900,0
2025,0804,Elk township,Gloucester,FALSE,4506,651100,233000
2025,0805,Franklin township,Gloucester,FALSE,16691,1500250,935000
2025,0806,Glassboro borough,Gloucester,FALSE,24322,3652918,877620
2025,0807,Greenwich township,Gloucester,FALSE,5033,2528500,220000
2025,0808,Harrison township,Gloucester,FALSE,13924,927530,629000
2025,0809,Logan township,Gloucester,FALSE,6116,1564300,2000
2025,0810,Mantua township,Gloucester,FALSE,15565,1991700,690000
2025,0811,Monroe township,Gloucester,FALSE,38043,4957800,1970000
2025,0812,National Park borough,Gloucester,FALSE,3085,318200,154000
2025,0813,Newfield borough,Gloucester,FALSE,1812,228642.75,0
2025,0814,Paulsboro borough,Gloucester,FALSE,6316,1154000,391000
2025,0815,Pitman borough,Gloucester,FALSE,8943,1350670,686000
2025,0816,South Harrison township,Gloucester,FALSE,3472,317100,110000
2025,0817,Swedesboro borough,Gloucester,FALSE,2766,351550,136500
2025,0818,Washington township,Gloucester,FALSE,49756,9597650,2471000
2025,0819,Wenonah borough,Gloucester,FALSE,2328,192725.05,94000
2025,0820,West Deptford township,Gloucester,FALSE,22653,3493680,1200000
2025,0821,Westville borough,Gloucester,FALSE,4350,1019400,0
2025,0822,Woodbury city,Gloucester,FALSE,10138,2873000,10000
2025,0823,Woodbury Heights borough,Gloucester,FALSE,3155,388700,132500
2025,0824,Woolwich township,Gloucester,FALSE,14658,355000,497000
2025,0901,Bayonne city,Hudson,FALSE,74532,9512233,3900000
2025,0902,East Newark borough,Hudson,FALSE,2539,326500,343400
2025,0903,Guttenberg town,Hudson,FALSE,11945,2488000,0
2025,0904,Harrison town,Hudson,FALSE,22182,2898070,2340000
2025,0905,Hoboken city,Hudson,FALSE,59149,3279274.48,8396061.61
2025,0906,Jersey City city,Hudson,FALSE,302824,42055801,0
2025,0907,Kearny town,Hudson,FALSE,40866,4501000,10369000
2025,0908,North Bergen township,Hudson,FALSE,61668,6385520,8411550
2025,0909,Secaucus town,Hudson,FALSE,22710,12502333,1717000
2025,0910,Union City city,Hudson,FALSE,66918,6790000,7400000
2025,0911,Weehawken township,Hudson,FALSE,17877,3602102,0
2025,0912,West New York town,Hudson,FALSE,52975,4950000,3630000
2025,1001,Alexandria township,Hunterdon,FALSE,4845,698477,0
2025,1002,Bethlehem township,Hunterdon,FALSE,3774,662100,0
2025,1003,Bloomsbury borough,Hunterdon,TRUE,802,NA,NA
2025,1004,Califon borough,Hunterdon,FALSE,1018,166500,0
2025,1005,Clinton town,Hunterdon,FALSE,2793,516665,15000
2025,1006,Clinton township,Hunterdon,FALSE,13405,1478758.62,0
2025,1007,Delaware township,Hunterdon,FALSE,4592,1045975,0
2025,1008,East Amwell township,Hunterdon,FALSE,3948,557403,100
2025,1009,Flemington borough,Hunterdon,FALSE,4905,806697,509400
2025,1010,Franklin township,Hunterdon,FALSE,3307,438509,0
2025,1011,Frenchtown borough,Hunterdon,FALSE,1495,236570,185000
2025,1012,Glen Gardner borough,Hunterdon,FALSE,1691,259637.35,75500
2025,1013,Hampton borough,Hunterdon,FALSE,1449,229460.09,43500
2025,1014,High Bridge borough,Hunterdon,FALSE,3607,428000,0
2025,1015,Holland township,Hunterdon,FALSE,5232,1073955,0
2025,1016,Kingwood township,Hunterdon,FALSE,3863,955000,0
2025,1017,Lambertville city,Hunterdon,FALSE,4197,289910,469380
2025,1018,Lebanon borough,Hunterdon,FALSE,1675,330400,94500
2025,1019,Lebanon township,Hunterdon,FALSE,6237,1116100,0
2025,1020,Milford borough,Hunterdon,FALSE,1226,209400,220000
2025,1021,Raritan township,Hunterdon,FALSE,25288,2582557,50000
2025,1022,Readington township,Hunterdon,FALSE,16371,3194501,182500
2025,1023,Stockton borough,Hunterdon,FALSE,499,153700,0
2025,1024,Tewksbury township,Hunterdon,FALSE,5919,1129850,11000
2025,1025,Union township,Hunterdon,FALSE,6536,714000,0
2025,1026,West Amwell township,Hunterdon,FALSE,3034,660180.99,81100
2025,1101,East Windsor township,Mercer,FALSE,30436,1205894,0
2025,1102,Ewing township,Mercer,FALSE,35858,3425000,3175000
2025,1103,Hamilton township,Mercer,FALSE,93911,19791591.87,6000000
2025,1104,Hightstown borough,Mercer,FALSE,5978,962949,241500
2025,1105,Hopewell borough,Mercer,FALSE,1938,485450,88350
2025,1106,Hopewell township,Mercer,FALSE,17916,2867000,1000
2025,1107,Lawrence township,Mercer,FALSE,32388,4792252.6,1349000
2025,1108,Pennington borough,Mercer,FALSE,2906,849400,0
2025,1111,Trenton city,Mercer,FALSE,91193,15320711,6727500
2025,1112,Robbinsville township,Mercer,FALSE,15928,2450864.21,676216.96
2025,1113,West Windsor township,Mercer,FALSE,32241,2869425,2548000
2025,1114,Princeton borough,Mercer,FALSE,31445,7166809,0
2025,1201,Carteret borough,Middlesex,FALSE,26003,5487334.25,0
2025,1202,Cranbury township,Middlesex,FALSE,4170,792976,0
2025,1203,Dunellen borough,Middlesex,FALSE,8411,794810,26000
2025,1204,East Brunswick township,Middlesex,FALSE,51086,5469600,4755000
2025,1205,Edison township,Middlesex,FALSE,110002,10914643.01,0
2025,1206,Helmetta borough,Middlesex,FALSE,2504,792976,0
2025,1207,Highland Park borough,Middlesex,FALSE,15386,2284546,685000
2025,1208,Jamesburg borough,Middlesex,TRUE,5869,NA,NA
2025,1209,Old Bridge township,Middlesex,FALSE,70506,5850671,0
2025,1210,Metuchen borough,Middlesex,FALSE,15470,3179100,358000
2025,1211,Middlesex borough,Middlesex,FALSE,14874,2370159,425000
2025,1212,Milltown borough,Middlesex,FALSE,7170,1880096.75,0
2025,1213,Monroe township,Middlesex,FALSE,50157,8070629,177500
2025,1214,New Brunswick city,Middlesex,FALSE,57487,5006836.4399999995,0
2025,1215,North Brunswick township,Middlesex,FALSE,45323,6263950,0
2025,1216,Perth Amboy city,Middlesex,FALSE,56939,9050646.28,62421.99
2025,1217,Piscataway township,Middlesex,FALSE,62733,4394853,902574
2025,1218,Plainsboro township,Middlesex,FALSE,24558,1856873,0
2025,1219,Sayreville borough,Middlesex,FALSE,47165,9909241,1330000
2025,1220,South Amboy city,Middlesex,FALSE,10549,2796590,16000
2025,1221,South Brunswick township,Middlesex,TRUE,47896,NA,NA
2025,1222,South Plainfield borough,Middlesex,FALSE,25062,3214002,103500
2025,1223,South River borough,Middlesex,FALSE,16392,2365000,620000
2025,1224,Spotswood borough,Middlesex,FALSE,8306,NA,NA
2025,1225,Woodbridge township,Middlesex,FALSE,106101,17942815,4400000
2025,1301,Allenhurst borough,Monmouth,FALSE,467,807254.1,0
2025,1302,Allentown borough,Monmouth,FALSE,1731,484925,0
2025,1303,Asbury Park city,Monmouth,FALSE,15473,3349175,2271125
2025,1304,Atlantic Highlands borough,Monmouth,FALSE,4402,1220000,240000
2025,1305,Avon-by-the-Sea borough,Monmouth,FALSE,1944,604725,135000
2025,1306,Belmar borough,Monmouth,FALSE,5846,1142840,1242880
2025,1307,Bradley Beach borough,Monmouth,FALSE,4140,1157500,459000
2025,1308,Brielle borough,Monmouth,FALSE,4938,827000,955000
2025,1309,Colts Neck township,Monmouth,FALSE,9961,2553815.34,45000
2025,1310,Deal borough,Monmouth,FALSE,891,50600,0
2025,1311,Eatontown borough,Monmouth,FALSE,13582,5402973,600000
2025,1312,Englishtown borough,Monmouth,FALSE,2343,145500,3300
2025,1313,Fair Haven borough,Monmouth,FALSE,6114,1826802.9,468000
2025,1314,Farmingdale borough,Monmouth,FALSE,1495,156050,0
2025,1315,Freehold borough,Monmouth,FALSE,12530,2144900,618000
2025,1316,Freehold township,Monmouth,FALSE,35800,4659250,0
2025,1317,Highlands borough,Monmouth,FALSE,4337,1152749.76,840000
2025,1318,Holmdel township,Monmouth,FALSE,17488,3724800,0
2025,1319,Howell township,Monmouth,FALSE,54397,5516670,1160000
2025,1320,Interlaken borough,Monmouth,FALSE,823,353680,28500
2025,1321,Keansburg borough,Monmouth,FALSE,9689,1326000,1470000
2025,1322,Keyport borough,Monmouth,FALSE,7182,1321900,360000
2025,1323,Little Silver borough,Monmouth,FALSE,6101,2251935,252000
2025,1324,Loch Arbour village,Monmouth,FALSE,227,50600,0
2025,1325,Long Branch city,Monmouth,FALSE,33214,8960500,2150000
2025,1326,Manalapan township,Monmouth,FALSE,40762,3487200,4837001
2025,1327,Manasquan borough,Monmouth,FALSE,5925,1514125,424000
2025,1328,Marlboro township,Monmouth,FALSE,41852,5717901.649474788,1000
2025,1329,Matawan borough,Monmouth,FALSE,9739,2146036.25,0
2025,1330,Aberdeen township,Monmouth,FALSE,19376,1094250,0
2025,1331,Middletown township,Monmouth,FALSE,66940,20597257,0
2025,1332,Millstone township,Monmouth,FALSE,10378,1171000,418800
2025,1333,Monmouth Beach borough,Monmouth,FALSE,3218,968906.26,295500
2025,1334,Neptune township,Monmouth,FALSE,28210,4404500,2265000
2025,1335,Neptune City borough,Monmouth,FALSE,4599,1397400,100000
2025,1336,Tinton Falls borough,Monmouth,FALSE,19435,4032500,285000
2025,1337,Ocean township,Monmouth,FALSE,27992,5611746,1549151
2025,1338,Oceanport borough,Monmouth,FALSE,6383,1508500,350000
2025,1339,Hazlet township,Monmouth,FALSE,20641,3227505,0
2025,1340,Red Bank borough,Monmouth,FALSE,12830,3356400,710000
2025,1341,Roosevelt borough,Monmouth,FALSE,802,171687,38400
2025,1342,Rumson borough,Monmouth,FALSE,7191,2829185,650000
2025,1343,Sea Bright borough,Monmouth,FALSE,1445,737076.57,135000
2025,1344,Sea Girt borough,Monmouth,FALSE,1874,1147250,100000
2025,1345,Shrewsbury borough,Monmouth,FALSE,4167,1246417,248000
2025,1346,Shrewsbury township,Monmouth,FALSE,1076,186000,29500
2025,1347,Lake Como borough,Monmouth,FALSE,1672,617625,96000
2025,1348,Spring Lake borough,Monmouth,FALSE,2781,2157000,207500
2025,1349,Spring Lake Heights borough,Monmouth,FALSE,4859,1124403.39,255500
2025,1350,Union Beach borough,Monmouth,FALSE,5691,1552650,0
2025,1351,Upper Freehold township,Monmouth,FALSE,7241,285944,30000
2025,1352,Wall township,Monmouth,FALSE,26722,5645039.0200000005,1589000
2025,1353,West Long Branch borough,Monmouth,FALSE,8604,1695020,410000
2025,1401,Boonton town,Morris,FALSE,8894,2047790,559500
2025,1402,Boonton township,Morris,FALSE,4460,1069639,0
2025,1403,Butler borough,Morris,FALSE,8196,2476740,0
2025,1404,Chatham borough,Morris,FALSE,10062,1653870,0
2025,1405,Chatham township,Morris,FALSE,11284,2463100,0
2025,1406,Chester borough,Morris,FALSE,1695,522650,0
2025,1407,Chester township,Morris,FALSE,7776,1918100,0
2025,1408,Denville township,Morris,FALSE,17376,3972205,767000
2025,1409,Dover town,Morris,FALSE,18909,4157375,0
2025,1410,East Hanover township,Morris,FALSE,11232,2897450,0
2025,1411,Florham Park borough,Morris,FALSE,14533,3180626,0
2025,1412,Hanover township,Morris,FALSE,15093,3757350,605000
2025,1413,Harding township,Morris,FALSE,3936,1257170,0
2025,1414,Jefferson township,Morris,FALSE,20705,2906132,0
2025,1415,Kinnelon borough,Morris,FALSE,10108,3203185,475000
2025,1416,Lincoln Park borough,Morris,FALSE,11030,3848177,0
2025,1417,Madison borough,Morris,FALSE,16555,5920269,0
2025,1418,Mendham borough,Morris,FALSE,5000,1287185.87,197940
2025,1419,Mendham township,Morris,FALSE,6057,1885133.92,0
2025,1420,Mine Hill township,Morris,FALSE,4171,600000,0
2025,1421,Montville township,Morris,FALSE,24456,2703519,3775360
2025,1422,Morris township,Morris,FALSE,23727,7088778.28,0
2025,1423,Morris Plains borough,Morris,FALSE,6590,3126130,328379.11
2025,1424,Morristown town,Morris,FALSE,20732,7336938.537732899,0
2025,1425,Mountain Lakes borough,Morris,FALSE,4644,827780.85,1107933.6
2025,1426,Mount Arlington borough,Morris,FALSE,5979,1290590,43800
2025,1427,Mount Olive township,Morris,FALSE,29499,3744216,0
2025,1428,Netcong borough,Morris,FALSE,3925,325265,5100
2025,1429,Parsippany-Troy Hills township,Morris,FALSE,56729,8425538,2426500
2025,1430,Long Hill township,Morris,FALSE,8692,1545902,905000
2025,1431,Pequannock township,Morris,FALSE,15741,1145460,0
2025,1432,Randolph township,Morris,FALSE,26780,7584605,625500
2025,1433,Riverdale borough,Morris,FALSE,4142,494197.49,0
2025,1434,Rockaway borough,Morris,FALSE,6651,996893,863220
2025,1435,Rockaway township,Morris,FALSE,26893,3505542,410852
2025,1436,Roxbury township,Morris,FALSE,23397,6352460,0
2025,1437,Victory Gardens borough,Morris,FALSE,1596,365250.19,0
2025,1438,Washington township,Morris,FALSE,18364,3133195,0
2025,1439,Wharton borough,Morris,FALSE,7444,589344,0
2025,1501,Barnegat Light borough,Ocean,FALSE,641,242500,408500
2025,1502,Bay Head borough,Ocean,FALSE,964,365000,352500
2025,1503,Beach Haven borough,Ocean,FALSE,1069,1649250,240000
2025,1504,Beachwood borough,Ocean,FALSE,11242,1604792.65,607896
2025,1505,Berkeley township,Ocean,FALSE,45211,5681000,2350000
2025,1506,Brick township,Ocean,FALSE,76629,9147450,2296746
2025,1507,Toms River township,Ocean,FALSE,99873,15439288.24,4609633.52
2025,1508,Eagleswood township,Ocean,FALSE,1803,423220,3200
2025,1509,Harvey Cedars borough,Ocean,FALSE,402,814521.97,85000
2025,1510,Island Heights borough,Ocean,FALSE,1715,379502,100000
2025,1511,Jackson township,Ocean,FALSE,60704,5707447.43,490000
2025,1512,Lacey township,Ocean,FALSE,30041,7343403,1557839
2025,1513,Lakehurst borough,Ocean,FALSE,2713,417750,146810
2025,1514,Lakewood township,Ocean,FALSE,141985,16626000,6000561.66
2025,1515,Lavallette borough,Ocean,FALSE,1854,1507850,199000
2025,1516,Little Egg Harbor township,Ocean,FALSE,21587,2320000,975000
2025,1517,Long Beach township,Ocean,FALSE,3157,3250000,2483000
2025,1518,Manchester township,Ocean,FALSE,46252,4766500,0
2025,1519,Mantoloking borough,Ocean,TRUE,340,NA,NA
2025,1520,Ocean township,Ocean,FALSE,9242,1000000,1407000
2025,1521,Ocean Gate borough,Ocean,FALSE,1987,143233,250000
2025,1522,Pine Beach borough,Ocean,FALSE,2214,402900,0
2025,1523,Plumsted township,Ocean,FALSE,9387,259000,0
2025,1524,Point Pleasant borough,Ocean,FALSE,19565,3413107,780000
2025,1525,Point Pleasant Beach borough,Ocean,FALSE,4941,1781501,319000
2025,1526,Seaside Heights borough,Ocean,FALSE,2522,1096100,145000
2025,1527,Seaside Park borough,Ocean,FALSE,2058,1573861.68,173000
2025,1528,Ship Bottom borough,Ocean,FALSE,1125,1031000,210000
2025,1529,South Toms River borough,Ocean,FALSE,3756,564131,0
2025,1530,Stafford township,Ocean,FALSE,30585,6863450,1720000
2025,1531,Surf City borough,Ocean,FALSE,1298,1057500,190000
2025,1532,Tuckerton borough,Ocean,FALSE,3701,477750,235000
2025,1533,Barnegat township,Ocean,FALSE,25871,4681200,965000
2025,1601,Bloomingdale borough,Passaic,FALSE,7795,708000,781000
2025,1602,Clifton city,Passaic,FALSE,90322,6043100,9650000
2025,1603,Haledon borough,Passaic,FALSE,9063,1795000,844000
2025,1604,Hawthorne borough,Passaic,FALSE,20006,3764256,698190
2025,1605,Little Falls township,Passaic,FALSE,15099,1483370,2118680
2025,1606,North Haledon borough,Passaic,FALSE,8854,2585135,340000
2025,1607,Passaic city,Passaic,FALSE,70722,8713650,3407050
2025,1608,Paterson city,Passaic,TRUE,160463,NA,NA
2025,1609,Pompton Lakes borough,Passaic,FALSE,11156,2689647,436000
2025,1610,Prospect Park borough,Passaic,FALSE,6382,455362.56,760000
2025,1611,Ringwood borough,Passaic,FALSE,11762,4656430,0
2025,1612,Totowa borough,Passaic,FALSE,11064,2825708,455000
2025,1613,Wanaque borough,Passaic,FALSE,11346,2097725,442500
2025,1614,Wayne township,Passaic,FALSE,54096,15751519,66000
2025,1615,West Milford township,Passaic,FALSE,24990,6766484,0
2025,1616,Woodland Park borough,Passaic,FALSE,13477,1972766,1613000
2025,1701,Alloway township,Salem,FALSE,3327,343000,119250
2025,1702,Elmer borough,Salem,FALSE,1377,181815,65700
2025,1703,Elsinboro township,Salem,FALSE,1016,157304,35500
2025,1704,Lower Alloways Creek township,Salem,FALSE,1750,1001000,85000
2025,1705,Mannington township,Salem,FALSE,1476,207800,28750
2025,1706,Oldmans township,Salem,FALSE,1946,158000,106050
2025,1707,Penns Grove borough,Salem,TRUE,4921,NA,NA
2025,1708,Pennsville township,Salem,FALSE,12855,2997990,495500
2025,1709,Pilesgrove township,Salem,FALSE,4267,493560,0
2025,1710,Pittsgrove township,Salem,FALSE,8972,895720,217500
2025,1711,Quinton township,Salem,FALSE,2641,543154,16800
2025,1712,Salem city,Salem,TRUE,5369,NA,NA
2025,1713,Carneys Point township,Salem,FALSE,8693,1006598.9,477500
2025,1714,Upper Pittsgrove township,Salem,FALSE,3507,369200,109500
2025,1715,Woodstown borough,Salem,FALSE,3757,288000,88800
2025,1801,Bedminster township,Somerset,FALSE,8356,1476405,0
2025,1802,Bernards township,Somerset,FALSE,28718,5383090,275444
2025,1803,Bernardsville borough,Somerset,FALSE,8020,2122400,165200
2025,1804,Bound Brook borough,Somerset,FALSE,12643,2223645,0
2025,1805,Branchburg township,Somerset,FALSE,15619,2813000,0
2025,1806,Bridgewater township,Somerset,FALSE,46871,2939592.1,400000
2025,1807,Far Hills borough,Somerset,FALSE,935,145000,21000
2025,1808,Franklin township,Somerset,FALSE,69862,4151412.95,606276
2025,1809,Green Brook township,Somerset,FALSE,7451,888947,0
2025,1810,Hillsborough township,Somerset,FALSE,45421,4276727,0
2025,1811,Manville borough,Somerset,FALSE,11031,2434050,0
2025,1812,Millstone borough,Somerset,FALSE,455,100500,0
2025,1813,Montgomery township,Somerset,FALSE,24254,3700640,0
2025,1814,North Plainfield borough,Somerset,FALSE,23072,0,0
2025,1815,Peapack and Gladstone borough,Somerset,FALSE,2602,1127210,89000
2025,1816,Raritan borough,Somerset,FALSE,8584,1879500,0
2025,1817,Rocky Hill borough,Somerset,FALSE,755,819822,101000
2025,1818,Somerville borough,Somerset,FALSE,14428,2333800,1280000
2025,1819,South Bound Brook borough,Somerset,FALSE,4965,376750,435000
2025,1820,Warren township,Somerset,FALSE,16819,3960300,0
2025,1821,Watchung borough,Somerset,FALSE,6606,1471000,0
2025,1901,Andover borough,Sussex,FALSE,610,13500,25223
2025,1902,Andover township,Sussex,FALSE,5685,1976900,0
2025,1903,Branchville borough,Sussex,FALSE,810,240750,160000
2025,1904,Byram township,Sussex,FALSE,8217,2101700,1040200
2025,1905,Frankford township,Sussex,FALSE,5349,1365000,17500
2025,1906,Franklin borough,Sussex,FALSE,5059,603663,582000
2025,1907,Fredon township,Sussex,FALSE,3316,1080681,0
2025,1908,Green township,Sussex,FALSE,3712,815431,525000
2025,1909,Hamburg borough,Sussex,FALSE,3351,213150,0
2025,1910,Hampton township,Sussex,FALSE,4938,1872325,0
2025,1911,Hardyston township,Sussex,FALSE,8472,1333943,0
2025,1912,Hopatcong borough,Sussex,FALSE,14750,4213000,0
2025,1913,Lafayette township,Sussex,FALSE,2429,523900,0
2025,1914,Montague township,Sussex,FALSE,3880,598700,0
2025,1915,Newton town,Sussex,FALSE,8435,1601281,400
2025,1916,Ogdensburg borough,Sussex,FALSE,2310,211626,265000
2025,1917,Sandyston township,Sussex,FALSE,2022,259100,0
2025,1918,Sparta township,Sussex,FALSE,20362,3196422.4699999997,0
2025,1919,Stanhope borough,Sussex,FALSE,3599,979203.16,0
2025,1920,Stillwater township,Sussex,FALSE,4093,1122350,0
2025,1921,Sussex borough,Sussex,FALSE,2072,307500,9000
2025,1922,Vernon township,Sussex,FALSE,22879,3673500,0
2025,1923,Walpack township,Sussex,FALSE,7,1600,0
2025,1924,Wantage township,Sussex,FALSE,11087,1311569,0
2025,2001,Berkeley Heights township,Union,FALSE,14510,4775970,0
2025,2002,Clark township,Union,FALSE,16277,2389348,0
2025,2003,Cranford township,Union,FALSE,24513,4081300,0
2025,2004,Elizabeth city,Union,FALSE,140413,19119888,12850000
2025,2005,Fanwood borough,Union,FALSE,7968,1090187,0
2025,2006,Garwood borough,Union,FALSE,5346,963675,316746
2025,2007,Hillside township,Union,TRUE,22690,NA,NA
2025,2008,Kenilworth borough,Union,FALSE,8527,2071400,0
2025,2009,Linden city,Union,FALSE,45393,12048450,93500
2025,2010,Mountainside borough,Union,FALSE,7228,1231000,1095000
2025,2011,New Providence borough,Union,FALSE,13957,1946238,2994601
2025,2012,Plainfield city,Union,FALSE,56507,4807189,0
2025,2013,Rahway city,Union,TRUE,30763,NA,NA
2025,2014,Roselle borough,Union,FALSE,23064,5791048.66,40000
2025,2015,Roselle Park borough,Union,FALSE,14390,3520261,0
2025,2016,Scotch Plains township,Union,FALSE,25223,3089000,0
2025,2017,Springfield township,Union,FALSE,17630,2963700,2256000
2025,2018,Summit city,Union,FALSE,23102,4761277,1045000
2025,2019,Union township,Union,FALSE,63171,13491500,0
2025,2020,Westfield town,Union,FALSE,32050,6572875.76,200000
2025,2021,Winfield township,Union,FALSE,1438,59160,0
2025,2101,Allamuchy township,Warren,FALSE,5475,681673,0
2025,2102,Alpha borough,Warren,FALSE,2357,591269,0
2025,2103,Belvidere town,Warren,FALSE,2545,443000,1500
2025,2104,Blairstown township,Warren,FALSE,5783,545902,0
2025,2105,Franklin township,Warren,FALSE,3021,724927.4,11325
2025,2106,Frelinghuysen township,Warren,FALSE,2242,321000,0
2025,2107,Greenwich township,Warren,FALSE,5528,497334,0
2025,2108,Hackettstown town,Warren,FALSE,10182,1107057,0
2025,2109,Hardwick township,Warren,FALSE,1623,408002,0
2025,2110,Harmony township,Warren,FALSE,2538,607800,5509
2025,2111,Hope township,Warren,FALSE,1859,300130,0
2025,2112,Independence township,Warren,FALSE,5651,564400,0
2025,2113,Knowlton township,Warren,FALSE,2939,490800,0
2025,2114,Liberty township,Warren,FALSE,2700,437400,0
2025,2115,Lopatcong township,Warren,FALSE,9502,971365,0
2025,2116,Mansfield township,Warren,FALSE,7889,704250,0
2025,2117,Oxford township,Warren,FALSE,2477,NA,NA
2025,2119,Phillipsburg town,Warren,FALSE,15393,2702450,651000
2025,2120,Pohatcong township,Warren,FALSE,3296,622760,0
2025,2121,Washington borough,Warren,FALSE,7375,818100,0
2025,2122,Washington township,Warren,FALSE,6927,1166200,4000
2025,2123,White township,Warren,FALSE,4729,538000,0
2026,0101,Absecon city,Atlantic,FALSE,9209,514000,910000
2026,0102,Atlantic City,Atlantic,FALSE,38787,15790661,0
2026,0103,Brigantine city,Atlantic,FALSE,7658,5797952,67000
2026,0104,Buena borough,Atlantic,FALSE,4529,412425,453000
2026,0105,Buena Vista township,Atlantic,FALSE,7175,1385750,294600
2026,0106,Corbin City city,Atlantic,FALSE,486,78601,0
2026,0107,Egg Harbor City city,Atlantic,FALSE,4426,1130190,7500
2026,0108,Egg Harbor township,Atlantic,FALSE,48435,5513590,2043533
2026,0109,Estell Manor city,Atlantic,FALSE,1696,134000,217500
2026,0110,Folsom borough,Atlantic,FALSE,1834,242241.59,258000
2026,0111,Galloway township,Atlantic,FALSE,38380,2929240,131800
2026,0112,Hamilton township,Atlantic,FALSE,28845,5604818,0
2026,0113,Hammonton town,Atlantic,FALSE,15060,2094721.67,0
2026,0114,Linwood city,Atlantic,FALSE,7051,691871,939520
2026,0115,Longport borough,Atlantic,FALSE,879,600000,189000
2026,0116,Margate City city,Atlantic,FALSE,5194,3517000,10000
2026,0117,Mullica township,Atlantic,FALSE,5853,457001,207000
2026,0118,Northfield city,Atlantic,FALSE,8496,795201,905000
2026,0119,Pleasantville city,Atlantic,TRUE,20853,NA,NA
2026,0120,Port Republic city,Atlantic,FALSE,1125,289500,0
2026,0121,Somers Point city,Atlantic,FALSE,10590,2461050,342000
2026,0122,Ventnor City city,Atlantic,FALSE,9345,4117950,0
2026,0123,Weymouth township,Atlantic,FALSE,2751,292208,194000
2026,0201,Allendale borough,Bergen,FALSE,7116,1671500,912000
2026,0202,Alpine borough,Bergen,FALSE,1759,594553,0
2026,0203,Bergenfield borough,Bergen,FALSE,28754,5824250,1215000
2026,0204,Bogota borough,Bergen,FALSE,9816,2322492,110000
2026,0205,Carlstadt borough,Bergen,FALSE,6410,3354000,0
2026,0206,Cliffside Park borough,Bergen,FALSE,26539,3840000,1075000
2026,0207,Closter borough,Bergen,FALSE,8663,3055450,322750
2026,0208,Cresskill borough,Bergen,FALSE,9257,3387500,412000
2026,0209,Demarest borough,Bergen,FALSE,4893,2345664,6500
2026,0210,Dumont borough,Bergen,FALSE,18501,5544295,0
2026,0211,Elmwood Park borough,Bergen,FALSE,21534,2184232,2585000
2026,0212,East Rutherford borough,Bergen,FALSE,10566,4487000,0
2026,0213,Edgewater borough,Bergen,FALSE,15499,4753139,1201000
2026,0214,Emerson borough,Bergen,FALSE,7371,2758000,223800
2026,0215,Englewood city,Bergen,FALSE,30035,6623400,1561000
2026,0216,Englewood Cliffs borough,Bergen,FALSE,5384,1725000,1575900
2026,0217,Fair Lawn borough,Bergen,FALSE,37128,5463850,2890000
2026,0218,Fairview borough,Bergen,FALSE,15509,1474100,537856
2026,0219,Fort Lee borough,Bergen,FALSE,40345,6074783,4589825
2026,0220,Franklin Lakes borough,Bergen,FALSE,11180,3739240,572000
2026,0221,Garfield city,Bergen,FALSE,33353,5667568,1
2026,0222,Glen Rock borough,Bergen,FALSE,12288,4546496,389000
2026,0223,Hackensack city,Bergen,FALSE,46380,6593906,2000000
2026,0224,Harrington Park borough,Bergen,FALSE,5052,899757,761000
2026,0225,Hasbrouck Heights borough,Bergen,FALSE,12211,3176796.55,568000
2026,0226,Haworth borough,Bergen,FALSE,3422,1914020,8000
2026,0227,Hillsdale borough,Bergen,FALSE,10214,3385274.9975,0
2026,0228,Ho-Ho-Kus borough,Bergen,FALSE,4313,1343000,0
2026,0229,Leonia borough,Bergen,FALSE,9441,2821300,0
2026,0230,Little Ferry borough,Bergen,FALSE,11099,2029604,755000
2026,0231,Lodi borough,Bergen,TRUE,26187,NA,NA
2026,0232,Lyndhurst township,Bergen,FALSE,22343,4514450,1224245
2026,0233,Mahwah township,Bergen,FALSE,25678,7133028,41730
2026,0234,Maywood borough,Bergen,FALSE,10166,3247600,0
2026,0235,Midland Park borough,Bergen,FALSE,7039,1715850,240000
2026,0236,Montvale borough,Bergen,FALSE,10113,1488650,0
2026,0237,Moonachie borough,Bergen,FALSE,3153,1145379,231000
2026,0238,New Milford borough,Bergen,FALSE,17133,4371900,1649086
2026,0239,North Arlington borough,Bergen,FALSE,16601,3412471,0
2026,0240,Northvale borough,Bergen,FALSE,4978,1254900,1740000
2026,0241,Norwood borough,Bergen,FALSE,5817,2133885,0
2026,0242,Oakland borough,Bergen,FALSE,12837,4111899.998862,0
2026,0243,Old Tappan borough,Bergen,FALSE,6686,1511805,0
2026,0244,Oradell borough,Bergen,FALSE,8293,3079550,300000
2026,0245,Palisades Park borough,Bergen,FALSE,20317,3781000,0
2026,0246,Paramus borough,Bergen,FALSE,26723,11280825,1150000
2026,0247,Park Ridge borough,Bergen,FALSE,9571,2686197,90000
2026,0248,Ramsey borough,Bergen,FALSE,14925,6237247.510000001,903000
2026,0249,Ridgefield borough,Bergen,FALSE,11547,2993160,443515
2026,0250,Ridgefield Park village,Bergen,FALSE,13372,3245000,740000
2026,0251,Ridgewood village,Bergen,FALSE,26527,6460088.61,2310139.2
2026,0252,River Edge borough,Bergen,FALSE,12159,4095781,464500
2026,0253,River Vale township,Bergen,FALSE,10555,3139178,0
2026,0254,Rochelle Park township,Bergen,FALSE,5972,1151110,1353541
2026,0255,Rockleigh borough,Bergen,FALSE,399,105837,0
2026,0256,Rutherford borough,Bergen,FALSE,19132,4561400,890000
2026,0257,Saddle Brook township,Bergen,FALSE,14441,4110394,105000
2026,0258,Saddle River borough,Bergen,FALSE,3430,2031950,140000
2026,0259,South Hackensack township,Bergen,FALSE,2755,1200000,145000
2026,0260,Teaneck township,Bergen,FALSE,43329,10168916.25,0
2026,0261,Tenafly borough,Bergen,TRUE,15237,NA,NA
2026,0262,Teterboro borough,Bergen,FALSE,70,715000,120000
2026,0263,Upper Saddle River borough,Bergen,FALSE,8650,2604207,240000
2026,0264,Waldwick borough,Bergen,FALSE,10252,2409839,2339824
2026,0265,Wallington borough,Bergen,FALSE,12092,1648000,0
2026,0266,Washington township,Bergen,FALSE,9392,1830330,82000
2026,0267,Westwood borough,Bergen,FALSE,11365,3472793,0
2026,0268,Woodcliff Lake borough,Bergen,FALSE,6193,2176450,18000
2026,0269,Wood-Ridge borough,Bergen,TRUE,10341,NA,NA
2026,0270,Wyckoff township,Bergen,FALSE,17224,5024315,610000
2026,0301,Bass River township,Burlington,FALSE,1408,356050,3000
2026,0302,Beverly city,Burlington,FALSE,2564,194350,298000
2026,0303,Bordentown city,Burlington,FALSE,4108,851995.5,394843
2026,0304,Bordentown township,Burlington,FALSE,12821,2108662,425000
2026,0305,Burlington city,Burlington,FALSE,10243,2492900,506000
2026,0306,Burlington township,Burlington,FALSE,24893,4895405,0
2026,0307,Chesterfield township,Burlington,FALSE,9046,710900,0
2026,0308,Cinnaminson township,Burlington,FALSE,17930,1989768,2178500
2026,0309,Delanco township,Burlington,FALSE,5010,1277357,242915
2026,0310,Delran township,Burlington,FALSE,18909,3301630,698200
2026,0311,Eastampton township,Burlington,FALSE,6603,723000,255800
2026,0312,Edgewater Park township,Burlington,FALSE,9617,1309250,311000
2026,0313,Evesham township,Burlington,FALSE,49525,5797670,3170000
2026,0314,Fieldsboro borough,Burlington,FALSE,553,52000,107020.07
2026,0315,Florence township,Burlington,FALSE,13385,2039689,55700
2026,0316,Hainesport township,Burlington,FALSE,6197,757200,270000
2026,0317,Lumberton township,Burlington,FALSE,13171,1338000,483300
2026,0318,Mansfield township,Burlington,FALSE,9199,1617393.4,367000
2026,0319,Maple Shade township,Burlington,FALSE,20556,2116554,1460000
2026,0320,Medford township,Burlington,FALSE,25612,3905885,1090000
2026,0321,Medford Lakes borough,Burlington,FALSE,4403,699700,205000
2026,0322,Moorestown township,Burlington,FALSE,22262,4028430,950000
2026,0323,Mount Holly township,Burlington,FALSE,10645,1446802,415000
2026,0324,Mount Laurel township,Burlington,FALSE,47738,5908390,1900000
2026,0325,New Hanover township,Burlington,FALSE,6237,146210,81000
2026,0326,North Hanover township,Burlington,FALSE,8189,447485,144785.41999999998
2026,0327,Palmyra borough,Burlington,FALSE,7664,1704476,325000
2026,0328,Pemberton borough,Burlington,FALSE,1406,120572,60000
2026,0329,Pemberton township,Burlington,FALSE,27611,3386990.08,1066000
2026,0330,Riverside township,Burlington,FALSE,8231,1304328.62,422000
2026,0331,Riverton borough,Burlington,FALSE,2842,670392,135000
2026,0332,Shamong township,Burlington,FALSE,6659,564000,5000
2026,0333,Southampton township,Burlington,FALSE,10563,1435475,460000
2026,0334,Springfield township,Burlington,FALSE,3315,350500,150000
2026,0335,Tabernacle township,Burlington,FALSE,7014,1588850,15000
2026,0336,Washington township,Burlington,FALSE,723,136500,146000
2026,0337,Westampton township,Burlington,FALSE,9436,1380670.67,393000
2026,0338,Willingboro township,Burlington,FALSE,32824,3913307,3061725
2026,0339,Woodland township,Burlington,FALSE,1581,207650,0
2026,0340,Wrightstown borough,Burlington,FALSE,746,123500,86000
2026,0401,Audubon borough,Camden,FALSE,8825,1855351.5,425000
2026,0402,Audubon Park borough,Camden,FALSE,1004,101000,0
2026,0403,Barrington borough,Camden,FALSE,7155,1067413.8199999998,721489
2026,0404,Bellmawr borough,Camden,FALSE,11874,2506550.49,0
2026,0405,Berlin borough,Camden,FALSE,7628,1819288.9,0
2026,0406,Berlin township,Camden,FALSE,6060,1220277,365000
2026,0407,Brooklawn borough,Camden,FALSE,1834,270000,95000
2026,0408,Camden city,Camden,FALSE,71430,27766700,0
2026,0409,Cherry Hill township,Camden,FALSE,79965,12475769,2929000
2026,0410,Chesilhurst borough,Camden,FALSE,1564,295383,240228
2026,0411,Clementon borough,Camden,FALSE,5744,573151,203500
2026,0412,Collingswood borough,Camden,FALSE,14386,1835988,558400
2026,0413,Gibbsboro borough,Camden,FALSE,2257,903890,0
2026,0414,Gloucester City city,Camden,FALSE,11643,2514000,550000
2026,0415,Gloucester township,Camden,FALSE,67085,11914124.67,2625000
2026,0416,Haddon township,Camden,FALSE,15649,2837297,525000
2026,0417,Haddonfield borough,Camden,FALSE,12740,3207005,610000
2026,0418,Haddon Heights borough,Camden,FALSE,7609,952559.47,413000
2026,0419,Hi-Nella borough,Camden,FALSE,942,79450,0
2026,0420,Laurel Springs borough,Camden,FALSE,1999,256200,107500
2026,0421,Lawnside borough,Camden,FALSE,3340,665810,300000
2026,0422,Lindenwold borough,Camden,FALSE,21952,1937989,912500
2026,0423,Magnolia borough,Camden,FALSE,4415,780300,205000
2026,0424,Merchantville borough,Camden,FALSE,4241,923024.73,0
2026,0425,Mount Ephraim borough,Camden,FALSE,4716,771950,8000
2026,0426,Oaklyn borough,Camden,FALSE,3985,911156.75,228000
2026,0427,Pennsauken township,Camden,FALSE,37742,2959650,0
2026,0428,Pine Hill borough,Camden,FALSE,10909,1249994,549000
2026,0430,Runnemede borough,Camden,FALSE,8443,969000,400000
2026,0431,Somerdale borough,Camden,FALSE,5823,686950,245000
2026,0432,Stratford borough,Camden,FALSE,7200,192539.7,719750
2026,0433,Tavistock borough,Camden,FALSE,3,14810,0
2026,0434,Voorhees township,Camden,FALSE,31571,4072984,1125000
2026,0435,Waterford township,Camden,FALSE,10562,2521840,0
2026,0436,Winslow township,Camden,TRUE,40562,NA,NA
2026,0437,Woodlynne borough,Camden,FALSE,2942,285500,151000
2026,0501,Avalon borough,Cape May,FALSE,1205,4080863,305000
2026,0502,Cape May city,Cape May,FALSE,2716,3435300,10000
2026,0503,Cape May Point borough,Cape May,FALSE,298,238600,0
2026,0504,Dennis township,Cape May,FALSE,6100,1072000,300000
2026,0505,Lower township,Cape May,FALSE,21533,4283967.78,825000
2026,0506,Middle township,Cape May,FALSE,19990,4037900,580000
2026,0507,North Wildwood city,Cape May,FALSE,3518,4989337.17,400000
2026,0508,Ocean City city,Cape May,TRUE,11101,NA,NA
2026,0509,Sea Isle City city,Cape May,FALSE,2114,3576281.5,0
2026,0510,Stone Harbor borough,Cape May,FALSE,778,2164625,1122770.62
2026,0511,Upper township,Cape May,FALSE,12355,4464000,0
2026,0512,West Cape May borough,Cape May,FALSE,981,443010,0
2026,0513,West Wildwood borough,Cape May,FALSE,529,414500,40000
2026,0514,Wildwood city,Cape May,FALSE,5068,4468078,400000
2026,0515,Wildwood Crest borough,Cape May,FALSE,3000,2783300,350000
2026,0516,Woodbine borough,Cape May,FALSE,2104,311600,87275
2026,0601,Bridgeton city,Cumberland,TRUE,28307,NA,NA
2026,0602,Commercial township,Cumberland,FALSE,4767,889292,199500
2026,0603,Deerfield township,Cumberland,FALSE,3251,211503,664
2026,0604,Downe township,Cumberland,FALSE,1416,180227,156109
2026,0605,Fairfield township,Cumberland,FALSE,5440,415250,0
2026,0606,Greenwich township,Cumberland,FALSE,779,59605,40000
2026,0607,Hopewell township,Cumberland,FALSE,4517,185600,276300
2026,0608,Lawrence township,Cumberland,FALSE,3167,406000,172750
2026,0609,Maurice River township,Cumberland,FALSE,4780,976800,166000
2026,0610,Millville city,Cumberland,FALSE,28098,1478950,111000
2026,0611,Shiloh borough,Cumberland,FALSE,456,60194.2,100
2026,0612,Stow Creek township,Cumberland,FALSE,1356,128164.41,62000
2026,0613,Upper Deerfield township,Cumberland,FALSE,8111,636220.88,260000
2026,0614,Vineland city,Cumberland,FALSE,62703,5839312,0
2026,0701,Belleville township,Essex,TRUE,38997,NA,NA
2026,0702,Bloomfield township,Essex,FALSE,56375,3536060,5500000
2026,0703,Caldwell borough,Essex,FALSE,9375,1731400,0
2026,0704,Cedar Grove township,Essex,FALSE,13916,1020361.13,0
2026,0705,East Orange city,Essex,TRUE,72159,NA,NA
2026,0706,Essex Fells borough,Essex,FALSE,2235,762000,0
2026,0707,Fairfield township,Essex,TRUE,8346,NA,NA
2026,0708,Glen Ridge borough,Essex,FALSE,8259,1944200,1442000
2026,0709,Irvington township,Essex,TRUE,62233,NA,NA
2026,0710,Livingston township,Essex,FALSE,32223,7427665.87,1270020
2026,0711,Maplewood township,Essex,TRUE,26320,NA,NA
2026,0712,Millburn township,Essex,FALSE,22874,7184450,3275000
2026,0713,Montclair township,Essex,FALSE,44633,5645011,2771451
2026,0714,Newark city,Essex,TRUE,323808,NA,NA
2026,0715,North Caldwell borough,Essex,FALSE,6815,901722,841335.6
2026,0716,Nutley township,Essex,FALSE,30744,5648144,100000
2026,0717,City of Orange township,Essex,TRUE,35642,NA,NA
2026,0718,Roseland borough,Essex,FALSE,6417,1328387,730260
2026,0719,South Orange Village township,Essex,FALSE,19139,3420313,0
2026,0720,Verona township,Essex,FALSE,15107,4774700,12764
2026,0721,West Caldwell township,Essex,FALSE,11205,1954551.24,425000
2026,0722,West Orange township,Essex,TRUE,49557,NA,NA
2026,0801,Clayton borough,Gloucester,FALSE,9041,1606900,336500
2026,0802,Deptford township,Gloucester,FALSE,32600,5468000,1400000
2026,0803,East Greenwich township,Gloucester,FALSE,12610,1095720,0
2026,0804,Elk township,Gloucester,FALSE,4520,585635,217500
2026,0805,Franklin township,Gloucester,FALSE,16666,1628750,885000
2026,0806,Glassboro borough,Gloucester,FALSE,24483,3781229,751000
2026,0807,Greenwich township,Gloucester,FALSE,5026,2945000,235000
2026,0808,Harrison township,Gloucester,FALSE,14043,890250,630000
2026,0809,Logan township,Gloucester,FALSE,6126,3890800,2000
2026,0810,Mantua township,Gloucester,FALSE,15582,1946700,790000
2026,0811,Monroe township,Gloucester,FALSE,38137,4886300,1970000
2026,0812,National Park borough,Gloucester,FALSE,3088,323700,158000
2026,0813,Newfield borough,Gloucester,FALSE,1823,284900,0
2026,0814,Paulsboro borough,Gloucester,FALSE,6329,832953,830000
2026,0815,Pitman borough,Gloucester,FALSE,8961,1585600,646000
2026,0816,South Harrison township,Gloucester,FALSE,3479,334500,110000
2026,0817,Swedesboro borough,Gloucester,FALSE,2766,392000,147500
2026,0818,Washington township,Gloucester,FALSE,49840,10646613.23,2471000
2026,0819,Wenonah borough,Gloucester,FALSE,2330,202645,99000
2026,0820,West Deptford township,Gloucester,FALSE,22681,3506680,1140000
2026,0821,Westville borough,Gloucester,FALSE,4357,1028900,0
2026,0822,Woodbury city,Gloucester,FALSE,10130,2765000,10000
2026,0823,Woodbury Heights borough,Gloucester,FALSE,3162,422300,134000
2026,0824,Woolwich township,Gloucester,FALSE,14858,1610910,522000
2026,0901,Bayonne city,Hudson,FALSE,74744,9584991,4100000
2026,0902,East Newark borough,Hudson,FALSE,2574,530260,330600
2026,0903,Guttenberg town,Hudson,FALSE,11910,2742665,0
2026,0904,Harrison town,Hudson,FALSE,22105,3309345,2330000
2026,0905,Hoboken city,Hudson,FALSE,59027,3835231,8896837
2026,0906,Jersey City city,Hudson,TRUE,302013,NA,NA
2026,0907,Kearny town,Hudson,FALSE,40862,4600000,11000125
2026,0908,North Bergen township,Hudson,FALSE,61483,6336000,8579781
2026,0909,Secaucus town,Hudson,FALSE,22640,14619813,1722000
2026,0910,Union City city,Hudson,FALSE,66656,7093073,7361802
2026,0911,Weehawken township,Hudson,FALSE,17827,3773099,0
2026,0912,West New York town,Hudson,FALSE,53192,4354000.82,4280000
2026,1001,Alexandria township,Hunterdon,FALSE,4811,829379,0
2026,1002,Bethlehem township,Hunterdon,FALSE,3774,677100,0
2026,1003,Bloomsbury borough,Hunterdon,FALSE,802,83690,100568
2026,1004,Califon borough,Hunterdon,FALSE,1034,156750,0
2026,1005,Clinton town,Hunterdon,FALSE,2794,506086,30000
2026,1006,Clinton township,Hunterdon,FALSE,13412,1530000,0
2026,1007,Delaware township,Hunterdon,FALSE,4597,1036338,0
2026,1008,East Amwell township,Hunterdon,FALSE,3952,576593,100
2026,1009,Flemington borough,Hunterdon,FALSE,4856,427500,509400
2026,1010,Franklin township,Hunterdon,FALSE,3288,436076,0
2026,1011,Frenchtown borough,Hunterdon,FALSE,1500,245600,202000
2026,1012,Glen Gardner borough,Hunterdon,FALSE,1690,271738,70000
2026,1013,Hampton borough,Hunterdon,FALSE,1443,201250,40500
2026,1014,High Bridge borough,Hunterdon,FALSE,3603,623800,0
2026,1015,Holland township,Hunterdon,FALSE,5239,1150000,0
2026,1016,Kingwood township,Hunterdon,FALSE,3864,919000,0
2026,1017,Lambertville city,Hunterdon,FALSE,4198,406866.11,457750
2026,1018,Lebanon borough,Hunterdon,FALSE,1676,337000,90000
2026,1019,Lebanon township,Hunterdon,FALSE,6229,1201250,0
2026,1020,Milford borough,Hunterdon,FALSE,1224,236000,220000
2026,1021,Raritan township,Hunterdon,FALSE,25281,3107168,55000
2026,1022,Readington township,Hunterdon,FALSE,16406,2698458,0
2026,1023,Stockton borough,Hunterdon,FALSE,497,153700,0
2026,1024,Tewksbury township,Hunterdon,FALSE,5925,1359850,0
2026,1025,Union township,Hunterdon,FALSE,6649,774000,0
2026,1026,West Amwell township,Hunterdon,FALSE,3037,560936,3000
2026,1101,East Windsor township,Mercer,FALSE,30562,1182311.23,0
2026,1102,Ewing township,Mercer,FALSE,39030,3345500,3302819
2026,1103,Hamilton township,Mercer,FALSE,94157,22158931.31,6004000
2026,1104,Hightstown borough,Mercer,FALSE,6007,1218466.1,256000
2026,1105,Hopewell borough,Mercer,FALSE,1944,517816,93350
2026,1106,Hopewell township,Mercer,FALSE,18763,3069000,1000
2026,1107,Lawrence township,Mercer,FALSE,34165,4990252.6,1349000
2026,1108,Pennington borough,Mercer,FALSE,2889,806502.58,0
2026,1111,Trenton city,Mercer,TRUE,91506,NA,NA
2026,1112,Robbinsville township,Mercer,FALSE,15958,2366509.94,631216.96
2026,1113,West Windsor township,Mercer,FALSE,32839,3022084,2596750
2026,1114,Princeton borough,Mercer,FALSE,31469,7638703,0
2026,1201,Carteret borough,Middlesex,FALSE,25781,4458500,0
2026,1202,Cranbury township,Middlesex,FALSE,4240,2266467,0
2026,1203,Dunellen borough,Middlesex,FALSE,8337,872628,52000
2026,1204,East Brunswick township,Middlesex,FALSE,50678,5678396,5295230
2026,1205,Edison township,Middlesex,FALSE,109077,10471942.77,0
2026,1206,Helmetta borough,Middlesex,FALSE,2474,394300,0
2026,1207,Highland Park borough,Middlesex,FALSE,15259,2421584,689700
2026,1208,Jamesburg borough,Middlesex,FALSE,5819,913007,0
2026,1209,Old Bridge township,Middlesex,FALSE,70228,6215745,0
2026,1210,Metuchen borough,Middlesex,TRUE,15363,NA,NA
2026,1211,Middlesex borough,Middlesex,FALSE,14740,2504009,425000
2026,1212,Milltown borough,Middlesex,FALSE,7103,1634738.11,0
2026,1213,Monroe township,Middlesex,FALSE,49830,8419800,167500
2026,1214,New Brunswick city,Middlesex,FALSE,57133,5357361.65,0
2026,1215,North Brunswick township,Middlesex,FALSE,45097,5520350,1150000
2026,1216,Perth Amboy city,Middlesex,FALSE,56739,9079651.79,62366.64
2026,1217,Piscataway township,Middlesex,FALSE,62253,4662375.94,438494.52
2026,1218,Plainsboro township,Middlesex,FALSE,24349,1810592.42,0
2026,1219,Sayreville borough,Middlesex,FALSE,46787,9260667,3888690
2026,1220,South Amboy city,Middlesex,FALSE,10403,2921400,16000
2026,1221,South Brunswick township,Middlesex,TRUE,47454,NA,NA
2026,1222,South Plainfield borough,Middlesex,FALSE,24891,3410287,105000
2026,1223,South River borough,Middlesex,FALSE,16262,2447000,630000
2026,1224,Spotswood borough,Middlesex,TRUE,8236,NA,NA
2026,1225,Woodbridge township,Middlesex,FALSE,104802,18038680,4650000
2026,1301,Allenhurst borough,Monmouth,FALSE,470,593350,0
2026,1302,Allentown borough,Monmouth,FALSE,1741,153800,318500
2026,1303,Asbury Park city,Monmouth,FALSE,15632,3187400,2665000
2026,1304,Atlantic Highlands borough,Monmouth,FALSE,4417,1288000,250000
2026,1305,Avon-by-the-Sea borough,Monmouth,FALSE,1952,664500,125000
2026,1306,Belmar borough,Monmouth,FALSE,5853,1909635,450000
2026,1307,Bradley Beach borough,Monmouth,FALSE,4163,1891750,6000
2026,1308,Brielle borough,Monmouth,FALSE,4959,904500,955000
2026,1309,Colts Neck township,Monmouth,FALSE,9989,1823811.84,776636
2026,1310,Deal borough,Monmouth,FALSE,894,1067750,260000
2026,1311,Eatontown borough,Monmouth,FALSE,13607,5064040,700000
2026,1312,Englishtown borough,Monmouth,FALSE,2407,43500,0
2026,1313,Fair Haven borough,Monmouth,FALSE,6096,1923575,483000
2026,1314,Farmingdale borough,Monmouth,FALSE,1502,161550,0
2026,1315,Freehold borough,Monmouth,FALSE,12562,2217500,618000
2026,1316,Freehold township,Monmouth,FALSE,36052,4759250,0
2026,1317,Highlands borough,Monmouth,FALSE,4350,903000,279905
2026,1318,Holmdel township,Monmouth,FALSE,17535,3781600,0
2026,1319,Howell township,Monmouth,FALSE,55156,6157091,1160000
2026,1320,Interlaken borough,Monmouth,FALSE,826,381855,28500
2026,1321,Keansburg borough,Monmouth,FALSE,9818,1398500,1475550
2026,1322,Keyport borough,Monmouth,FALSE,7235,1233800,360000
2026,1323,Little Silver borough,Monmouth,FALSE,6124,2372121,252000
2026,1324,Loch Arbour village,Monmouth,FALSE,228,52200,0
2026,1325,Long Branch city,Monmouth,FALSE,33321,9334200,2150000
2026,1326,Manalapan township,Monmouth,FALSE,40987,6449500,2055000
2026,1327,Manasquan borough,Monmouth,FALSE,5954,1577900,413300
2026,1328,Marlboro township,Monmouth,FALSE,42254,6690955.8520873645,1000
2026,1329,Matawan borough,Monmouth,FALSE,9768,2425125,0
2026,1330,Aberdeen township,Monmouth,FALSE,19535,1248350,0
2026,1331,Middletown township,Monmouth,FALSE,67135,21405178,0
2026,1332,Millstone township,Monmouth,FALSE,10412,1260400,438000
2026,1333,Monmouth Beach borough,Monmouth,FALSE,3226,1010400,295500
2026,1334,Neptune township,Monmouth,FALSE,28273,4495000,2015000
2026,1335,Neptune City borough,Monmouth,FALSE,4591,1289050,83100
2026,1336,Tinton Falls borough,Monmouth,FALSE,19539,4198650,275000
2026,1337,Ocean township,Monmouth,FALSE,28088,5821851,1560000
2026,1338,Oceanport borough,Monmouth,FALSE,6540,1107310,845000
2026,1339,Hazlet township,Monmouth,FALSE,20743,3253255,0
2026,1340,Red Bank borough,Monmouth,FALSE,12896,3882600,720000
2026,1341,Roosevelt borough,Monmouth,TRUE,807,NA,NA
2026,1342,Rumson borough,Monmouth,FALSE,7157,2904392.5,660000
2026,1343,Sea Bright borough,Monmouth,FALSE,1460,821300,0
2026,1344,Sea Girt borough,Monmouth,FALSE,1874,1332275,100000
2026,1345,Shrewsbury borough,Monmouth,FALSE,4178,1282925,263000
2026,1346,Shrewsbury township,Monmouth,FALSE,1078,196700,26500
2026,1347,Lake Como borough,Monmouth,FALSE,1677,602125,96000
2026,1348,Spring Lake borough,Monmouth,FALSE,2769,2281000,207500
2026,1349,Spring Lake Heights borough,Monmouth,TRUE,4868,NA,NA
2026,1350,Union Beach borough,Monmouth,TRUE,5708,NA,NA
2026,1351,Upper Freehold township,Monmouth,FALSE,7251,446100,45000
2026,1352,Wall township,Monmouth,FALSE,26753,6098850.87,1589000
2026,1353,West Long Branch borough,Monmouth,FALSE,8625,1822020,410000
2026,1401,Boonton town,Morris,FALSE,8920,2173460,582000
2026,1402,Boonton township,Morris,FALSE,4432,1312624,0
2026,1403,Butler borough,Morris,FALSE,8184,2589823,0
2026,1404,Chatham borough,Morris,FALSE,10027,1773470,0
2026,1405,Chatham township,Morris,FALSE,11282,2724939,0
2026,1406,Chester borough,Morris,FALSE,1689,544150,0
2026,1407,Chester township,Morris,FALSE,7795,2115917,1377340
2026,1408,Denville township,Morris,FALSE,17424,4100474.2,775000
2026,1409,Dover town,Morris,FALSE,18919,4157375,0
2026,1410,East Hanover township,Morris,FALSE,11457,3011450,0
2026,1411,Florham Park borough,Morris,FALSE,14456,3506730,0
2026,1412,Hanover township,Morris,FALSE,15105,3828800,605000
2026,1413,Harding township,Morris,FALSE,3949,1161520,102000
2026,1414,Jefferson township,Morris,FALSE,20703,2971398,0
2026,1415,Kinnelon borough,Morris,FALSE,10138,3291466,453000
2026,1416,Lincoln Park borough,Morris,FALSE,10950,3912839,0
2026,1417,Madison borough,Morris,FALSE,16607,6337253,0
2026,1418,Mendham borough,Morris,FALSE,4985,1414135,226000
2026,1419,Mendham township,Morris,FALSE,6075,1707045.47,0
2026,1420,Mine Hill township,Morris,FALSE,4160,609000,0
2026,1421,Montville township,Morris,FALSE,24469,2916807,3795537
2026,1422,Morris township,Morris,FALSE,23730,7421969.29,0
2026,1423,Morris Plains borough,Morris,FALSE,6586,3276579.98,304000
2026,1424,Morristown town,Morris,FALSE,20750,7412676.91380412,0
2026,1425,Mountain Lakes borough,Morris,FALSE,4649,1857560,4900
2026,1426,Mount Arlington borough,Morris,FALSE,5985,1318100,43800
2026,1427,Mount Olive township,Morris,FALSE,29503,3867660,0
2026,1428,Netcong borough,Morris,FALSE,3924,324647,100
2026,1429,Parsippany-Troy Hills township,Morris,FALSE,56633,8758495,2500500
2026,1430,Long Hill township,Morris,FALSE,8684,1610577.78,940916.12
2026,1431,Pequannock township,Morris,FALSE,15750,1159960,0
2026,1432,Randolph township,Morris,FALSE,26878,8377428,37000
2026,1433,Riverdale borough,Morris,FALSE,4144,920660.57,5000
2026,1434,Rockaway borough,Morris,FALSE,6631,1957500,0
2026,1435,Rockaway township,Morris,FALSE,27728,3565108,438571
2026,1436,Roxbury township,Morris,FALSE,23427,6761093,0
2026,1437,Victory Gardens borough,Morris,FALSE,1596,382649,0
2026,1438,Washington township,Morris,FALSE,18309,3142008,0
2026,1439,Wharton borough,Morris,FALSE,7618,681534,0
2026,1501,Barnegat Light borough,Ocean,FALSE,641,286500,405000
2026,1502,Bay Head borough,Ocean,FALSE,968,410500,380500
2026,1503,Beach Haven borough,Ocean,FALSE,1066,1646750,235000
2026,1504,Beachwood borough,Ocean,FALSE,11340,1687773.76,586000
2026,1505,Berkeley township,Ocean,FALSE,45550,5844100,2050000
2026,1506,Brick township,Ocean,FALSE,77402,10562490,2896750
2026,1507,Toms River township,Ocean,FALSE,100899,16361065.96,5466989.59
2026,1508,Eagleswood township,Ocean,FALSE,1851,466401,3200
2026,1509,Harvey Cedars borough,Ocean,FALSE,404,891199,78358.73
2026,1510,Island Heights borough,Ocean,FALSE,1731,432413,100000
2026,1511,Jackson township,Ocean,FALSE,61281,9437850,390000
2026,1512,Lacey township,Ocean,FALSE,30297,7556700,1595550
2026,1513,Lakehurst borough,Ocean,FALSE,2735,417100,135000
2026,1514,Lakewood township,Ocean,TRUE,143765,NA,NA
2026,1515,Lavallette borough,Ocean,FALSE,1869,1523550,180000
2026,1516,Little Egg Harbor township,Ocean,FALSE,21801,2342000,1000000
2026,1517,Long Beach township,Ocean,FALSE,3148,6150000,207000
2026,1518,Manchester township,Ocean,FALSE,46556,4630207.05,0
2026,1519,Mantoloking borough,Ocean,FALSE,341,749245,302500
2026,1520,Ocean township,Ocean,FALSE,9314,803000,1479000
2026,1521,Ocean Gate borough,Ocean,FALSE,2005,127400,275000
2026,1522,Pine Beach borough,Ocean,FALSE,2233,429750,0
2026,1523,Plumsted township,Ocean,FALSE,9991,414860,0
2026,1524,Point Pleasant borough,Ocean,FALSE,19712,3375637,780000
2026,1525,Point Pleasant Beach borough,Ocean,FALSE,4993,2097152.89,289727
2026,1526,Seaside Heights borough,Ocean,FALSE,2549,865100,135000
2026,1527,Seaside Park borough,Ocean,FALSE,2135,1360500,173000
2026,1528,Ship Bottom borough,Ocean,FALSE,1126,747000,729000
2026,1529,South Toms River borough,Ocean,FALSE,3895,534600,12500
2026,1530,Stafford township,Ocean,FALSE,30958,7516700,1765000
2026,1531,Surf City borough,Ocean,FALSE,1305,1100000,195000
2026,1532,Tuckerton borough,Ocean,FALSE,3734,46150,240000
2026,1533,Barnegat township,Ocean,FALSE,26151,4850250,995000
2026,1601,Bloomingdale borough,Passaic,FALSE,7853,2013011,0
2026,1602,Clifton city,Passaic,FALSE,91127,6687501,10760000
2026,1603,Haledon borough,Passaic,TRUE,9125,NA,NA
2026,1604,Hawthorne borough,Passaic,FALSE,20169,3800797,698190
2026,1605,Little Falls township,Passaic,FALSE,15340,2768224,2179800
2026,1606,North Haledon borough,Passaic,FALSE,9089,2697126.67,375000
2026,1607,Passaic city,Passaic,FALSE,71337,9155200,3156000
2026,1608,Paterson city,Passaic,TRUE,161793,NA,NA
2026,1609,Pompton Lakes borough,Passaic,FALSE,11246,2876300,11000
2026,1610,Prospect Park borough,Passaic,TRUE,6450,NA,NA
2026,1611,Ringwood borough,Passaic,FALSE,11853,4426250,0
2026,1612,Totowa borough,Passaic,FALSE,11166,2987765,425000
2026,1613,Wanaque borough,Passaic,FALSE,11418,2136103.41,460000
2026,1614,Wayne township,Passaic,FALSE,54819,15621320,70000
2026,1615,West Milford township,Passaic,FALSE,25216,7273192,0
2026,1616,Woodland Park borough,Passaic,FALSE,13623,1904555.21,2958667
2026,1701,Alloway township,Salem,FALSE,3338,353000,119250
2026,1702,Elmer borough,Salem,FALSE,1376,195034,65700
2026,1703,Elsinboro township,Salem,FALSE,1037,159410,37000
2026,1704,Lower Alloways Creek township,Salem,FALSE,1745,1050000,81000
2026,1705,Mannington township,Salem,FALSE,1495,226300,1530
2026,1706,Oldmans township,Salem,FALSE,1954,171595,86050
2026,1707,Penns Grove borough,Salem,TRUE,4934,NA,NA
2026,1708,Pennsville township,Salem,FALSE,12923,2864500,541000
2026,1709,Pilesgrove township,Salem,FALSE,4280,525235,0
2026,1710,Pittsgrove township,Salem,FALSE,9039,917720,167500
2026,1711,Quinton township,Salem,FALSE,2675,550994,16705
2026,1712,Salem city,Salem,TRUE,5389,NA,NA
2026,1713,Carneys Point township,Salem,FALSE,8766,1157470.61,455700
2026,1714,Upper Pittsgrove township,Salem,FALSE,3545,419310,147500
2026,1715,Woodstown borough,Salem,FALSE,3784,296750,93800
2026,1801,Bedminster township,Somerset,FALSE,8285,1526304.4800000002,0
2026,1802,Bernards township,Somerset,FALSE,28594,5535554,280276
2026,1803,Bernardsville borough,Somerset,FALSE,7966,2225400,190200
2026,1804,Bound Brook borough,Somerset,TRUE,13038,NA,NA
2026,1805,Branchburg township,Somerset,FALSE,15511,2942000,0
2026,1806,Bridgewater township,Somerset,FALSE,46455,4270886.3100000005,0
2026,1807,Far Hills borough,Somerset,FALSE,974,192500,17500
2026,1808,Franklin township,Somerset,FALSE,69105,4436937.22,761387.15
2026,1809,Green Brook township,Somerset,FALSE,7410,944557,0
2026,1810,Hillsborough township,Somerset,FALSE,45061,4046010.25,0
2026,1811,Manville borough,Somerset,FALSE,10932,2554700,0
2026,1812,Millstone borough,Somerset,FALSE,456,108000,0
2026,1813,Montgomery township,Somerset,FALSE,24039,3414640,343000
2026,1814,North Plainfield borough,Somerset,FALSE,22879,2451000,0
2026,1815,Peapack and Gladstone borough,Somerset,FALSE,2587,1255630,89000
2026,1816,Raritan borough,Somerset,FALSE,8516,1995000,0
2026,1817,Rocky Hill borough,Somerset,FALSE,751,502007.68,103000
2026,1818,Somerville borough,Somerset,FALSE,14665,2385500,1440000
2026,1819,South Bound Brook borough,Somerset,FALSE,4926,396278.689,443767.16
2026,1820,Warren township,Somerset,FALSE,17753,4212600,0
2026,1821,Watchung borough,Somerset,FALSE,6583,1549100,0
2026,1901,Andover borough,Sussex,FALSE,614,18000,0
2026,1902,Andover township,Sussex,FALSE,5721,1337550,804000
2026,1903,Branchville borough,Sussex,FALSE,809,402494.06,0
2026,1904,Byram township,Sussex,FALSE,8249,2121200,1072200
2026,1905,Frankford township,Sussex,FALSE,5368,1475000,17000
2026,1906,Franklin borough,Sussex,FALSE,5083,730543,545083
2026,1907,Fredon township,Sussex,FALSE,3332,1128685,0
2026,1908,Green township,Sussex,FALSE,3715,802380,525000
2026,1909,Hamburg borough,Sussex,FALSE,3345,226350,0
2026,1910,Hampton township,Sussex,FALSE,4989,1841505,0
2026,1911,Hardyston township,Sussex,FALSE,8541,1330688.78,0
2026,1912,Hopatcong borough,Sussex,FALSE,14824,2793000,2108004
2026,1913,Lafayette township,Sussex,FALSE,2417,553300,0
2026,1914,Montague township,Sussex,FALSE,3896,564400,0
2026,1915,Newton town,Sussex,FALSE,8486,1497346,400
2026,1916,Ogdensburg borough,Sussex,FALSE,2319,265000,265002
2026,1917,Sandyston township,Sussex,FALSE,2032,274000,0
2026,1918,Sparta township,Sussex,FALSE,20431,3424120,0
2026,1919,Stanhope borough,Sussex,FALSE,3614,977465,0
2026,1920,Stillwater township,Sussex,FALSE,4072,1074950,0
2026,1921,Sussex borough,Sussex,FALSE,2079,308500,0
2026,1922,Vernon township,Sussex,FALSE,22965,3852440,0
2026,1923,Walpack township,Sussex,TRUE,8,NA,NA
2026,1924,Wantage township,Sussex,FALSE,11154,1313033,0
2026,2001,Berkeley Heights township,Union,FALSE,15140,5556994,0
2026,2002,Clark township,Union,FALSE,16418,2121709,0
2026,2003,Cranford township,Union,FALSE,24725,4220547,0
2026,2004,Elizabeth city,Union,FALSE,141675,19978773,12850000
2026,2005,Fanwood borough,Union,FALSE,8035,1200650,0
2026,2006,Garwood borough,Union,FALSE,5390,1095775,329000
2026,2007,Hillside township,Union,TRUE,22860,NA,NA
2026,2008,Kenilworth borough,Union,FALSE,8602,2053614,0
2026,2009,Linden city,Union,FALSE,45752,11852692,93500
2026,2010,Mountainside borough,Union,FALSE,7346,1280000,1130000
2026,2011,New Providence borough,Union,FALSE,14092,1999911,3124889
2026,2012,Plainfield city,Union,TRUE,57141,NA,NA
2026,2013,Rahway city,Union,TRUE,31010,NA,NA
2026,2014,Roselle borough,Union,TRUE,23261,NA,NA
2026,2015,Roselle Park borough,Union,FALSE,15603,2604356,0
2026,2016,Scotch Plains township,Union,FALSE,25437,3519642.67,0
2026,2017,Springfield township,Union,FALSE,18342,4746720,712500
2026,2018,Summit city,Union,FALSE,23314,6123709,589398
2026,2019,Union township,Union,TRUE,63675,NA,NA
2026,2020,Westfield town,Union,FALSE,32595,6667144,200000
2026,2021,Winfield township,Union,FALSE,1450,77530,0
2026,2101,Allamuchy township,Warren,FALSE,5484,714251,0
2026,2102,Alpha borough,Warren,FALSE,2362,656150,0
2026,2103,Belvidere town,Warren,FALSE,2551,455450,1500
2026,2104,Blairstown township,Warren,FALSE,5815,825150,0
2026,2105,Franklin township,Warren,FALSE,3049,643910,12658.81
2026,2106,Frelinghuysen township,Warren,FALSE,2239,343900,0
2026,2107,Greenwich township,Warren,FALSE,5726,565198.69,0
2026,2108,Hackettstown town,Warren,FALSE,10185,1139753,0
2026,2109,Hardwick township,Warren,FALSE,1635,442402,0
2026,2110,Harmony township,Warren,FALSE,2542,614000,5630
2026,2111,Hope township,Warren,FALSE,1875,306440,0
2026,2112,Independence township,Warren,FALSE,5666,570800,3000
2026,2113,Knowlton township,Warren,FALSE,2947,614076,0
2026,2114,Liberty township,Warren,FALSE,2701,775121.98,0
2026,2115,Lopatcong township,Warren,FALSE,9537,1017694,0
2026,2116,Mansfield township,Warren,FALSE,7996,859500,3100
2026,2117,Oxford township,Warren,FALSE,2469,496500,0
2026,2119,Phillipsburg town,Warren,FALSE,15456,2688950,651000
2026,2120,Pohatcong township,Warren,FALSE,3578,648371,0
2026,2121,Washington borough,Warren,FALSE,7326,821649.04,0
2026,2122,Washington township,Warren,FALSE,7108,1253900,4000
2026,2123,White township,Warren,FALSE,4706,531500,0
